Exp,Run_RNA,Run_epi,BC_RNA,BC_epi,Well,CD24_Brilliant Violet 421-A-Compensated,CD49f_PE-Cy7-A-Compensated,Live_dead_PE-A-Compensated,Lin_APC-A-Compensated,Plate,facs_phenotype
exp1,D1888,L539,D1888T0001,L539C001,A1,122825.8,5491.648,732.3869,313.2628,CreN_8724_pl1,luminal
exp1,D1888,L539,D1888T0002,L539C002,B1,31815.06,16758.58,540.3264,83.4467,CreN_8724_pl1,basal
exp1,D1888,L539,D1888T0003,L539C003,C1,22536.13,15425.34,214.6836,71.96478,CreN_8724_pl1,basal
exp1,D1888,L539,D1888T0004,L539C004,D1,18546.64,34633.45,301.3788,-6.604877,CreN_8724_pl1,basal
exp1,D1888,L539,D1888T0005,L539C005,E1,57575.13,30584.71,99.22392,231.4041,CreN_8724_pl1,basal
exp1,D1888,L539,D1888T0006,L539C006,F1,45938.36,19218.35,575.4016,262.5641,CreN_8724_pl1,basal
exp1,D1888,L539,D1888T0007,L539C007,G1,26765.97,21642.33,202.0648,60.47259,CreN_8724_pl1,basal
exp1,D1888,L539,D1888T0008,L539C008,H1,80716.85,1398.587,450.1237,577.0625,CreN_8724_pl1,luminal
exp1,D1888,L539,D1888T0009,L539C009,I1,12536.84,16305.25,430.3482,290.098,CreN_8724_pl1,basal
exp1,D1888,L539,D1888T0010,L539C010,J1,35480.03,18029.25,236.3291,132.6753,CreN_8724_pl1,basal
exp1,D1888,L539,D1888T0011,L539C011,K1,30567.87,30007.63,-355.3891,255.5066,CreN_8724_pl1,basal
exp1,D1888,L539,D1888T0012,L539C012,L1,16283.35,14295.45,-23.39477,142.0526,CreN_8724_pl1,basal
exp1,D1888,L539,D1888T0013,L539C013,M1,41434.12,14653.59,370.9268,-12.98826,CreN_8724_pl1,basal
exp1,D1888,L539,D1888T0014,L539C014,N1,214875,11455.85,626.5605,415.4895,CreN_8724_pl1,luminal
exp1,D1888,L539,D1888T0015,L539C015,O1,72881.66,16986.54,89.37869,283.0386,CreN_8724_pl1,basal
exp1,D1888,L539,D1888T0016,L539C016,P1,43785.93,66165.33,1349.973,1137.452,CreN_8724_pl1,basal
exp1,D1888,L539,D1888T0017,L539C017,A2,49571.53,4139.685,251.184,-8.08307,CreN_8724_pl1,luminal
exp1,D1888,L539,D1888T0018,L539C018,B2,32726.76,9518.075,340.0039,3117.475,CreN_8724_pl1,basal
exp1,D1888,L539,D1888T0019,L539C019,C2,27340.89,31122.38,601.3547,551.9563,CreN_8724_pl1,basal
exp1,D1888,L539,D1888T0020,L539C020,D2,65228.55,2859.037,690.9997,212.3644,CreN_8724_pl1,luminal
exp1,D1888,L539,D1888T0021,L539C021,E2,24304.03,31361.73,1375.896,2615.647,CreN_8724_pl1,basal
exp1,D1888,L539,D1888T0022,L539C022,F2,81163.31,20403.89,107.9405,321.7445,CreN_8724_pl1,basal
exp1,D1888,L539,D1888T0023,L539C023,G2,103180.7,2689.109,378.8014,323.447,CreN_8724_pl1,luminal
exp1,D1888,L539,D1888T0024,L539C024,H2,97409.84,2451.246,-65.15778,128.5052,CreN_8724_pl1,luminal
exp1,D1888,L539,D1888T0025,L539C025,I2,62401.8,2756.482,355.0656,124.1552,CreN_8724_pl1,luminal
exp1,D1888,L539,D1888T0026,L539C026,J2,23778.85,27750.09,437.8,75.03403,CreN_8724_pl1,basal
exp1,D1888,L539,D1888T0027,L539C027,K2,44113.84,13227.11,140.0332,235.7782,CreN_8724_pl1,basal
exp1,D1888,L539,D1888T0028,L539C028,L2,98951,4889.25,-11.42672,167.6088,CreN_8724_pl1,luminal
exp1,D1888,L539,D1888T0029,L539C029,M2,48904.71,8930.064,538.6829,204.2419,CreN_8724_pl1,luminal
exp1,D1888,L539,D1888T0030,L539C030,N2,99094.91,6879.111,261.9198,106.8386,CreN_8724_pl1,luminal
exp1,D1888,L539,D1888T0031,L539C031,O2,6876.456,15685.42,-81.77937,243.5131,CreN_8724_pl1,basal
exp1,D1888,L539,D1888T0032,L539C032,P2,22897.03,11495.58,-161.3233,118.8845,CreN_8724_pl1,basal
exp1,D1888,L539,D1888T0033,L539C033,A3,10807.66,10965.96,46.3508,2753.477,CreN_8724_pl1,basal
exp1,D1888,L539,D1888T0034,L539C034,B3,78285.81,16893.8,243.7716,82.80235,CreN_8724_pl1,basal
exp1,D1888,L539,D1888T0035,L539C035,C3,51228.91,25937.72,470.8887,386.8267,CreN_8724_pl1,basal
exp1,D1888,L539,D1888T0036,L539C036,D3,30404.79,31555.02,-373.5451,349.1803,CreN_8724_pl1,basal
exp1,D1888,L539,D1888T0037,L539C037,E3,31142,29759.39,571.6935,596.2183,CreN_8724_pl1,basal
exp1,D1888,L539,D1888T0038,L539C038,F3,22640.56,21093.53,615.9578,278.914,CreN_8724_pl1,basal
exp1,D1888,L539,D1888T0039,L539C039,G3,94026.91,33663.86,357.3032,153.7173,CreN_8724_pl1,basal
exp1,D1888,L539,D1888T0040,L539C040,H3,26342.49,30378.76,579.4652,3.556751,CreN_8724_pl1,basal
exp1,D1888,L539,D1888T0041,L539C041,I3,108426.5,4547.41,106.995,-48.20453,CreN_8724_pl1,luminal
exp1,D1888,L539,D1888T0042,L539C042,J3,122840.9,3621.674,350.9768,306.14,CreN_8724_pl1,luminal
exp1,D1888,L539,D1888T0043,L539C043,K3,14232.02,16657.64,296.3828,263.7211,CreN_8724_pl1,basal
exp1,D1888,L539,D1888T0044,L539C044,L3,36655.55,15102.42,284.8181,62.51954,CreN_8724_pl1,basal
exp1,D1888,L539,D1888T0045,L539C045,M3,46963.47,1545.613,18.2999,225.6969,CreN_8724_pl1,luminal
exp1,D1888,L539,D1888T0046,L539C046,N3,48990.98,25471.88,288.0307,362.2216,CreN_8724_pl1,basal
exp1,D1888,L539,D1888T0047,L539C047,O3,67777.08,3965.907,100.3862,156.9162,CreN_8724_pl1,luminal
exp1,D1888,L539,D1888T0048,L539C048,P3,30825.35,27119.06,409.5321,318.2264,CreN_8724_pl1,basal
exp1,D1888,L539,D1888T0049,L539C049,A4,15349.59,16862.15,-34.24215,133.8771,CreN_8724_pl1,basal
exp1,D1888,L539,D1888T0050,L539C050,B4,58648.41,19539.57,244.863,406.468,CreN_8724_pl1,basal
exp1,D1888,L539,D1888T0051,L539C051,C4,49495.86,28306.41,269.7695,122.9658,CreN_8724_pl1,basal
exp1,D1888,L539,D1888T0052,L539C052,D4,41584.83,43463.69,530.7983,249.2535,CreN_8724_pl1,basal
exp1,D1888,L539,D1888T0053,L539C053,E4,48172.62,28556.6,162.9957,287.3163,CreN_8724_pl1,basal
exp1,D1888,L539,D1888T0054,L539C054,F4,17615.74,12750.79,15.19225,220.4249,CreN_8724_pl1,basal
exp1,D1888,L539,D1888T0055,L539C055,G4,68772.79,16605.36,526.1078,294.9503,CreN_8724_pl1,basal
exp1,D1888,L539,D1888T0056,L539C056,H4,17720.82,19240.76,285.8333,940.8668,CreN_8724_pl1,basal
exp1,D1888,L539,D1888T0057,L539C057,I4,45507.59,10624.25,370.3871,231.5303,CreN_8724_pl1,basal
exp1,D1888,L539,D1888T0058,L539C058,J4,26661.56,22386.85,134.5449,99.31255,CreN_8724_pl1,basal
exp1,D1888,L539,D1888T0059,L539C059,K4,35654.18,15732.05,60.13807,113.7342,CreN_8724_pl1,basal
exp1,D1888,L539,D1888T0060,L539C060,L4,6890.988,24607.95,476.3748,58.57936,CreN_8724_pl1,basal
exp1,D1888,L539,D1888T0061,L539C061,M4,47801.64,35303.12,266.9401,151.5639,CreN_8724_pl1,basal
exp1,D1888,L539,D1888T0062,L539C062,N4,282356.7,37401.46,789.8732,592.2739,CreN_8724_pl1,basal
exp1,D1888,L539,D1888T0063,L539C063,O4,42906.95,24604.85,74.92482,156.1865,CreN_8724_pl1,basal
exp1,D1888,L539,D1888T0064,L539C064,P4,116126.8,3863.488,204.5331,250.4395,CreN_8724_pl1,luminal
exp1,D1888,L539,D1888T0065,L539C065,A5,42132,19314.84,-139.3674,231.5253,CreN_8724_pl1,basal
exp1,D1888,L539,D1888T0066,L539C066,B5,13882.36,11200.02,188.6189,65.2728,CreN_8724_pl1,basal
exp1,D1888,L539,D1888T0067,L539C067,C5,150835.9,7025.497,-361.0834,148.5081,CreN_8724_pl1,luminal
exp1,D1888,L539,D1888T0068,L539C068,D5,19231.78,20659.29,395.5535,208.5148,CreN_8724_pl1,basal
exp1,D1888,L539,D1888T0069,L539C069,E5,8122.923,10417.15,209.6014,150.32,CreN_8724_pl1,basal
exp1,D1888,L539,D1888T0070,L539C070,F5,38934.66,33536.14,429.9572,331.9917,CreN_8724_pl1,basal
exp1,D1888,L539,D1888T0071,L539C071,G5,154875.3,4513.161,-22.37458,242.7985,CreN_8724_pl1,luminal
exp1,D1888,L539,D1888T0072,L539C072,H5,46427.41,34398.94,117.8375,97.26657,CreN_8724_pl1,basal
exp1,D1888,L539,D1888T0073,L539C073,I5,81182.38,21402.26,237.4368,102.9389,CreN_8724_pl1,basal
exp1,D1888,L539,D1888T0074,L539C074,J5,18108.91,22519.54,-31.09087,346.7173,CreN_8724_pl1,basal
exp1,D1888,L539,D1888T0075,L539C075,K5,43165.59,2782.198,381.6173,430.1949,CreN_8724_pl1,luminal
exp1,D1888,L539,D1888T0076,L539C076,L5,122070.6,5428.043,-433.7396,326.9269,CreN_8724_pl1,luminal
exp1,D1888,L539,D1888T0077,L539C077,M5,14729.12,22774.49,363.8014,10.18978,CreN_8724_pl1,basal
exp1,D1888,L539,D1888T0078,L539C078,N5,21251.13,30937.71,301.9034,35.84956,CreN_8724_pl1,basal
exp1,D1888,L539,D1888T0079,L539C079,O5,48614.73,19641.66,335.8321,-49.60019,CreN_8724_pl1,basal
exp1,D1888,L539,D1888T0080,L539C080,P5,85744.84,6158.04,492.9102,183.9552,CreN_8724_pl1,luminal
exp1,D1888,L539,D1888T0081,L539C081,A6,117664.8,3417.54,272.545,97.57284,CreN_8724_pl1,luminal
exp1,D1888,L539,D1888T0082,L539C082,B6,22352.05,24246.33,27.69034,268.8614,CreN_8724_pl1,basal
exp1,D1888,L539,D1888T0083,L539C083,C6,111698.5,7797.141,295.0177,140.5063,CreN_8724_pl1,luminal
exp1,D1888,L539,D1888T0084,L539C084,D6,16125.11,23156.15,-29.46085,217.6839,CreN_8724_pl1,basal
exp1,D1888,L539,D1888T0085,L539C085,E6,19828.36,27144.37,-74.0044,84.48866,CreN_8724_pl1,basal
exp1,D1888,L539,D1888T0086,L539C086,F6,39232.98,10627.81,-238.8989,273.953,CreN_8724_pl1,basal
exp1,D1888,L539,D1888T0087,L539C087,G6,65452.26,23729.68,322.3,241.8751,CreN_8724_pl1,basal
exp1,D1888,L539,D1888T0088,L539C088,H6,58888.34,36382.25,526.467,157.3681,CreN_8724_pl1,basal
exp1,D1888,L539,D1888T0089,L539C089,I6,30280.29,28914.68,712.068,327.0528,CreN_8724_pl1,basal
exp1,D1888,L539,D1888T0090,L539C090,J6,42375.89,14596.71,567.0897,277.7253,CreN_8724_pl1,basal
exp1,D1888,L539,D1888T0091,L539C091,K6,44405.86,2516.703,-34.88955,204.6127,CreN_8724_pl1,luminal
exp1,D1888,L539,D1888T0092,L539C092,L6,22989.81,31741.09,549.4364,405.0704,CreN_8724_pl1,basal
exp1,D1888,L539,D1888T0093,L539C093,M6,13573.52,16449.91,85.3346,201.4355,CreN_8724_pl1,basal
exp1,D1888,L539,D1888T0094,L539C094,N6,27701.59,10719.21,498.5114,108.7541,CreN_8724_pl1,basal
exp1,D1888,L539,D1888T0095,L539C095,O6,46131.67,3315.928,114.3941,466.1142,CreN_8724_pl1,luminal
exp1,D1888,L539,D1888T0096,L539C096,P6,26192.47,20009.46,-248.4122,173.5588,CreN_8724_pl1,basal
exp1,D1888,L539,D1888T0097,L539C097,A7,13430.95,12689.13,-91.66756,248.929,CreN_8724_pl1,basal
exp1,D1888,L539,D1888T0098,L539C098,B7,15353.47,8072.165,305.6657,22.34289,CreN_8724_pl1,basal
exp1,D1888,L539,D1888T0099,L539C099,C7,103600.2,3062.825,228.2377,81.65623,CreN_8724_pl1,luminal
exp1,D1888,L539,D1888T0100,L539C100,D7,17756.75,27617.63,139.2058,314.6142,CreN_8724_pl1,basal
exp1,D1888,L539,D1888T0101,L539C101,E7,37210.89,26678.71,247.468,192.2396,CreN_8724_pl1,basal
exp1,D1888,L539,D1888T0102,L539C102,F7,22528.08,27957.42,447.923,344.2204,CreN_8724_pl1,basal
exp1,D1888,L539,D1888T0103,L539C103,G7,36291.07,19778.03,-127.6465,274.6241,CreN_8724_pl1,basal
exp1,D1888,L539,D1888T0104,L539C104,H7,35234.98,5193.207,791.2015,318.109,CreN_8724_pl1,luminal
exp1,D1888,L539,D1888T0105,L539C105,I7,25631.16,16856.28,498.4044,-23.39355,CreN_8724_pl1,basal
exp1,D1888,L539,D1888T0106,L539C106,J7,43294.33,40211.84,153.014,256.284,CreN_8724_pl1,basal
exp1,D1888,L539,D1888T0107,L539C107,K7,16504.4,29376.87,-261.2908,-59.99161,CreN_8724_pl1,basal
exp1,D1888,L539,D1888T0108,L539C108,L7,38572.13,39824.75,434.4068,511.4257,CreN_8724_pl1,basal
exp1,D1888,L539,D1888T0109,L539C109,M7,174375.7,1666.026,240.8868,440.5143,CreN_8724_pl1,luminal
exp1,D1888,L539,D1888T0110,L539C110,N7,25560.29,23802.49,251.905,75.53843,CreN_8724_pl1,basal
exp1,D1888,L539,D1888T0111,L539C111,O7,95787.96,4073.511,-149.8025,257.213,CreN_8724_pl1,luminal
exp1,D1888,L539,D1888T0112,L539C112,P7,43962.79,18934.91,850.6794,248.9294,CreN_8724_pl1,basal
exp1,D1888,L539,D1888T0113,L539C113,A8,21042.65,25365.09,806.5086,279.2874,CreN_8724_pl1,basal
exp1,D1888,L539,D1888T0114,L539C114,B8,117569,5659.658,115.7292,173.3346,CreN_8724_pl1,luminal
exp1,D1888,L539,D1888T0115,L539C115,C8,40647.54,14573.81,139.885,444.4547,CreN_8724_pl1,basal
exp1,D1888,L539,D1888T0116,L539C116,D8,40330.93,23011.46,529.6439,84.50726,CreN_8724_pl1,basal
exp1,D1888,L539,D1888T0117,L539C117,E8,178900.2,4034.856,436.8442,386.2242,CreN_8724_pl1,luminal
exp1,D1888,L539,D1888T0118,L539C118,F8,82512.52,4700.438,610.6998,294.3251,CreN_8724_pl1,luminal
exp1,D1888,L539,D1888T0119,L539C119,G8,39589.43,28754.54,60.83957,162.3165,CreN_8724_pl1,basal
exp1,D1888,L539,D1888T0120,L539C120,H8,55521.21,18362.94,21.21932,391.6639,CreN_8724_pl1,basal
exp1,D1888,L539,D1888T0121,L539C121,I8,18776.54,14507.99,428.0046,268.0145,CreN_8724_pl1,basal
exp1,D1888,L539,D1888T0122,L539C122,J8,161865.9,8266.896,387.4704,219.1407,CreN_8724_pl1,luminal
exp1,D1888,L539,D1888T0123,L539C123,K8,43899.63,10178.26,218.6575,261.6209,CreN_8724_pl1,basal
exp1,D1888,L539,D1888T0124,L539C124,L8,25956.29,27091.37,432.98,98.23532,CreN_8724_pl1,basal
exp1,D1888,L539,D1888T0125,L539C125,M8,16640.32,27025.47,453.2253,290.374,CreN_8724_pl1,basal
exp1,D1888,L539,D1888T0126,L539C126,N8,155453.1,6752.691,158.1632,344.0047,CreN_8724_pl1,luminal
exp1,D1888,L539,D1888T0127,L539C127,O8,63730.35,4159.354,46.62278,-46.50689,CreN_8724_pl1,luminal
exp1,D1888,L539,D1888T0128,L539C128,P8,39879.89,30929.59,1123.881,249.9736,CreN_8724_pl1,basal
exp1,D1888,L539,D1888T0129,L539C129,A9,23310.67,17816.98,192.1875,195.3884,CreN_8724_pl1,basal
exp1,D1888,L539,D1888T0130,L539C130,B9,38388.52,30858.54,701.8267,191.1937,CreN_8724_pl1,basal
exp1,D1888,L539,D1888T0131,L539C131,C9,86609.44,31132.7,168.1504,230.6035,CreN_8724_pl1,basal
exp1,D1888,L539,D1888T0132,L539C132,D9,33928.24,27705.63,19.31228,300.7466,CreN_8724_pl1,basal
exp1,D1888,L539,D1888T0133,L539C133,E9,36983.82,23977.07,333.3318,200.9053,CreN_8724_pl1,basal
exp1,D1888,L539,D1888T0134,L539C134,F9,132041.9,4964.108,550.7128,304.0608,CreN_8724_pl1,luminal
exp1,D1888,L539,D1888T0135,L539C135,G9,25083.48,27065.85,358.8286,264.5556,CreN_8724_pl1,basal
exp1,D1888,L539,D1888T0136,L539C136,H9,110676.3,8738.225,461.8895,259.8528,CreN_8724_pl1,luminal
exp1,D1888,L539,D1888T0137,L539C137,I9,51729.31,23548.55,631.1486,181.0301,CreN_8724_pl1,basal
exp1,D1888,L539,D1888T0138,L539C138,J9,33844.08,8997.988,142.3805,105.1762,CreN_8724_pl1,basal
exp1,D1888,L539,D1888T0139,L539C139,K9,29705.56,13152.94,206.5275,225.8593,CreN_8724_pl1,basal
exp1,D1888,L539,D1888T0140,L539C140,L9,112410.8,6518.497,246.9621,284.2908,CreN_8724_pl1,luminal
exp1,D1888,L539,D1888T0141,L539C141,M9,94730.95,4785.61,-25.08178,130.063,CreN_8724_pl1,luminal
exp1,D1888,L539,D1888T0142,L539C142,N9,114691.6,3911.409,756.1225,511.8919,CreN_8724_pl1,luminal
exp1,D1888,L539,D1888T0143,L539C143,O9,46417.22,21560.84,-76.01476,131.4415,CreN_8724_pl1,basal
exp1,D1888,L539,D1888T0144,L539C144,P9,28024.76,21459.69,558.5981,352.3867,CreN_8724_pl1,basal
exp1,D1888,L539,D1888T0145,L539C145,A10,21005.65,18086.61,-41.85137,111.8153,CreN_8724_pl1,basal
exp1,D1888,L539,D1888T0146,L539C146,B10,18044.88,8199.761,37.32975,139.5027,CreN_8724_pl1,basal
exp1,D1888,L539,D1888T0147,L539C147,C10,9089.017,17766.91,193.5171,208.406,CreN_8724_pl1,basal
exp1,D1888,L539,D1888T0148,L539C148,D10,168064.1,4195.612,56.34555,142.5419,CreN_8724_pl1,luminal
exp1,D1888,L539,D1888T0149,L539C149,E10,36706.45,21633.47,466.8757,29.04642,CreN_8724_pl1,basal
exp1,D1888,L539,D1888T0150,L539C150,F10,37265.19,35021.8,40.61862,429.391,CreN_8724_pl1,basal
exp1,D1888,L539,D1888T0151,L539C151,G10,39509.36,18094.68,22.02664,118.6547,CreN_8724_pl1,basal
exp1,D1888,L539,D1888T0152,L539C152,H10,33954,19948.66,1477.148,293.8965,CreN_8724_pl1,basal
exp1,D1888,L539,D1888T0153,L539C153,I10,62008.2,13511.9,196.7697,494.6683,CreN_8724_pl1,basal
exp1,D1888,L539,D1888T0154,L539C154,J10,13050.24,12526.03,-92.44923,17.55961,CreN_8724_pl1,basal
exp1,D1888,L539,D1888T0155,L539C155,K10,29655.43,28879.75,462.7166,151.0715,CreN_8724_pl1,basal
exp1,D1888,L539,D1888T0156,L539C156,L10,148355,6406.527,-10.28806,216.6937,CreN_8724_pl1,luminal
exp1,D1888,L539,D1888T0157,L539C157,M10,23055.38,21176.27,312.6736,53.55161,CreN_8724_pl1,basal
exp1,D1888,L539,D1888T0158,L539C158,N10,10635.6,25629.9,-112.5221,141.9609,CreN_8724_pl1,basal
exp1,D1888,L539,D1888T0159,L539C159,O10,15407.06,17748.7,178.0206,132.9555,CreN_8724_pl1,basal
exp1,D1888,L539,D1888T0160,L539C160,P10,96677.87,3066.245,601.9374,140.5946,CreN_8724_pl1,luminal
exp1,D1888,L539,D1888T0161,L539C161,A11,9476.622,21157.11,485.6086,75.57372,CreN_8724_pl1,basal
exp1,D1888,L539,D1888T0162,L539C162,B11,33760.98,15684.29,-55.31535,90.91848,CreN_8724_pl1,basal
exp1,D1888,L539,D1888T0163,L539C163,C11,169215.3,4637.484,-161.7185,195.6981,CreN_8724_pl1,luminal
exp1,D1888,L539,D1888T0164,L539C164,D11,124421.3,2585.931,314.5206,227.0875,CreN_8724_pl1,luminal
exp1,D1888,L539,D1888T0165,L539C165,E11,40520.13,21539.81,360.16,276.137,CreN_8724_pl1,basal
exp1,D1888,L539,D1888T0166,L539C166,F11,46552.11,17775.01,367.3726,199.8981,CreN_8724_pl1,basal
exp1,D1888,L539,D1888T0167,L539C167,G11,23527.94,13327.94,446.2589,88.24818,CreN_8724_pl1,basal
exp1,D1888,L539,D1888T0168,L539C168,H11,29062.84,21891.81,152.5513,178.9311,CreN_8724_pl1,basal
exp1,D1888,L539,D1888T0169,L539C169,I11,35767.14,29011.56,845.4692,143.1528,CreN_8724_pl1,basal
exp1,D1888,L539,D1888T0170,L539C170,J11,81140.63,4156.027,660.4456,264.3127,CreN_8724_pl1,luminal
exp1,D1888,L539,D1888T0171,L539C171,K11,17649.57,25576.31,619.1404,42.83848,CreN_8724_pl1,basal
exp1,D1888,L539,D1888T0172,L539C172,L11,116600.5,2014.451,-222.9944,115.7551,CreN_8724_pl1,luminal
exp1,D1888,L539,D1888T0173,L539C173,M11,127905.8,2921.268,434.3856,278.6908,CreN_8724_pl1,luminal
exp1,D1888,L539,D1888T0174,L539C174,N11,34299.55,21354.06,386.2699,250.0468,CreN_8724_pl1,basal
exp1,D1888,L539,D1888T0175,L539C175,O11,33252.93,13945.33,421.7682,139.9637,CreN_8724_pl1,basal
exp1,D1888,L539,D1888T0176,L539C176,P11,26100.6,14018.38,239.2472,216.7456,CreN_8724_pl1,basal
exp1,D1888,L539,D1888T0177,L539C177,A12,56711.37,1551.141,-95.75092,100.3178,CreN_8724_pl1,luminal
exp1,D1888,L539,D1888T0178,L539C178,B12,27409.46,27188.55,563.1067,26.82394,CreN_8724_pl1,basal
exp1,D1888,L539,D1888T0179,L539C179,C12,92190.47,2102.621,299.9926,5.124687,CreN_8724_pl1,luminal
exp1,D1888,L539,D1888T0180,L539C180,D12,18319.7,15182.57,608.3492,234.0796,CreN_8724_pl1,basal
exp1,D1888,L539,D1888T0181,L539C181,E12,136007.6,6618.089,250.2144,142.5779,CreN_8724_pl1,luminal
exp1,D1888,L539,D1888T0182,L539C182,F12,53432.13,33815.48,-20.43368,72.8987,CreN_8724_pl1,basal
exp1,D1888,L539,D1888T0183,L539C183,G12,19567.73,23772.38,497.5573,193.024,CreN_8724_pl1,basal
exp1,D1888,L539,D1888T0184,L539C184,H12,145391.6,5008.795,333.7502,334.0164,CreN_8724_pl1,luminal
exp1,D1888,L539,D1888T0185,L539C185,I12,94834.3,4589.793,1.576499,356.7444,CreN_8724_pl1,luminal
exp1,D1888,L539,D1888T0186,L539C186,J12,13179.66,15133.96,281.1555,154.7144,CreN_8724_pl1,basal
exp1,D1888,L539,D1888T0187,L539C187,K12,31845.63,43863.49,-351.0891,371.5946,CreN_8724_pl1,basal
exp1,D1888,L539,D1888T0188,L539C188,L12,123904.9,4709.034,319.9864,151.223,CreN_8724_pl1,luminal
exp1,D1888,L539,D1888T0189,L539C189,M12,109958.7,2165.298,621.1803,76.69653,CreN_8724_pl1,luminal
exp1,D1888,L539,D1888T0190,L539C190,N12,15080.78,20377.07,328.7615,129.6389,CreN_8724_pl1,basal
exp1,D1888,L539,D1888T0191,L539C191,O12,16326.57,15750.02,485.9011,381.9725,CreN_8724_pl1,basal
exp1,D1888,L539,D1888T0192,L539C192,P12,80466.32,2153.599,582.2011,403.2094,CreN_8724_pl1,luminal
exp1,D1888,L539,D1888T0193,L539C193,A13,101294.1,9847.286,302.9747,330.5361,CreN_8724_pl1,luminal
exp1,D1888,L539,D1888T0194,L539C194,B13,35435.54,20729.28,579.4822,677.8615,CreN_8724_pl1,basal
exp1,D1888,L539,D1888T0195,L539C195,C13,15410.43,28820.01,44.93761,349.8291,CreN_8724_pl1,basal
exp1,D1888,L539,D1888T0196,L539C196,D13,51097.2,6778.527,774.0744,-41.7007,CreN_8724_pl1,luminal
exp1,D1888,L539,D1888T0197,L539C197,E13,133830.2,8839.436,293.8616,88.22023,CreN_8724_pl1,luminal
exp1,D1888,L539,D1888T0198,L539C198,F13,217835.7,1639.051,430.2423,519.1519,CreN_8724_pl1,luminal
exp1,D1888,L539,D1888T0199,L539C199,G13,84485.53,28580.94,533.3564,2.075121,CreN_8724_pl1,basal
exp1,D1888,L539,D1888T0200,L539C200,H13,91800.13,2082.455,1089.329,285.7465,CreN_8724_pl1,luminal
exp1,D1888,L539,D1888T0201,L539C201,I13,39403.71,21083.21,608.3342,326.8524,CreN_8724_pl1,basal
exp1,D1888,L539,D1888T0202,L539C202,J13,23819.7,29238.51,-527.4831,232.5766,CreN_8724_pl1,basal
exp1,D1888,L539,D1888T0203,L539C203,K13,28966.6,29387.7,607.4626,169.7982,CreN_8724_pl1,basal
exp1,D1888,L539,D1888T0204,L539C204,L13,106126.5,3148.33,293.7973,199.4873,CreN_8724_pl1,luminal
exp1,D1888,L539,D1888T0205,L539C205,M13,34231.8,14683.24,-221.9635,33.60425,CreN_8724_pl1,basal
exp1,D1888,L539,D1888T0206,L539C206,N13,29221.75,30511.02,280.6031,92.63995,CreN_8724_pl1,basal
exp1,D1888,L539,D1888T0207,L539C207,O13,20898.42,39944.74,513.4929,187.2049,CreN_8724_pl1,basal
exp1,D1888,L539,D1888T0208,L539C208,P13,31339.29,19270.44,546.1949,311.8297,CreN_8724_pl1,basal
exp1,D1888,L539,D1888T0209,L539C209,A14,11342.24,24096.47,-114.4586,116.4061,CreN_8724_pl1,basal
exp1,D1888,L539,D1888T0210,L539C210,B14,23428.11,29413.54,794.0164,308.2103,CreN_8724_pl1,basal
exp1,D1888,L539,D1888T0211,L539C211,C14,157539.4,8567.509,568.5106,281.7363,CreN_8724_pl1,luminal
exp1,D1888,L539,D1888T0212,L539C212,D14,134824.7,10940.5,103.4731,165.3037,CreN_8724_pl1,luminal
exp1,D1888,L539,D1888T0213,L539C213,E14,31654.73,20108.63,-300.4148,106.6782,CreN_8724_pl1,basal
exp1,D1888,L539,D1888T0214,L539C214,F14,91536.92,6751.249,453.0002,146.1536,CreN_8724_pl1,luminal
exp1,D1888,L539,D1888T0215,L539C215,G14,35634.17,26610.41,622.1104,207.8466,CreN_8724_pl1,basal
exp1,D1888,L539,D1888T0216,L539C216,H14,41246.4,2694.213,530.9424,151.0975,CreN_8724_pl1,luminal
exp1,D1888,L539,D1888T0217,L539C217,I14,31813.43,17422.28,296.0595,187.7563,CreN_8724_pl1,basal
exp1,D1888,L539,D1888T0218,L539C218,J14,36850.15,39787.9,466.3628,149.8783,CreN_8724_pl1,basal
exp1,D1888,L539,D1888T0219,L539C219,K14,40618.13,21033.56,543.2144,136.3329,CreN_8724_pl1,basal
exp1,D1888,L539,D1888T0220,L539C220,L14,14323.15,40292.3,-347.6071,671.1222,CreN_8724_pl1,basal
exp1,D1888,L539,D1888T0221,L539C221,M14,32689.18,16278.04,568.0364,103.0076,CreN_8724_pl1,basal
exp1,D1888,L539,D1888T0222,L539C222,N14,137488.3,4241.819,181.5597,366.5709,CreN_8724_pl1,luminal
exp1,D1888,L539,D1888T0223,L539C223,O14,10490.27,11845.72,-166.8403,235.0898,CreN_8724_pl1,basal
exp1,D1888,L539,D1888T0224,L539C224,P14,164805.8,8544.169,295.3474,410.213,CreN_8724_pl1,luminal
exp1,D1888,L539,D1888T0225,L539C225,A15,60669.37,1255.707,934.1418,340.2091,CreN_8724_pl1,luminal
exp1,D1888,L539,D1888T0226,L539C226,B15,56776.16,15720.63,192.6949,187.9423,CreN_8724_pl1,basal
exp1,D1888,L539,D1888T0227,L539C227,C15,160955.7,9837.175,224.7654,-75.72705,CreN_8724_pl1,luminal
exp1,D1888,L539,D1888T0228,L539C228,D15,97386.21,8342.994,351.0392,257.3352,CreN_8724_pl1,luminal
exp1,D1888,L539,D1888T0229,L539C229,E15,32237.32,19900.73,184.486,-21.26965,CreN_8724_pl1,basal
exp1,D1888,L539,D1888T0230,L539C230,F15,44185.18,2112.183,333.8594,384.3113,CreN_8724_pl1,luminal
exp1,D1888,L539,D1888T0231,L539C231,G15,178442.6,9014.482,-3.119805,332.9656,CreN_8724_pl1,luminal
exp1,D1888,L539,D1888T0232,L539C232,H15,10442.4,36382.3,153.1454,294.5696,CreN_8724_pl1,basal
exp1,D1888,L539,D1888T0233,L539C233,I15,16855.47,32572.94,-64.10948,227.5683,CreN_8724_pl1,basal
exp1,D1888,L539,D1888T0234,L539C234,J15,34646.78,4002.99,702.6174,-21.94054,CreN_8724_pl1,luminal
exp1,D1888,L539,D1888T0235,L539C235,K15,135498.4,7010.42,1639.023,383.6248,CreN_8724_pl1,luminal
exp1,D1888,L539,D1888T0236,L539C236,L15,37091.63,24598.95,23.48784,146.9598,CreN_8724_pl1,basal
exp1,D1888,L539,D1888T0237,L539C237,M15,30259.92,18471.08,-164.0048,304.6591,CreN_8724_pl1,basal
exp1,D1888,L539,D1888T0238,L539C238,N15,103815.2,3305.029,120.4996,91.55437,CreN_8724_pl1,luminal
exp1,D1888,L539,D1888T0239,L539C239,O15,54037.57,33860.96,320.0362,226.9049,CreN_8724_pl1,basal
exp1,D1888,L539,D1888T0240,L539C240,P15,17883.6,20400.02,-166.4318,169.2773,CreN_8724_pl1,basal
exp1,D1888,L539,D1888T0241,L539C241,A16,41498.85,28680.85,433.033,171.9165,CreN_8724_pl1,basal
exp1,D1888,L539,D1888T0242,L539C242,B16,8507.919,15529.52,406.3445,154.086,CreN_8724_pl1,basal
exp1,D1888,L539,D1888T0243,L539C243,C16,54498.67,43015.48,-57.46812,207.0236,CreN_8724_pl1,basal
exp1,D1888,L539,D1888T0244,L539C244,D16,115583.8,5072.59,811.2642,464.0365,CreN_8724_pl1,luminal
exp1,D1888,L539,D1888T0245,L539C245,E16,43222.78,20061.79,331.1377,283.8146,CreN_8724_pl1,basal
exp1,D1888,L539,D1888T0246,L539C246,F16,202124.8,10768.35,685.3679,268.1682,CreN_8724_pl1,luminal
exp1,D1888,L539,D1888T0247,L539C247,G16,125790.4,6515.748,208.0783,274.7053,CreN_8724_pl1,luminal
exp1,D1888,L539,D1888T0248,L539C248,H16,73444.08,29824.29,-43.18904,185.1801,CreN_8724_pl1,basal
exp1,D1888,L539,D1888T0249,L539C249,I16,16504.49,9720.413,193.2706,111.8878,CreN_8724_pl1,basal
exp1,D1888,L539,D1888T0250,L539C250,J16,32877.38,2325.406,181.5666,74.11108,CreN_8724_pl1,luminal
exp1,D1888,L539,D1888T0251,L539C251,K16,23438.13,13444.51,342.5352,92.32333,CreN_8724_pl1,basal
exp1,D1888,L539,D1888T0252,L539C252,L16,116585.2,3456.559,190.8521,391.4467,CreN_8724_pl1,luminal
exp1,D1888,L539,D1888T0253,L539C253,M16,114102.3,4075.465,541.2172,529.8292,CreN_8724_pl1,luminal
exp1,D1888,L539,D1888T0254,L539C254,N16,21830.18,28488.66,621.4548,244.1768,CreN_8724_pl1,basal
exp1,D1888,L539,D1888T0255,L539C255,O16,10601.55,11721.56,-118.5031,63.0294,CreN_8724_pl1,basal
exp1,D1888,L539,D1888T0256,L539C256,P16,46508.31,28961.16,317.7519,233.6003,CreN_8724_pl1,basal
exp1,D1888,L539,D1888T0257,L539C257,A17,12972.63,25340.8,93.76034,253.754,CreN_8724_pl1,basal
exp1,D1888,L539,D1888T0258,L539C258,B17,35637.44,27825.84,488.9402,276.0073,CreN_8724_pl1,basal
exp1,D1888,L539,D1888T0259,L539C259,C17,43164.29,31181,100.0883,235.5443,CreN_8724_pl1,basal
exp1,D1888,L539,D1888T0260,L539C260,D17,52651.5,17637.54,-249.6306,229.8131,CreN_8724_pl1,basal
exp1,D1888,L539,D1888T0261,L539C261,E17,28220.5,28095.17,330.341,466.399,CreN_8724_pl1,basal
exp1,D1888,L539,D1888T0262,L539C262,F17,186977.2,5150.242,-495.9096,437.3471,CreN_8724_pl1,luminal
exp1,D1888,L539,D1888T0263,L539C263,G17,91897.98,2984.608,609.8995,177.4447,CreN_8724_pl1,luminal
exp1,D1888,L539,D1888T0264,L539C264,H17,95234.73,4947.224,-96.41524,129.6894,CreN_8724_pl1,luminal
exp1,D1888,L539,D1888T0265,L539C265,I17,116834.5,8559.983,438.3662,360.9051,CreN_8724_pl1,luminal
exp1,D1888,L539,D1888T0266,L539C266,J17,11145.88,36757.16,736.2103,247.8849,CreN_8724_pl1,basal
exp1,D1888,L539,D1888T0267,L539C267,K17,12573.77,24965.19,-345.0179,129.9826,CreN_8724_pl1,basal
exp1,D1888,L539,D1888T0268,L539C268,L17,23989.27,22104.08,-34.27483,224.5668,CreN_8724_pl1,basal
exp1,D1888,L539,D1888T0269,L539C269,M17,23877.35,18304.66,85.2777,44.51991,CreN_8724_pl1,basal
exp1,D1888,L539,D1888T0270,L539C270,N17,31418.17,28149.21,450.3449,43.95378,CreN_8724_pl1,basal
exp1,D1888,L539,D1888T0271,L539C271,O17,42512.06,21549.81,620.6787,299.6714,CreN_8724_pl1,basal
exp1,D1888,L539,D1888T0272,L539C272,P17,39963.25,19186.25,174.8365,165.845,CreN_8724_pl1,basal
exp1,D1888,L539,D1888T0273,L539C273,A18,40732.95,22191.08,104.2998,316.5681,CreN_8724_pl1,basal
exp1,D1888,L539,D1888T0274,L539C274,B18,42192.86,15587.51,56.2667,141.7026,CreN_8724_pl1,basal
exp1,D1888,L539,D1888T0275,L539C275,C18,77305.8,1488.537,508.3502,115.427,CreN_8724_pl1,luminal
exp1,D1888,L539,D1888T0276,L539C276,D18,75393.3,23212.32,87.15513,138.1041,CreN_8724_pl1,basal
exp1,D1888,L539,D1888T0277,L539C277,E18,21437.42,23307.92,20.05461,160.0241,CreN_8724_pl1,basal
exp1,D1888,L539,D1888T0278,L539C278,F18,62431.39,1772.544,95.29353,626.0698,CreN_8724_pl1,luminal
exp1,D1888,L539,D1888T0279,L539C279,G18,56168.53,28826.05,-511.0203,163.224,CreN_8724_pl1,basal
exp1,D1888,L539,D1888T0280,L539C280,H18,25765.73,15784.9,208.7161,20.14749,CreN_8724_pl1,basal
exp1,D1888,L539,D1888T0281,L539C281,I18,60197.09,21159.65,53.22442,84.14612,CreN_8724_pl1,basal
exp1,D1888,L539,D1888T0282,L539C282,J18,23751.28,44561.7,-178.1897,316.868,CreN_8724_pl1,basal
exp1,D1888,L539,D1888T0283,L539C283,K18,23112.75,24826.95,320.2145,226.4984,CreN_8724_pl1,basal
exp1,D1888,L539,D1888T0284,L539C284,L18,31957.21,1667.695,367.5183,275.8271,CreN_8724_pl1,luminal
exp1,D1888,L539,D1888T0285,L539C285,M18,32550.57,19393.85,-22.40804,76.48582,CreN_8724_pl1,basal
exp1,D1888,L539,D1888T0286,L539C286,N18,208310.8,10136.18,1138.999,347.0686,CreN_8724_pl1,luminal
exp1,D1888,L539,D1888T0287,L539C287,O18,124880.9,9249.997,213.0078,405.9399,CreN_8724_pl1,luminal
exp1,D1888,L539,D1888T0288,L539C288,P18,83268.13,3152.494,228.1276,365.6484,CreN_8724_pl1,luminal
exp1,D1888,L539,D1888T0289,L539C289,A19,22932.6,16328.53,296.6332,482.8477,CreN_8724_pl1,basal
exp1,D1888,L539,D1888T0290,L539C290,B19,41620.45,26406.61,89.60555,184.8374,CreN_8724_pl1,basal
exp1,D1888,L539,D1888T0291,L539C291,C19,43892.88,22588.75,352.44,94.11819,CreN_8724_pl1,basal
exp1,D1888,L539,D1888T0292,L539C292,D19,49899.33,14068.57,93.88199,311.2309,CreN_8724_pl1,basal
exp1,D1888,L539,D1888T0293,L539C293,E19,13764.42,22893.65,539.5151,198.1992,CreN_8724_pl1,basal
exp1,D1888,L539,D1888T0294,L539C294,F19,25825.38,30977.26,535.7164,446.307,CreN_8724_pl1,basal
exp1,D1888,L539,D1888T0295,L539C295,G19,125366,8360.184,376.2839,-160.443,CreN_8724_pl1,luminal
exp1,D1888,L539,D1888T0296,L539C296,H19,17995.59,26831.44,434.8753,127.9008,CreN_8724_pl1,basal
exp1,D1888,L539,D1888T0297,L539C297,I19,30470.04,23776.88,14.38322,166.7677,CreN_8724_pl1,basal
exp1,D1888,L539,D1888T0298,L539C298,J19,75426.13,8831.649,650.5707,323.4581,CreN_8724_pl1,luminal
exp1,D1888,L539,D1888T0299,L539C299,K19,113150.8,9349.855,828.5652,139.1454,CreN_8724_pl1,luminal
exp1,D1888,L539,D1888T0300,L539C300,L19,45016.35,29521.24,427.7932,77.12084,CreN_8724_pl1,basal
exp1,D1888,L539,D1888T0301,L539C301,M19,9203.899,31047.23,182.1679,505.8327,CreN_8724_pl1,basal
exp1,D1888,L539,D1888T0302,L539C302,N19,179681.8,4343.346,228.3743,333.453,CreN_8724_pl1,luminal
exp1,D1888,L539,D1888T0303,L539C303,O19,124680.9,1784.854,123.6822,211.0147,CreN_8724_pl1,luminal
exp1,D1888,L539,D1888T0304,L539C304,P19,6730.144,6034.36,411.3209,175.0064,CreN_8724_pl1,basal
exp1,D1888,L539,D1888T0305,L539C305,A20,17053.37,24517.58,469.9346,222.1138,CreN_8724_pl1,basal
exp1,D1888,L539,D1888T0306,L539C306,B20,41077.79,24928.97,239.606,250.9464,CreN_8724_pl1,basal
exp1,D1888,L539,D1888T0307,L539C307,C20,21338.42,17812.07,146.3232,51.91312,CreN_8724_pl1,basal
exp1,D1888,L539,D1888T0308,L539C308,D20,25948.48,17167.88,504.2748,244.256,CreN_8724_pl1,basal
exp1,D1888,L539,D1888T0309,L539C309,E20,23862.62,23255.6,137.6591,287.0145,CreN_8724_pl1,basal
exp1,D1888,L539,D1888T0310,L539C310,F20,34557.07,21618.71,576.1071,425.4191,CreN_8724_pl1,basal
exp1,D1888,L539,D1888T0311,L539C311,G20,83201.82,4608.075,400.7547,60.51694,CreN_8724_pl1,luminal
exp1,D1888,L539,D1888T0312,L539C312,H20,33600.2,21892.99,206.6528,312.9604,CreN_8724_pl1,basal
exp1,D1888,L539,D1888T0313,L539C313,I20,221408.3,1382.709,272.7082,338.7571,CreN_8724_pl1,luminal
exp1,D1888,L539,D1888T0314,L539C314,J20,175583.7,7657.435,195.8631,442.4305,CreN_8724_pl1,luminal
exp1,D1888,L539,D1888T0315,L539C315,K20,14840.4,17505.12,82.75544,377.1758,CreN_8724_pl1,basal
exp1,D1888,L539,D1888T0316,L539C316,L20,116027.9,4969.48,415.3349,84.3157,CreN_8724_pl1,luminal
exp1,D1888,L539,D1888T0317,L539C317,M20,38392.6,17866.08,1024.258,410.8157,CreN_8724_pl1,basal
exp1,D1888,L539,D1888T0318,L539C318,N20,82054.19,805.7975,4.606549,-64.19267,CreN_8724_pl1,luminal
exp1,D1888,L539,D1888T0319,L539C319,O20,37362.09,26801.48,90.56895,223.5328,CreN_8724_pl1,basal
exp1,D1888,L539,D1888T0320,L539C320,P20,40438,21207.4,474.3685,160.5407,CreN_8724_pl1,basal
exp1,D1888,L539,D1888T0321,L539C321,A21,31453.96,24275.89,654.6424,231.6677,CreN_8724_pl1,basal
exp1,D1888,L539,D1888T0322,L539C322,B21,48458.2,39287.38,612.5184,32.80739,CreN_8724_pl1,basal
exp1,D1888,L539,D1888T0323,L539C323,C21,116124.9,1702.939,245.5731,437.7277,CreN_8724_pl1,luminal
exp1,D1888,L539,D1888T0324,L539C324,D21,58618.57,21016.3,26.7415,163.53,CreN_8724_pl1,basal
exp1,D1888,L539,D1888T0325,L539C325,E21,49274.84,36604.16,483.2434,119.3256,CreN_8724_pl1,basal
exp1,D1888,L539,D1888T0326,L539C326,F21,44267.98,16587.79,344.4399,407.818,CreN_8724_pl1,basal
exp1,D1888,L539,D1888T0327,L539C327,G21,11988.68,15320.12,-132.5593,0.1968495,CreN_8724_pl1,basal
exp1,D1888,L539,D1888T0328,L539C328,H21,6380.359,21765,227.9618,43.8438,CreN_8724_pl1,basal
exp1,D1888,L539,D1888T0329,L539C329,I21,39886.79,36105.26,313.9224,183.8118,CreN_8724_pl1,basal
exp1,D1888,L539,D1888T0330,L539C330,J21,50762.81,24078.64,344.4899,200.1657,CreN_8724_pl1,basal
exp1,D1888,L539,D1888T0331,L539C331,K21,48287.22,28760.93,-226.8024,388.7132,CreN_8724_pl1,basal
exp1,D1888,L539,D1888T0332,L539C332,L21,9548.502,12957.18,352.7412,30.19001,CreN_8724_pl1,basal
exp1,D1888,L539,D1888T0333,L539C333,M21,112108.9,2140.178,297.5664,206.2734,CreN_8724_pl1,luminal
exp1,D1888,L539,D1888T0334,L539C334,N21,34569.66,20542.68,-45.3283,122.3829,CreN_8724_pl1,basal
exp1,D1888,L539,D1888T0335,L539C335,O21,23239.88,25273.67,221.6906,87.3222,CreN_8724_pl1,basal
exp1,D1888,L539,D1888T0336,L539C336,P21,89486.34,33295.66,-45.84806,235.5638,CreN_8724_pl1,basal
exp1,D1888,L539,D1888T0337,L539C337,A22,138396.9,4507.11,435.172,111.9466,CreN_8724_pl1,luminal
exp1,D1888,L539,D1888T0338,L539C338,B22,85262.16,927.0248,579.2878,115.2932,CreN_8724_pl1,luminal
exp1,D1888,L539,D1888T0339,L539C339,C22,162211.6,5944.931,312.7198,131.4792,CreN_8724_pl1,luminal
exp1,D1888,L539,D1888T0340,L539C340,D22,35775.73,25801.6,50.90087,671.4302,CreN_8724_pl1,basal
exp1,D1888,L539,D1888T0341,L539C341,E22,7755.273,23193.29,245.8293,32.49912,CreN_8724_pl1,basal
exp1,D1888,L539,D1888T0342,L539C342,F22,72321.46,1332.214,-36.56446,58.30642,CreN_8724_pl1,luminal
exp1,D1888,L539,D1888T0343,L539C343,G22,35572.16,26815.83,-45.34557,77.97815,CreN_8724_pl1,basal
exp1,D1888,L539,D1888T0344,L539C344,H22,104076.7,9051.869,747.1196,445.2369,CreN_8724_pl1,luminal
exp1,D1888,L539,D1888T0345,L539C345,I22,40316.48,25802.15,-97.49903,510.0664,CreN_8724_pl1,basal
exp1,D1888,L539,D1888T0346,L539C346,J22,20999.73,20586.67,591.2065,318.6943,CreN_8724_pl1,basal
exp1,D1888,L539,D1888T0347,L539C347,K22,45112.47,30144.19,781.9318,169.3577,CreN_8724_pl1,basal
exp1,D1888,L539,D1888T0348,L539C348,L22,37787.34,26056.04,352.0927,285.9868,CreN_8724_pl1,basal
exp1,D1888,L539,D1888T0349,L539C349,M22,16134.98,23466.02,-253.7881,228.6509,CreN_8724_pl1,basal
exp1,D1888,L539,D1888T0350,L539C350,N22,50890.65,22112.22,809.0407,406.039,CreN_8724_pl1,basal
exp1,D1888,L539,D1888T0351,L539C351,O22,37181.36,22527.31,295.421,559.325,CreN_8724_pl1,basal
exp1,D1888,L539,D1888T0352,L539C352,P22,48575.2,2708.874,597.1796,159.0168,CreN_8724_pl1,luminal
exp1,D1888,L539,D1888T0353,L539C353,A23,124774.9,3806.173,227.4825,195.7343,CreN_8724_pl1,luminal
exp1,D1888,L539,D1888T0354,L539C354,B23,7952.464,7936.598,357.8492,129.6055,CreN_8724_pl1,basal
exp1,D1888,L539,D1888T0355,L539C355,C23,33110.77,26896.01,241.5454,225.9183,CreN_8724_pl1,basal
exp1,D1888,L539,D1888T0356,L539C356,D23,59443.82,1209.711,238.6735,281.1533,CreN_8724_pl1,luminal
exp1,D1888,L539,D1888T0357,L539C357,E23,36960.38,21302.8,-9.987513,266.2512,CreN_8724_pl1,basal
exp1,D1888,L539,D1888T0358,L539C358,F23,19335.01,22223.78,298.0526,190.9615,CreN_8724_pl1,basal
exp1,D1888,L539,D1888T0359,L539C359,G23,231376.3,1916.524,557.9715,438.8681,CreN_8724_pl1,luminal
exp1,D1888,L539,D1888T0360,L539C360,H23,27411.49,25982.06,232.2316,275.7141,CreN_8724_pl1,basal
exp1,D1888,L539,D1888T0361,L539C361,I23,152658.6,7440.917,-286.1963,164.3978,CreN_8724_pl1,luminal
exp1,D1888,L539,D1888T0362,L539C362,J23,35650.6,24878.75,717.9043,363.1157,CreN_8724_pl1,basal
exp1,D1888,L539,D1888T0363,L539C363,K23,45225.96,15567.49,429.5371,351.6515,CreN_8724_pl1,basal
exp1,D1888,L539,D1888T0364,L539C364,L23,32319.11,20928.81,149.105,263.151,CreN_8724_pl1,basal
exp1,D1888,L539,D1888T0365,L539C365,M23,15386.08,15975.11,381.4704,-5.351573,CreN_8724_pl1,basal
exp1,D1888,L539,D1888T0366,L539C366,N23,24187.69,18427.75,-143.0574,176.7718,CreN_8724_pl1,basal
exp1,D1888,L539,D1888T0367,L539C367,O23,31697.55,26500.87,4.048314,134.0928,CreN_8724_pl1,basal
exp1,D1888,L539,D1888T0368,L539C368,P23,18287.68,21197.11,734.0349,509.6024,CreN_8724_pl1,basal
exp1,D1888,L539,D1888T0369,L539C369,A24,146435.2,5181.015,13.32066,389.3098,CreN_8724_pl1,luminal
exp1,D1888,L539,D1888T0370,L539C370,B24,95828.71,6183.395,378.4258,349.4216,CreN_8724_pl1,luminal
exp1,D1888,L539,D1888T0371,L539C371,C24,42943.02,44496.84,763.9504,484.4991,CreN_8724_pl1,basal
exp1,D1888,L539,D1888T0372,L539C372,D24,111299,4946.735,553.0832,268.6188,CreN_8724_pl1,luminal
exp1,D1888,L539,D1888T0373,L539C373,E24,19099.25,10361.04,289.9039,114.5243,CreN_8724_pl1,basal
exp1,D1888,L539,D1888T0374,L539C374,F24,63559.1,23768.7,217.9275,225.2487,CreN_8724_pl1,basal
exp1,D1888,L539,D1888T0375,L539C375,G24,133257.7,2479.629,-147.3758,198.7319,CreN_8724_pl1,luminal
exp1,D1888,L539,D1888T0376,L539C376,H24,77208.57,4219.165,206.6127,530.2972,CreN_8724_pl1,luminal
exp1,D1888,L539,D1888T0377,L539C377,I24,10405.55,15651.56,-39.84684,166.5364,CreN_8724_pl1,basal
exp1,D1888,L539,D1888T0378,L539C378,J24,18218.68,33575.63,317.737,74.43744,CreN_8724_pl1,basal
exp1,D1888,L539,D1888T0379,L539C379,K24,161133.8,1755.001,201.9927,208.3928,CreN_8724_pl1,luminal
exp1,D1888,L539,D1888T0380,L539C380,L24,79995.69,6429.692,801.6641,218.6931,CreN_8724_pl1,luminal
exp1,D1888,L539,D1888T0381,L539C381,M24,NA,NA,NA,NA,CreN_8724_pl1,NA
exp1,D1888,L539,D1888T0382,L539C382,N24,NA,NA,NA,NA,CreN_8724_pl1,NA
exp1,D1888,L539,D1888T0383,L539C383,O24,NA,NA,NA,NA,CreN_8724_pl1,NA
exp1,D1888,L539,D1888T0384,L539C384,P24,NA,NA,NA,NA,CreN_8724_pl2,NA
exp2,N173,N167,N173T0769_CreN-9451-6m-Epith-HV-pA-K4,mCUT2025-03-p5-9451-A1-CreN-9451-6m-Epith-HV-pA-K4,A1,318098.1,3275.403,418.6387,357.3867,CreN_9451_pl5,luminal
exp2,N173,N167,N173T0770_CreN-9451-6m-Epith-HV-pA-K4,mCUT2025-03-p5-9451-B1-CreN-9451-6m-Epith-HV-pA-K4,B1,16245.68,16649.52,-23.95619,313.625,CreN_9451_pl5,basal
exp2,N173,N167,N173T0771_CreN-9451-6m-Epith-HV-pA-K4,mCUT2025-03-p5-9451-C1-CreN-9451-6m-Epith-HV-pA-K4,C1,276611.1,969.8189,-14.09929,373.5952,CreN_9451_pl5,luminal
exp2,N173,N167,N173T0772_CreN-9451-6m-Epith-HV-pA-K4,mCUT2025-03-p5-9451-D1-CreN-9451-6m-Epith-HV-pA-K4,D1,14418.52,19554.46,484.2654,604.7513,CreN_9451_pl5,basal
exp2,N173,N167,N173T0773_CreN-9451-6m-Epith-HV-pA-K4,mCUT2025-03-p5-9451-E1-CreN-9451-6m-Epith-HV-pA-K4,E1,69206.17,27060.97,-212.852,144.5252,CreN_9451_pl5,basal
exp2,N173,N167,N173T0774_CreN-9451-6m-Epith-HV-pA-K4,mCUT2025-03-p5-9451-F1-CreN-9451-6m-Epith-HV-pA-K4,F1,34351.86,764.6561,454.6515,227.5554,CreN_9451_pl5,luminal
exp2,N173,N167,N173T0775_CreN-9451-6m-Epith-HV-pA-K4,mCUT2025-03-p5-9451-G1-CreN-9451-6m-Epith-HV-pA-K4,G1,111930.3,6916.384,510.8506,192.5154,CreN_9451_pl5,luminal
exp2,N173,N167,N173T0776_CreN-9451-6m-Epith-HV-pA-K4,mCUT2025-03-p5-9451-H1-CreN-9451-6m-Epith-HV-pA-K4,H1,45884,12245.81,509.8414,512.278,CreN_9451_pl5,basal
exp2,N173,N167,N173T0777_CreN-9451-6m-Epith-HV-pA-K4,mCUT2025-03-p5-9451-I1-CreN-9451-6m-Epith-HV-pA-K4,I1,38736.35,12108.59,-244.63,703.4622,CreN_9451_pl5,basal
exp2,N173,N167,N173T0778_CreN-9451-6m-Epith-HV-pA-K4,mCUT2025-03-p5-9451-J1-CreN-9451-6m-Epith-HV-pA-K4,J1,56791.27,9135.436,-326.4383,317.2209,CreN_9451_pl5,luminal
exp2,N173,N167,N173T0779_CreN-9451-6m-Epith-HV-pA-K4,mCUT2025-03-p5-9451-K1-CreN-9451-6m-Epith-HV-pA-K4,K1,159807.4,2713.473,189.93,534.5472,CreN_9451_pl5,luminal
exp2,N173,N167,N173T0780_CreN-9451-6m-Epith-HV-pA-K4,mCUT2025-03-p5-9451-L1-CreN-9451-6m-Epith-HV-pA-K4,L1,10761.94,20743.22,471.9099,216.3182,CreN_9451_pl5,basal
exp2,N173,N167,N173T0781_CreN-9451-6m-Epith-HV-pA-K4,mCUT2025-03-p5-9451-M1-CreN-9451-6m-Epith-HV-pA-K4,M1,114865.4,1395.752,38.80501,168.2398,CreN_9451_pl5,luminal
exp2,N173,N167,N173T0782_CreN-9451-6m-Epith-HV-pA-K4,mCUT2025-03-p5-9451-N1-CreN-9451-6m-Epith-HV-pA-K4,N1,95805.82,2097.048,411.6842,257.1351,CreN_9451_pl5,luminal
exp2,N173,N167,N173T0783_CreN-9451-6m-Epith-HV-pA-K4,mCUT2025-03-p5-9451-O1-CreN-9451-6m-Epith-HV-pA-K4,O1,137225.8,2650.44,-38.16822,443.2634,CreN_9451_pl5,luminal
exp2,N173,N167,N173T0784_CreN-9451-6m-Epith-HV-pA-K4,mCUT2025-03-p5-9451-P1-CreN-9451-6m-Epith-HV-pA-K4,P1,22639.36,768.9319,710.8729,177.2127,CreN_9451_pl5,luminal
exp2,N173,N167,N173T0785_CreN-9451-6m-Epith-HV-pA-K4,mCUT2025-03-p5-9451-A2-CreN-9451-6m-Epith-HV-pA-K4,A2,121260.7,4171.725,117.0119,489.9624,CreN_9451_pl5,luminal
exp2,N173,N167,N173T0786_CreN-9451-6m-Epith-HV-pA-K4,mCUT2025-03-p5-9451-B2-CreN-9451-6m-Epith-HV-pA-K4,B2,86278.8,807.4932,549.261,616.6207,CreN_9451_pl5,luminal
exp2,N173,N167,N173T0787_CreN-9451-6m-Epith-HV-pA-K4,mCUT2025-03-p5-9451-C2-CreN-9451-6m-Epith-HV-pA-K4,C2,65369.94,788.302,901.3907,549.1196,CreN_9451_pl5,luminal
exp2,N173,N167,N173T0788_CreN-9451-6m-Epith-HV-pA-K4,mCUT2025-03-p5-9451-D2-CreN-9451-6m-Epith-HV-pA-K4,D2,169237.5,1061.419,790.1767,650.0977,CreN_9451_pl5,luminal
exp2,N173,N167,N173T0789_CreN-9451-6m-Epith-HV-pA-K4,mCUT2025-03-p5-9451-E2-CreN-9451-6m-Epith-HV-pA-K4,E2,9653.183,11035.71,291.1961,519.2785,CreN_9451_pl5,basal
exp2,N173,N167,N173T0790_CreN-9451-6m-Epith-HV-pA-K4,mCUT2025-03-p5-9451-F2-CreN-9451-6m-Epith-HV-pA-K4,F2,48701.35,35579.69,67.64202,563.2037,CreN_9451_pl5,basal
exp2,N173,N167,N173T0791_CreN-9451-6m-Epith-HV-pA-K4,mCUT2025-03-p5-9451-G2-CreN-9451-6m-Epith-HV-pA-K4,G2,153154.3,3817.309,182.9187,328.6702,CreN_9451_pl5,luminal
exp2,N173,N167,N173T0792_CreN-9451-6m-Epith-HV-pA-K4,mCUT2025-03-p5-9451-H2-CreN-9451-6m-Epith-HV-pA-K4,H2,84517.21,1876.152,-54.63536,197.696,CreN_9451_pl5,luminal
exp2,N173,N167,N173T0793_CreN-9451-6m-Epith-HV-pA-K4,mCUT2025-03-p5-9451-I2-CreN-9451-6m-Epith-HV-pA-K4,I2,147325,771.6087,111.1288,367.4905,CreN_9451_pl5,luminal
exp2,N173,N167,N173T0794_CreN-9451-6m-Epith-HV-pA-K4,mCUT2025-03-p5-9451-J2-CreN-9451-6m-Epith-HV-pA-K4,J2,14039.95,22642.76,248.2618,558.1129,CreN_9451_pl5,basal
exp2,N173,N167,N173T0795_CreN-9451-6m-Epith-HV-pA-K4,mCUT2025-03-p5-9451-K2-CreN-9451-6m-Epith-HV-pA-K4,K2,30998.01,24066.01,374.2592,475.0318,CreN_9451_pl5,basal
exp2,N173,N167,N173T0796_CreN-9451-6m-Epith-HV-pA-K4,mCUT2025-03-p5-9451-L2-CreN-9451-6m-Epith-HV-pA-K4,L2,35179.96,1895.529,583.7759,388.8473,CreN_9451_pl5,luminal
exp2,N173,N167,N173T0797_CreN-9451-6m-Epith-HV-pA-K4,mCUT2025-03-p5-9451-M2-CreN-9451-6m-Epith-HV-pA-K4,M2,111318.9,2919.779,291.4488,114.4781,CreN_9451_pl5,luminal
exp2,N173,N167,N173T0798_CreN-9451-6m-Epith-HV-pA-K4,mCUT2025-03-p5-9451-N2-CreN-9451-6m-Epith-HV-pA-K4,N2,148857,857.2937,187.5072,175.7522,CreN_9451_pl5,luminal
exp2,N173,N167,N173T0799_CreN-9451-6m-Epith-HV-pA-K4,mCUT2025-03-p5-9451-O2-CreN-9451-6m-Epith-HV-pA-K4,O2,146067.8,1001.091,464.0479,567.726,CreN_9451_pl5,luminal
exp2,N173,N167,N173T0800_CreN-9451-6m-Epith-HV-pA-K4,mCUT2025-03-p5-9451-P2-CreN-9451-6m-Epith-HV-pA-K4,P2,30911.31,23963.51,455.3307,455.7861,CreN_9451_pl5,basal
exp2,N173,N167,N173T0801_CreN-9451-6m-Epith-HV-pA-K4,mCUT2025-03-p5-9451-A3-CreN-9451-6m-Epith-HV-pA-K4,A3,13462.88,7208.998,130.6653,453.4034,CreN_9451_pl5,basal
exp2,N173,N167,N173T0802_CreN-9451-6m-Epith-HV-pA-K4,mCUT2025-03-p5-9451-B3-CreN-9451-6m-Epith-HV-pA-K4,B3,128927,4436.311,341.9482,431.7689,CreN_9451_pl5,luminal
exp2,N173,N167,N173T0803_CreN-9451-6m-Epith-HV-pA-K4,mCUT2025-03-p5-9451-C3-CreN-9451-6m-Epith-HV-pA-K4,C3,29922.95,582.222,274.0312,314.2252,CreN_9451_pl5,luminal
exp2,N173,N167,N173T0804_CreN-9451-6m-Epith-HV-pA-K4,mCUT2025-03-p5-9451-D3-CreN-9451-6m-Epith-HV-pA-K4,D3,13575.07,24208.53,802.6339,343.3898,CreN_9451_pl5,basal
exp2,N173,N167,N173T0805_CreN-9451-6m-Epith-HV-pA-K4,mCUT2025-03-p5-9451-E3-CreN-9451-6m-Epith-HV-pA-K4,E3,130838.2,659.5979,301.6211,190.5042,CreN_9451_pl5,luminal
exp2,N173,N167,N173T0806_CreN-9451-6m-Epith-HV-pA-K4,mCUT2025-03-p5-9451-F3-CreN-9451-6m-Epith-HV-pA-K4,F3,9550.568,14418.52,-203.7259,699.8458,CreN_9451_pl5,basal
exp2,N173,N167,N173T0807_CreN-9451-6m-Epith-HV-pA-K4,mCUT2025-03-p5-9451-G3-CreN-9451-6m-Epith-HV-pA-K4,G3,64505.29,1559.714,485.0806,635.0347,CreN_9451_pl5,luminal
exp2,N173,N167,N173T0808_CreN-9451-6m-Epith-HV-pA-K4,mCUT2025-03-p5-9451-H3-CreN-9451-6m-Epith-HV-pA-K4,H3,175265.2,6972.572,659.225,285.5045,CreN_9451_pl5,luminal
exp2,N173,N167,N173T0809_CreN-9451-6m-Epith-HV-pA-K4,mCUT2025-03-p5-9451-I3-CreN-9451-6m-Epith-HV-pA-K4,I3,39564.19,34243.69,155.0348,352.079,CreN_9451_pl5,basal
exp2,N173,N167,N173T0810_CreN-9451-6m-Epith-HV-pA-K4,mCUT2025-03-p5-9451-J3-CreN-9451-6m-Epith-HV-pA-K4,J3,59317.86,1318.407,427.8753,115.0294,CreN_9451_pl5,luminal
exp2,N173,N167,N173T0811_CreN-9451-6m-Epith-HV-pA-K4,mCUT2025-03-p5-9451-K3-CreN-9451-6m-Epith-HV-pA-K4,K3,391084.3,4679.115,486.4767,637.8575,CreN_9451_pl5,luminal
exp2,N173,N167,N173T0812_CreN-9451-6m-Epith-HV-pA-K4,mCUT2025-03-p5-9451-L3-CreN-9451-6m-Epith-HV-pA-K4,L3,11703.94,14977.08,393.7808,381.0125,CreN_9451_pl5,basal
exp2,N173,N167,N173T0813_CreN-9451-6m-Epith-HV-pA-K4,mCUT2025-03-p5-9451-M3-CreN-9451-6m-Epith-HV-pA-K4,M3,8369.766,14497.7,400.1746,358.4816,CreN_9451_pl5,basal
exp2,N173,N167,N173T0814_CreN-9451-6m-Epith-HV-pA-K4,mCUT2025-03-p5-9451-N3-CreN-9451-6m-Epith-HV-pA-K4,N3,256188.7,1847.776,-405.9781,529.1442,CreN_9451_pl5,luminal
exp2,N173,N167,N173T0815_CreN-9451-6m-Epith-HV-pA-K4,mCUT2025-03-p5-9451-O3-CreN-9451-6m-Epith-HV-pA-K4,O3,107176.8,763.2482,153.6829,325.1949,CreN_9451_pl5,luminal
exp2,N173,N167,N173T0816_CreN-9451-6m-Epith-HV-pA-K4,mCUT2025-03-p5-9451-P3-CreN-9451-6m-Epith-HV-pA-K4,P3,96945.27,1187.069,10.05128,441.5924,CreN_9451_pl5,luminal
exp2,N173,N167,N173T0817_CreN-9451-6m-Epith-HV-pA-K4,mCUT2025-03-p5-9451-A4-CreN-9451-6m-Epith-HV-pA-K4,A4,137356.8,1993.022,615.8887,282.04,CreN_9451_pl5,luminal
exp2,N173,N167,N173T0818_CreN-9451-6m-Epith-HV-pA-K4,mCUT2025-03-p5-9451-B4-CreN-9451-6m-Epith-HV-pA-K4,B4,147028.1,18431.93,-156.9009,413.0351,CreN_9451_pl5,basal
exp2,N173,N167,N173T0819_CreN-9451-6m-Epith-HV-pA-K4,mCUT2025-03-p5-9451-C4-CreN-9451-6m-Epith-HV-pA-K4,C4,11953,18597.51,852.9226,342.4912,CreN_9451_pl5,basal
exp2,N173,N167,N173T0820_CreN-9451-6m-Epith-HV-pA-K4,mCUT2025-03-p5-9451-D4-CreN-9451-6m-Epith-HV-pA-K4,D4,197632.8,1427.787,-170.72,346.104,CreN_9451_pl5,luminal
exp2,N173,N167,N173T0821_CreN-9451-6m-Epith-HV-pA-K4,mCUT2025-03-p5-9451-E4-CreN-9451-6m-Epith-HV-pA-K4,E4,134060.2,1007.895,756.2301,217.2432,CreN_9451_pl5,luminal
exp2,N173,N167,N173T0822_CreN-9451-6m-Epith-HV-pA-K4,mCUT2025-03-p5-9451-F4-CreN-9451-6m-Epith-HV-pA-K4,F4,8337.362,9938.764,265.8587,524.6978,CreN_9451_pl5,basal
exp2,N173,N167,N173T0823_CreN-9451-6m-Epith-HV-pA-K4,mCUT2025-03-p5-9451-G4-CreN-9451-6m-Epith-HV-pA-K4,G4,38576.46,1808.534,405.3596,138.8218,CreN_9451_pl5,luminal
exp2,N173,N167,N173T0824_CreN-9451-6m-Epith-HV-pA-K4,mCUT2025-03-p5-9451-H4-CreN-9451-6m-Epith-HV-pA-K4,H4,36759.55,20092.35,708.5054,467.2371,CreN_9451_pl5,basal
exp2,N173,N167,N173T0825_CreN-9451-6m-Epith-HV-pA-K4,mCUT2025-03-p5-9451-I4-CreN-9451-6m-Epith-HV-pA-K4,I4,115611.3,741.6335,83.38838,265.525,CreN_9451_pl5,luminal
exp2,N173,N167,N173T0826_CreN-9451-6m-Epith-HV-pA-K4,mCUT2025-03-p5-9451-J4-CreN-9451-6m-Epith-HV-pA-K4,J4,192422.1,2122.41,442.108,396.1311,CreN_9451_pl5,luminal
exp2,N173,N167,N173T0827_CreN-9451-6m-Epith-HV-pA-K4,mCUT2025-03-p5-9451-K4-CreN-9451-6m-Epith-HV-pA-K4,K4,35976.78,2111.235,181.0951,228.5143,CreN_9451_pl5,luminal
exp2,N173,N167,N173T0828_CreN-9451-6m-Epith-HV-pA-K4,mCUT2025-03-p5-9451-L4-CreN-9451-6m-Epith-HV-pA-K4,L4,107593.5,833.5511,251.0128,373.5119,CreN_9451_pl5,luminal
exp2,N173,N167,N173T0829_CreN-9451-6m-Epith-HV-pA-K4,mCUT2025-03-p5-9451-M4-CreN-9451-6m-Epith-HV-pA-K4,M4,84178.3,1212.018,-158.6639,31.11724,CreN_9451_pl5,luminal
exp2,N173,N167,N173T0830_CreN-9451-6m-Epith-HV-pA-K4,mCUT2025-03-p5-9451-N4-CreN-9451-6m-Epith-HV-pA-K4,N4,140708.7,2585.74,406.067,320.8968,CreN_9451_pl5,luminal
exp2,N173,N167,N173T0831_CreN-9451-6m-Epith-HV-pA-K4,mCUT2025-03-p5-9451-O4-CreN-9451-6m-Epith-HV-pA-K4,O4,95840.82,1106.274,580.6776,392.3833,CreN_9451_pl5,luminal
exp2,N173,N167,N173T0832_CreN-9451-6m-Epith-HV-pA-K4,mCUT2025-03-p5-9451-P4-CreN-9451-6m-Epith-HV-pA-K4,P4,118526.7,10000.21,383.1315,440.8024,CreN_9451_pl5,luminal
exp2,N173,N167,N173T0833_CreN-9451-6m-Epith-HV-pA-K4,mCUT2025-03-p5-9451-A5-CreN-9451-6m-Epith-HV-pA-K4,A5,201773.1,1515.947,179.7276,440.4703,CreN_9451_pl5,luminal
exp2,N173,N167,N173T0834_CreN-9451-6m-Epith-HV-pA-K4,mCUT2025-03-p5-9451-B5-CreN-9451-6m-Epith-HV-pA-K4,B5,211306,2740.188,386.0967,343.9059,CreN_9451_pl5,luminal
exp2,N173,N167,N173T0835_CreN-9451-6m-Epith-HV-pA-K4,mCUT2025-03-p5-9451-C5-CreN-9451-6m-Epith-HV-pA-K4,C5,207050.3,6622.784,-59.92829,303.4555,CreN_9451_pl5,luminal
exp2,N173,N167,N173T0836_CreN-9451-6m-Epith-HV-pA-K4,mCUT2025-03-p5-9451-D5-CreN-9451-6m-Epith-HV-pA-K4,D5,129655,851.3077,246.0831,368.9903,CreN_9451_pl5,luminal
exp2,N173,N167,N173T0837_CreN-9451-6m-Epith-HV-pA-K4,mCUT2025-03-p5-9451-E5-CreN-9451-6m-Epith-HV-pA-K4,E5,54728.02,35337.84,172.4826,463.3457,CreN_9451_pl5,basal
exp2,N173,N167,N173T0838_CreN-9451-6m-Epith-HV-pA-K4,mCUT2025-03-p5-9451-F5-CreN-9451-6m-Epith-HV-pA-K4,F5,24081.56,12984.66,688.8963,579.032,CreN_9451_pl5,basal
exp2,N173,N167,N173T0839_CreN-9451-6m-Epith-HV-pA-K4,mCUT2025-03-p5-9451-G5-CreN-9451-6m-Epith-HV-pA-K4,G5,88553.66,850.0294,360.2022,158.4113,CreN_9451_pl5,luminal
exp2,N173,N167,N173T0840_CreN-9451-6m-Epith-HV-pA-K4,mCUT2025-03-p5-9451-H5-CreN-9451-6m-Epith-HV-pA-K4,H5,70470.54,5809.852,506.0829,327.0499,CreN_9451_pl5,luminal
exp2,N173,N167,N173T0841_CreN-9451-6m-Epith-HV-pA-K4,mCUT2025-03-p5-9451-I5-CreN-9451-6m-Epith-HV-pA-K4,I5,43787.62,1270.172,328.1803,270.9834,CreN_9451_pl5,luminal
exp2,N173,N167,N173T0842_CreN-9451-6m-Epith-HV-pA-K4,mCUT2025-03-p5-9451-J5-CreN-9451-6m-Epith-HV-pA-K4,J5,34739.02,2676.322,609.2159,534.971,CreN_9451_pl5,luminal
exp2,N173,N167,N173T0843_CreN-9451-6m-Epith-HV-pA-K4,mCUT2025-03-p5-9451-K5-CreN-9451-6m-Epith-HV-pA-K4,K5,171826.3,1743.594,-31.26014,709.8953,CreN_9451_pl5,luminal
exp2,N173,N167,N173T0844_CreN-9451-6m-Epith-HV-pA-K4,mCUT2025-03-p5-9451-L5-CreN-9451-6m-Epith-HV-pA-K4,L5,113030.4,2859.197,-53.60209,149.9348,CreN_9451_pl5,luminal
exp2,N173,N167,N173T0845_CreN-9451-6m-Epith-HV-pA-K4,mCUT2025-03-p5-9451-M5-CreN-9451-6m-Epith-HV-pA-K4,M5,98394.09,1994.475,98.44662,392.8064,CreN_9451_pl5,luminal
exp2,N173,N167,N173T0846_CreN-9451-6m-Epith-HV-pA-K4,mCUT2025-03-p5-9451-N5-CreN-9451-6m-Epith-HV-pA-K4,N5,396960.1,5795.692,321.4882,506.7724,CreN_9451_pl5,luminal
exp2,N173,N167,N173T0847_CreN-9451-6m-Epith-HV-pA-K4,mCUT2025-03-p5-9451-O5-CreN-9451-6m-Epith-HV-pA-K4,O5,123937.5,1191.695,910.5812,461.2482,CreN_9451_pl5,luminal
exp2,N173,N167,N173T0848_CreN-9451-6m-Epith-HV-pA-K4,mCUT2025-03-p5-9451-P5-CreN-9451-6m-Epith-HV-pA-K4,P5,94619.79,664.4804,240.8032,109.3263,CreN_9451_pl5,luminal
exp2,N173,N167,N173T0849_CreN-9451-6m-Epith-HV-pA-K4,mCUT2025-03-p5-9451-A6-CreN-9451-6m-Epith-HV-pA-K4,A6,204884.2,2959.569,762.4087,212.9709,CreN_9451_pl5,luminal
exp2,N173,N167,N173T0850_CreN-9451-6m-Epith-HV-pA-K4,mCUT2025-03-p5-9451-B6-CreN-9451-6m-Epith-HV-pA-K4,B6,12367.51,8048.474,783.464,558.3652,CreN_9451_pl5,basal
exp2,N173,N167,N173T0851_CreN-9451-6m-Epith-HV-pA-K4,mCUT2025-03-p5-9451-C6-CreN-9451-6m-Epith-HV-pA-K4,C6,85163.81,1806.773,581.637,501.0789,CreN_9451_pl5,luminal
exp2,N173,N167,N173T0852_CreN-9451-6m-Epith-HV-pA-K4,mCUT2025-03-p5-9451-D6-CreN-9451-6m-Epith-HV-pA-K4,D6,50876.35,1487.989,950.4844,60.03979,CreN_9451_pl5,luminal
exp2,N173,N167,N173T0853_CreN-9451-6m-Epith-HV-pA-K4,mCUT2025-03-p5-9451-E6-CreN-9451-6m-Epith-HV-pA-K4,E6,396438.3,1315.465,991.9006,455.6366,CreN_9451_pl5,luminal
exp2,N173,N167,N173T0854_CreN-9451-6m-Epith-HV-pA-K4,mCUT2025-03-p5-9451-F6-CreN-9451-6m-Epith-HV-pA-K4,F6,84403.48,1868.672,91.71797,519.9333,CreN_9451_pl5,luminal
exp2,N173,N167,N173T0855_CreN-9451-6m-Epith-HV-pA-K4,mCUT2025-03-p5-9451-G6-CreN-9451-6m-Epith-HV-pA-K4,G6,111072.4,824.3126,301.153,363.8379,CreN_9451_pl5,luminal
exp2,N173,N167,N173T0856_CreN-9451-6m-Epith-HV-pA-K4,mCUT2025-03-p5-9451-H6-CreN-9451-6m-Epith-HV-pA-K4,H6,180381.5,2442.023,298.2897,632.1209,CreN_9451_pl5,luminal
exp2,N173,N167,N173T0857_CreN-9451-6m-Epith-HV-pA-K4,mCUT2025-03-p5-9451-I6-CreN-9451-6m-Epith-HV-pA-K4,I6,43688.86,9258.386,-268.3031,44.46601,CreN_9451_pl5,basal
exp2,N173,N167,N173T0858_CreN-9451-6m-Epith-HV-pA-K4,mCUT2025-03-p5-9451-J6-CreN-9451-6m-Epith-HV-pA-K4,J6,76511.48,907.8167,404.2958,239.7129,CreN_9451_pl5,luminal
exp2,N173,N167,N173T0859_CreN-9451-6m-Epith-HV-pA-K4,mCUT2025-03-p5-9451-K6-CreN-9451-6m-Epith-HV-pA-K4,K6,56892.71,675.9975,136.0243,176.0228,CreN_9451_pl5,luminal
exp2,N173,N167,N173T0860_CreN-9451-6m-Epith-HV-pA-K4,mCUT2025-03-p5-9451-L6-CreN-9451-6m-Epith-HV-pA-K4,L6,156889.2,4603.514,-180.3542,538.9117,CreN_9451_pl5,luminal
exp2,N173,N167,N173T0861_CreN-9451-6m-Epith-HV-pA-K4,mCUT2025-03-p5-9451-M6-CreN-9451-6m-Epith-HV-pA-K4,M6,125592.5,2854.987,149.5375,403.4612,CreN_9451_pl5,luminal
exp2,N173,N167,N173T0862_CreN-9451-6m-Epith-HV-pA-K4,mCUT2025-03-p5-9451-N6-CreN-9451-6m-Epith-HV-pA-K4,N6,150231,881.3656,834.3306,643.9924,CreN_9451_pl5,luminal
exp2,N173,N167,N173T0863_CreN-9451-6m-Epith-HV-pA-K4,mCUT2025-03-p5-9451-O6-CreN-9451-6m-Epith-HV-pA-K4,O6,28989.65,935.7696,158.9333,332.5399,CreN_9451_pl5,luminal
exp2,N173,N167,N173T0864_CreN-9451-6m-Epith-HV-pA-K4,mCUT2025-03-p5-9451-P6-CreN-9451-6m-Epith-HV-pA-K4,P6,76822.95,65292.42,43.58344,563.8564,CreN_9451_pl5,basal
exp2,N173,N167,N173T0865_CreN-9451-6m-Epith-HV-pA-K27,mCUT2025-03-p5-9451-A7-CreN-9451-6m-Epith-HV-pA-K27,A7,294585.7,2530.771,60.54519,693.0571,CreN_9451_pl5,luminal
exp2,N173,N167,N173T0866_CreN-9451-6m-Epith-HV-pA-K27,mCUT2025-03-p5-9451-B7-CreN-9451-6m-Epith-HV-pA-K27,B7,175412,1515.184,-63.62245,528.5817,CreN_9451_pl5,luminal
exp2,N173,N167,N173T0867_CreN-9451-6m-Epith-HV-pA-K27,mCUT2025-03-p5-9451-C7-CreN-9451-6m-Epith-HV-pA-K27,C7,132556.5,31164.32,9.155719,609.7101,CreN_9451_pl5,basal
exp2,N173,N167,N173T0868_CreN-9451-6m-Epith-HV-pA-K27,mCUT2025-03-p5-9451-D7-CreN-9451-6m-Epith-HV-pA-K27,D7,88291.59,974.3649,472.5116,432.4887,CreN_9451_pl5,luminal
exp2,N173,N167,N173T0869_CreN-9451-6m-Epith-HV-pA-K27,mCUT2025-03-p5-9451-E7-CreN-9451-6m-Epith-HV-pA-K27,E7,45415.4,650.6401,103.1959,133.1614,CreN_9451_pl5,luminal
exp2,N173,N167,N173T0870_CreN-9451-6m-Epith-HV-pA-K27,mCUT2025-03-p5-9451-F7-CreN-9451-6m-Epith-HV-pA-K27,F7,113916.6,2881.35,775.5557,564.6865,CreN_9451_pl5,luminal
exp2,N173,N167,N173T0871_CreN-9451-6m-Epith-HV-pA-K27,mCUT2025-03-p5-9451-G7-CreN-9451-6m-Epith-HV-pA-K27,G7,58716.41,1300.888,221.8133,184.8589,CreN_9451_pl5,luminal
exp2,N173,N167,N173T0872_CreN-9451-6m-Epith-HV-pA-K27,mCUT2025-03-p5-9451-H7-CreN-9451-6m-Epith-HV-pA-K27,H7,55300.41,1409.99,220.0221,287.4351,CreN_9451_pl5,luminal
exp2,N173,N167,N173T0873_CreN-9451-6m-Epith-HV-pA-K27,mCUT2025-03-p5-9451-I7-CreN-9451-6m-Epith-HV-pA-K27,I7,159339.4,1312.508,-55.48709,313.0789,CreN_9451_pl5,luminal
exp2,N173,N167,N173T0874_CreN-9451-6m-Epith-HV-pA-K27,mCUT2025-03-p5-9451-J7-CreN-9451-6m-Epith-HV-pA-K27,J7,234041.4,4247.612,711.8928,675.8622,CreN_9451_pl5,luminal
exp2,N173,N167,N173T0875_CreN-9451-6m-Epith-HV-pA-K27,mCUT2025-03-p5-9451-K7-CreN-9451-6m-Epith-HV-pA-K27,K7,263842.9,1411.518,-5.08731,680.8315,CreN_9451_pl5,luminal
exp2,N173,N167,N173T0876_CreN-9451-6m-Epith-HV-pA-K27,mCUT2025-03-p5-9451-L7-CreN-9451-6m-Epith-HV-pA-K27,L7,12448.52,18267.53,553.2054,663.6708,CreN_9451_pl5,basal
exp2,N173,N167,N173T0877_CreN-9451-6m-Epith-HV-pA-K27,mCUT2025-03-p5-9451-M7-CreN-9451-6m-Epith-HV-pA-K27,M7,8345.22,9740.313,351.8498,650.0021,CreN_9451_pl5,basal
exp2,N173,N167,N173T0878_CreN-9451-6m-Epith-HV-pA-K27,mCUT2025-03-p5-9451-N7-CreN-9451-6m-Epith-HV-pA-K27,N7,23176.05,3656.516,260.4991,238.5235,CreN_9451_pl5,luminal
exp2,N173,N167,N173T0879_CreN-9451-6m-Epith-HV-pA-K27,mCUT2025-03-p5-9451-O7-CreN-9451-6m-Epith-HV-pA-K27,O7,167827.9,2170.981,511.0979,610.3356,CreN_9451_pl5,luminal
exp2,N173,N167,N173T0880_CreN-9451-6m-Epith-HV-pA-K27,mCUT2025-03-p5-9451-P7-CreN-9451-6m-Epith-HV-pA-K27,P7,95645.42,960.8429,688.2543,360.8118,CreN_9451_pl5,luminal
exp2,N173,N167,N173T0881_CreN-9451-6m-Epith-HV-pA-K27,mCUT2025-03-p5-9451-A8-CreN-9451-6m-Epith-HV-pA-K27,A8,192831.9,1839.865,590.5363,339.8049,CreN_9451_pl5,luminal
exp2,N173,N167,N173T0882_CreN-9451-6m-Epith-HV-pA-K27,mCUT2025-03-p5-9451-B8-CreN-9451-6m-Epith-HV-pA-K27,B8,146092.5,882.9824,115.4245,345.5454,CreN_9451_pl5,luminal
exp2,N173,N167,N173T0883_CreN-9451-6m-Epith-HV-pA-K27,mCUT2025-03-p5-9451-C8-CreN-9451-6m-Epith-HV-pA-K27,C8,10554.01,23513.66,718.6789,710.666,CreN_9451_pl5,basal
exp2,N173,N167,N173T0884_CreN-9451-6m-Epith-HV-pA-K27,mCUT2025-03-p5-9451-D8-CreN-9451-6m-Epith-HV-pA-K27,D8,88059.47,1181.568,-49.36319,259.9727,CreN_9451_pl5,luminal
exp2,N173,N167,N173T0885_CreN-9451-6m-Epith-HV-pA-K27,mCUT2025-03-p5-9451-E8-CreN-9451-6m-Epith-HV-pA-K27,E8,90403.3,549.6477,247.1714,455.0901,CreN_9451_pl5,luminal
exp2,N173,N167,N173T0886_CreN-9451-6m-Epith-HV-pA-K27,mCUT2025-03-p5-9451-F8-CreN-9451-6m-Epith-HV-pA-K27,F8,93025.06,46379.86,-233.234,271.0472,CreN_9451_pl5,basal
exp2,N173,N167,N173T0887_CreN-9451-6m-Epith-HV-pA-K27,mCUT2025-03-p5-9451-G8-CreN-9451-6m-Epith-HV-pA-K27,G8,202632.6,1898.065,292.6361,237.6615,CreN_9451_pl5,luminal
exp2,N173,N167,N173T0888_CreN-9451-6m-Epith-HV-pA-K27,mCUT2025-03-p5-9451-H8-CreN-9451-6m-Epith-HV-pA-K27,H8,52601.46,568.4541,377.523,414.3446,CreN_9451_pl5,luminal
exp2,N173,N167,N173T0889_CreN-9451-6m-Epith-HV-pA-K27,mCUT2025-03-p5-9451-I8-CreN-9451-6m-Epith-HV-pA-K27,I8,96766.62,1259.236,300.2801,354.3192,CreN_9451_pl5,luminal
exp2,N173,N167,N173T0890_CreN-9451-6m-Epith-HV-pA-K27,mCUT2025-03-p5-9451-J8-CreN-9451-6m-Epith-HV-pA-K27,J8,59836.12,1045.167,332.416,562.2503,CreN_9451_pl5,luminal
exp2,N173,N167,N173T0891_CreN-9451-6m-Epith-HV-pA-K27,mCUT2025-03-p5-9451-K8-CreN-9451-6m-Epith-HV-pA-K27,K8,66138.37,44535.5,207.463,63.04356,CreN_9451_pl5,basal
exp2,N173,N167,N173T0892_CreN-9451-6m-Epith-HV-pA-K27,mCUT2025-03-p5-9451-L8-CreN-9451-6m-Epith-HV-pA-K27,L8,20252.51,9285.914,461.2986,585.9431,CreN_9451_pl5,basal
exp2,N173,N167,N173T0893_CreN-9451-6m-Epith-HV-pA-K27,mCUT2025-03-p5-9451-M8-CreN-9451-6m-Epith-HV-pA-K27,M8,13883.21,12213.73,580.5566,654.3288,CreN_9451_pl5,basal
exp2,N173,N167,N173T0894_CreN-9451-6m-Epith-HV-pA-K27,mCUT2025-03-p5-9451-N8-CreN-9451-6m-Epith-HV-pA-K27,N8,46932.79,563.9735,512.9926,159.7275,CreN_9451_pl5,luminal
exp2,N173,N167,N173T0895_CreN-9451-6m-Epith-HV-pA-K27,mCUT2025-03-p5-9451-O8-CreN-9451-6m-Epith-HV-pA-K27,O8,239430.8,3333.343,421.6482,523.4024,CreN_9451_pl5,luminal
exp2,N173,N167,N173T0896_CreN-9451-6m-Epith-HV-pA-K27,mCUT2025-03-p5-9451-P8-CreN-9451-6m-Epith-HV-pA-K27,P8,88757.2,3432.069,371.5099,606.2155,CreN_9451_pl5,luminal
exp2,N173,N167,N173T0897_CreN-9451-6m-Epith-HV-pA-K27,mCUT2025-03-p5-9451-A9-CreN-9451-6m-Epith-HV-pA-K27,A9,137311.1,4013.178,306.0402,295.4997,CreN_9451_pl5,luminal
exp2,N173,N167,N173T0898_CreN-9451-6m-Epith-HV-pA-K27,mCUT2025-03-p5-9451-B9-CreN-9451-6m-Epith-HV-pA-K27,B9,120108.2,1889.968,7.306433,544.8617,CreN_9451_pl5,luminal
exp2,N173,N167,N173T0899_CreN-9451-6m-Epith-HV-pA-K27,mCUT2025-03-p5-9451-C9-CreN-9451-6m-Epith-HV-pA-K27,C9,42649.22,14478.5,29.36164,290.7633,CreN_9451_pl5,basal
exp2,N173,N167,N173T0900_CreN-9451-6m-Epith-HV-pA-K27,mCUT2025-03-p5-9451-D9-CreN-9451-6m-Epith-HV-pA-K27,D9,84124.55,977.627,-10.76229,343.7761,CreN_9451_pl5,luminal
exp2,N173,N167,N173T0901_CreN-9451-6m-Epith-HV-pA-K27,mCUT2025-03-p5-9451-E9-CreN-9451-6m-Epith-HV-pA-K27,E9,98090.58,23375.95,-309.648,339.7467,CreN_9451_pl5,basal
exp2,N173,N167,N173T0902_CreN-9451-6m-Epith-HV-pA-K27,mCUT2025-03-p5-9451-F9-CreN-9451-6m-Epith-HV-pA-K27,F9,32741.31,7345.763,-311.075,314.2879,CreN_9451_pl5,basal
exp2,N173,N167,N173T0903_CreN-9451-6m-Epith-HV-pA-K27,mCUT2025-03-p5-9451-G9-CreN-9451-6m-Epith-HV-pA-K27,G9,163948.7,4777.604,-289.8266,289.172,CreN_9451_pl5,luminal
exp2,N173,N167,N173T0904_CreN-9451-6m-Epith-HV-pA-K27,mCUT2025-03-p5-9451-H9-CreN-9451-6m-Epith-HV-pA-K27,H9,83545.36,33186.39,-47.0006,485.4344,CreN_9451_pl5,basal
exp2,N173,N167,N173T0905_CreN-9451-6m-Epith-HV-pA-K27,mCUT2025-03-p5-9451-I9-CreN-9451-6m-Epith-HV-pA-K27,I9,60878.18,976.4889,959.3297,-35.08826,CreN_9451_pl5,luminal
exp2,N173,N167,N173T0906_CreN-9451-6m-Epith-HV-pA-K27,mCUT2025-03-p5-9451-J9-CreN-9451-6m-Epith-HV-pA-K27,J9,87586.98,559.8708,16.52897,276.6948,CreN_9451_pl5,luminal
exp2,N173,N167,N173T0907_CreN-9451-6m-Epith-HV-pA-K27,mCUT2025-03-p5-9451-K9-CreN-9451-6m-Epith-HV-pA-K27,K9,115555.2,1720.981,223.3959,211.3666,CreN_9451_pl5,luminal
exp2,N173,N167,N173T0908_CreN-9451-6m-Epith-HV-pA-K27,mCUT2025-03-p5-9451-L9-CreN-9451-6m-Epith-HV-pA-K27,L9,83117.89,27013.87,-342.3793,468.4371,CreN_9451_pl5,basal
exp2,N173,N167,N173T0909_CreN-9451-6m-Epith-HV-pA-K27,mCUT2025-03-p5-9451-M9-CreN-9451-6m-Epith-HV-pA-K27,M9,93116.95,1596.539,1001.426,432.5642,CreN_9451_pl5,luminal
exp2,N173,N167,N173T0910_CreN-9451-6m-Epith-HV-pA-K27,mCUT2025-03-p5-9451-N9-CreN-9451-6m-Epith-HV-pA-K27,N9,72383.8,1686.457,285.7571,507.2523,CreN_9451_pl5,luminal
exp2,N173,N167,N173T0911_CreN-9451-6m-Epith-HV-pA-K27,mCUT2025-03-p5-9451-O9-CreN-9451-6m-Epith-HV-pA-K27,O9,185986.4,3051.067,269.1883,706.795,CreN_9451_pl5,luminal
exp2,N173,N167,N173T0912_CreN-9451-6m-Epith-HV-pA-K27,mCUT2025-03-p5-9451-P9-CreN-9451-6m-Epith-HV-pA-K27,P9,113980.8,11692.7,-162.3814,702.2514,CreN_9451_pl5,luminal
exp2,N173,N167,N173T0913_CreN-9451-6m-Epith-HV-pA-K27,mCUT2025-03-p5-9451-A10-CreN-9451-6m-Epith-HV-pA-K27,A10,210260.2,4488.218,161.1061,544.598,CreN_9451_pl5,luminal
exp2,N173,N167,N173T0914_CreN-9451-6m-Epith-HV-pA-K27,mCUT2025-03-p5-9451-B10-CreN-9451-6m-Epith-HV-pA-K27,B10,145921.8,3747.175,387.4947,389.8504,CreN_9451_pl5,luminal
exp2,N173,N167,N173T0915_CreN-9451-6m-Epith-HV-pA-K27,mCUT2025-03-p5-9451-C10-CreN-9451-6m-Epith-HV-pA-K27,C10,241257.1,2337.401,-349.2326,387.0574,CreN_9451_pl5,luminal
exp2,N173,N167,N173T0916_CreN-9451-6m-Epith-HV-pA-K27,mCUT2025-03-p5-9451-D10-CreN-9451-6m-Epith-HV-pA-K27,D10,106423.1,1982.084,402.4327,444.7759,CreN_9451_pl5,luminal
exp2,N173,N167,N173T0917_CreN-9451-6m-Epith-HV-pA-K27,mCUT2025-03-p5-9451-E10-CreN-9451-6m-Epith-HV-pA-K27,E10,123321.4,3922.156,226.9447,552.6937,CreN_9451_pl5,luminal
exp2,N173,N167,N173T0918_CreN-9451-6m-Epith-HV-pA-K27,mCUT2025-03-p5-9451-F10-CreN-9451-6m-Epith-HV-pA-K27,F10,63648.4,2210.501,266.59,367.6583,CreN_9451_pl5,luminal
exp2,N173,N167,N173T0919_CreN-9451-6m-Epith-HV-pA-K27,mCUT2025-03-p5-9451-G10-CreN-9451-6m-Epith-HV-pA-K27,G10,167835.8,2806.238,232.311,712.1528,CreN_9451_pl5,luminal
exp2,N173,N167,N173T0920_CreN-9451-6m-Epith-HV-pA-K27,mCUT2025-03-p5-9451-H10-CreN-9451-6m-Epith-HV-pA-K27,H10,211995.7,2415.832,934.6375,567.652,CreN_9451_pl5,luminal
exp2,N173,N167,N173T0921_CreN-9451-6m-Epith-HV-pA-K27,mCUT2025-03-p5-9451-I10-CreN-9451-6m-Epith-HV-pA-K27,I10,54168.88,2688.596,272.2039,393.7731,CreN_9451_pl5,luminal
exp2,N173,N167,N173T0922_CreN-9451-6m-Epith-HV-pA-K27,mCUT2025-03-p5-9451-J10-CreN-9451-6m-Epith-HV-pA-K27,J10,57585.57,685.7753,99.00822,366.2355,CreN_9451_pl5,luminal
exp2,N173,N167,N173T0923_CreN-9451-6m-Epith-HV-pA-K27,mCUT2025-03-p5-9451-K10-CreN-9451-6m-Epith-HV-pA-K27,K10,12217.93,18527.23,604.4675,583.0744,CreN_9451_pl5,basal
exp2,N173,N167,N173T0924_CreN-9451-6m-Epith-HV-pA-K27,mCUT2025-03-p5-9451-L10-CreN-9451-6m-Epith-HV-pA-K27,L10,87524.88,4129.926,200.7599,492.3804,CreN_9451_pl5,luminal
exp2,N173,N167,N173T0925_CreN-9451-6m-Epith-HV-pA-K27,mCUT2025-03-p5-9451-M10-CreN-9451-6m-Epith-HV-pA-K27,M10,23527.79,5298.375,137.3698,257.0569,CreN_9451_pl5,luminal
exp2,N173,N167,N173T0926_CreN-9451-6m-Epith-HV-pA-K27,mCUT2025-03-p5-9451-N10-CreN-9451-6m-Epith-HV-pA-K27,N10,188353.5,10571.88,127.832,371.5233,CreN_9451_pl5,luminal
exp2,N173,N167,N173T0927_CreN-9451-6m-Epith-HV-pA-K27,mCUT2025-03-p5-9451-O10-CreN-9451-6m-Epith-HV-pA-K27,O10,14427.57,20217.82,429.5002,670.5582,CreN_9451_pl5,basal
exp2,N173,N167,N173T0928_CreN-9451-6m-Epith-HV-pA-K27,mCUT2025-03-p5-9451-P10-CreN-9451-6m-Epith-HV-pA-K27,P10,48999.32,23621.48,-45.06392,36.52604,CreN_9451_pl5,basal
exp2,N173,N167,N173T0929_CreN-9451-6m-Epith-HV-pA-K27,mCUT2025-03-p5-9451-A11-CreN-9451-6m-Epith-HV-pA-K27,A11,127167.2,1436.809,603.9744,435.5212,CreN_9451_pl5,luminal
exp2,N173,N167,N173T0930_CreN-9451-6m-Epith-HV-pA-K27,mCUT2025-03-p5-9451-B11-CreN-9451-6m-Epith-HV-pA-K27,B11,12823.86,13304.04,462.0959,243.9922,CreN_9451_pl5,basal
exp2,N173,N167,N173T0931_CreN-9451-6m-Epith-HV-pA-K27,mCUT2025-03-p5-9451-C11-CreN-9451-6m-Epith-HV-pA-K27,C11,26656.83,3041.02,554.7836,388.6115,CreN_9451_pl5,luminal
exp2,N173,N167,N173T0932_CreN-9451-6m-Epith-HV-pA-K27,mCUT2025-03-p5-9451-D11-CreN-9451-6m-Epith-HV-pA-K27,D11,57177.29,12371.31,71.39626,13.41658,CreN_9451_pl5,basal
exp2,N173,N167,N173T0933_CreN-9451-6m-Epith-HV-pA-K27,mCUT2025-03-p5-9451-E11-CreN-9451-6m-Epith-HV-pA-K27,E11,96547.7,24546.29,-60.84763,439.7975,CreN_9451_pl5,basal
exp2,N173,N167,N173T0934_CreN-9451-6m-Epith-HV-pA-K27,mCUT2025-03-p5-9451-F11-CreN-9451-6m-Epith-HV-pA-K27,F11,53426.37,693.0264,153.6254,403.8934,CreN_9451_pl5,luminal
exp2,N173,N167,N173T0935_CreN-9451-6m-Epith-HV-pA-K27,mCUT2025-03-p5-9451-G11-CreN-9451-6m-Epith-HV-pA-K27,G11,120902.5,2078.854,250.0648,432.1323,CreN_9451_pl5,luminal
exp2,N173,N167,N173T0936_CreN-9451-6m-Epith-HV-pA-K27,mCUT2025-03-p5-9451-H11-CreN-9451-6m-Epith-HV-pA-K27,H11,16822.72,11007.09,91.89729,364.7845,CreN_9451_pl5,basal
exp2,N173,N167,N173T0937_CreN-9451-6m-Epith-HV-pA-K27,mCUT2025-03-p5-9451-I11-CreN-9451-6m-Epith-HV-pA-K27,I11,77781.92,3200.381,331.377,543.7592,CreN_9451_pl5,luminal
exp2,N173,N167,N173T0938_CreN-9451-6m-Epith-HV-pA-K27,mCUT2025-03-p5-9451-J11-CreN-9451-6m-Epith-HV-pA-K27,J11,18800.06,17920.42,934.136,520.4931,CreN_9451_pl5,basal
exp2,N173,N167,N173T0939_CreN-9451-6m-Epith-HV-pA-K27,mCUT2025-03-p5-9451-K11-CreN-9451-6m-Epith-HV-pA-K27,K11,94473.72,1350.985,170.4379,187.0285,CreN_9451_pl5,luminal
exp2,N173,N167,N173T0940_CreN-9451-6m-Epith-HV-pA-K27,mCUT2025-03-p5-9451-L11-CreN-9451-6m-Epith-HV-pA-K27,L11,160729,2755.759,318.7706,98.07259,CreN_9451_pl5,luminal
exp2,N173,N167,N173T0941_CreN-9451-6m-Epith-HV-pA-K27,mCUT2025-03-p5-9451-M11-CreN-9451-6m-Epith-HV-pA-K27,M11,59753.36,804.5938,-43.07601,230.9696,CreN_9451_pl5,luminal
exp2,N173,N167,N173T0942_CreN-9451-6m-Epith-HV-pA-K27,mCUT2025-03-p5-9451-N11-CreN-9451-6m-Epith-HV-pA-K27,N11,38535.65,63547.06,-257.9353,229.9736,CreN_9451_pl5,basal
exp2,N173,N167,N173T0943_CreN-9451-6m-Epith-HV-pA-K27,mCUT2025-03-p5-9451-O11-CreN-9451-6m-Epith-HV-pA-K27,O11,66131.45,2508.883,61.18851,378.4744,CreN_9451_pl5,luminal
exp2,N173,N167,N173T0944_CreN-9451-6m-Epith-HV-pA-K27,mCUT2025-03-p5-9451-P11-CreN-9451-6m-Epith-HV-pA-K27,P11,70097.02,46144.39,32.88973,445.2786,CreN_9451_pl5,basal
exp2,N173,N167,N173T0945_CreN-9451-6m-Epith-HV-pA-K27,mCUT2025-03-p5-9451-A12-CreN-9451-6m-Epith-HV-pA-K27,A12,75166.23,7807.474,396.0581,323.1407,CreN_9451_pl5,luminal
exp2,N173,N167,N173T0946_CreN-9451-6m-Epith-HV-pA-K27,mCUT2025-03-p5-9451-B12-CreN-9451-6m-Epith-HV-pA-K27,B12,15113.25,17794.74,504.3996,250.8415,CreN_9451_pl5,basal
exp2,N173,N167,N173T0947_CreN-9451-6m-Epith-HV-pA-K27,mCUT2025-03-p5-9451-C12-CreN-9451-6m-Epith-HV-pA-K27,C12,29963.08,20222.39,2389.458,408.6297,CreN_9451_pl5,basal
exp2,N173,N167,N173T0948_CreN-9451-6m-Epith-HV-pA-K27,mCUT2025-03-p5-9451-D12-CreN-9451-6m-Epith-HV-pA-K27,D12,7195.564,11046.2,145.1948,624.0847,CreN_9451_pl5,basal
exp2,N173,N167,N173T0949_CreN-9451-6m-Epith-HV-pA-K27,mCUT2025-03-p5-9451-E12-CreN-9451-6m-Epith-HV-pA-K27,E12,30885.86,1570.498,648.3772,170.8012,CreN_9451_pl5,luminal
exp2,N173,N167,N173T0950_CreN-9451-6m-Epith-HV-pA-K27,mCUT2025-03-p5-9451-F12-CreN-9451-6m-Epith-HV-pA-K27,F12,115156.2,3821.519,79.84452,92.49275,CreN_9451_pl5,luminal
exp2,N173,N167,N173T0951_CreN-9451-6m-Epith-HV-pA-K27,mCUT2025-03-p5-9451-G12-CreN-9451-6m-Epith-HV-pA-K27,G12,118189.6,1154.285,55.22403,432.6982,CreN_9451_pl5,luminal
exp2,N173,N167,N173T0952_CreN-9451-6m-Epith-HV-pA-K27,mCUT2025-03-p5-9451-H12-CreN-9451-6m-Epith-HV-pA-K27,H12,16334.23,16790.73,923.4905,534.094,CreN_9451_pl5,basal
exp2,N173,N167,N173T0953_CreN-9451-6m-Epith-HV-pA-K27,mCUT2025-03-p5-9451-I12-CreN-9451-6m-Epith-HV-pA-K27,I12,264972.3,2233.687,267.4724,394.7225,CreN_9451_pl5,luminal
exp2,N173,N167,N173T0954_CreN-9451-6m-Epith-HV-pA-K27,mCUT2025-03-p5-9451-J12-CreN-9451-6m-Epith-HV-pA-K27,J12,11511.62,29248.42,-246.1294,524.6557,CreN_9451_pl5,basal
exp2,N173,N167,N173T0955_CreN-9451-6m-Epith-HV-pA-K27,mCUT2025-03-p5-9451-K12-CreN-9451-6m-Epith-HV-pA-K27,K12,131229.7,2563.558,288.4238,163.1827,CreN_9451_pl5,luminal
exp2,N173,N167,N173T0956_CreN-9451-6m-Epith-HV-pA-K27,mCUT2025-03-p5-9451-L12-CreN-9451-6m-Epith-HV-pA-K27,L12,151856.4,1653.857,519.4557,506.7286,CreN_9451_pl5,luminal
exp2,N173,N167,N173T0961_CreN-9451-6m-Epith-HV-pA-K27,mCUT2025-03-p7-9451-A1-CreN-9451-6m-Epith-HV-pA-K4,A1,117351.2,37580.09,-156.9465,226.1023,CreN_9451_pl7,basal
exp2,N173,N167,N173T0962_CreN-9451-6m-Epith-HV-pA-K27,mCUT2025-03-p7-9451-B1-CreN-9451-6m-Epith-HV-pA-K4,B1,87479.59,4032.48,255.2964,236.6469,CreN_9451_pl7,luminal
exp2,N173,N167,N173T0963_CreN-9451-6m-Epith-HV-pA-K27,mCUT2025-03-p7-9451-C1-CreN-9451-6m-Epith-HV-pA-K4,C1,18314.17,15070.02,758.3859,709.5123,CreN_9451_pl7,basal
exp2,N173,N167,N173T0964_CreN-9451-6m-Epith-HV-pA-K27,mCUT2025-03-p7-9451-D1-CreN-9451-6m-Epith-HV-pA-K4,D1,15106.86,8191.256,176.3802,695.4401,CreN_9451_pl7,basal
exp2,N173,N167,N173T0965_CreN-9451-6m-Epith-HV-pA-K27,mCUT2025-03-p7-9451-E1-CreN-9451-6m-Epith-HV-pA-K4,E1,169744,8084.938,389.5943,244.7592,CreN_9451_pl7,luminal
exp2,N173,N167,N173T0966_CreN-9451-6m-Epith-HV-pA-K27,mCUT2025-03-p7-9451-F1-CreN-9451-6m-Epith-HV-pA-K4,F1,94955.95,1433.335,241.2447,173.929,CreN_9451_pl7,luminal
exp2,N173,N167,N173T0967_CreN-9451-6m-Epith-HV-pA-K27,mCUT2025-03-p7-9451-G1-CreN-9451-6m-Epith-HV-pA-K4,G1,340579.8,3677.568,172.947,490.3903,CreN_9451_pl7,luminal
exp2,N173,N167,N173T0968_CreN-9451-6m-Epith-HV-pA-K27,mCUT2025-03-p7-9451-H1-CreN-9451-6m-Epith-HV-pA-K4,H1,49076.96,29359.87,256.8753,225.3542,CreN_9451_pl7,basal
exp2,N173,N167,N173T0969_CreN-9451-6m-Epith-HV-pA-K27,mCUT2025-03-p7-9451-I1-CreN-9451-6m-Epith-HV-pA-K4,I1,173333.2,4139.27,-319.1495,204.6165,CreN_9451_pl7,luminal
exp2,N173,N167,N173T0970_CreN-9451-6m-Epith-HV-pA-K27,mCUT2025-03-p7-9451-J1-CreN-9451-6m-Epith-HV-pA-K4,J1,362734,3057.361,576.3197,316.953,CreN_9451_pl7,luminal
exp2,N173,N167,N173T0971_CreN-9451-6m-Epith-HV-pA-K27,mCUT2025-03-p7-9451-K1-CreN-9451-6m-Epith-HV-pA-K4,K1,126135.2,32227.03,580.1057,571.4962,CreN_9451_pl7,basal
exp2,N173,N167,N173T0972_CreN-9451-6m-Epith-HV-pA-K27,mCUT2025-03-p7-9451-L1-CreN-9451-6m-Epith-HV-pA-K4,L1,47601.43,45492.15,-177.6062,345.1039,CreN_9451_pl7,basal
exp2,N173,N167,N173T0973_CreN-9451-6m-Epith-HV-pA-K27,mCUT2025-03-p7-9451-M1-CreN-9451-6m-Epith-HV-pA-K4,M1,22338.64,9185.63,88.27763,342.8572,CreN_9451_pl7,basal
exp2,N173,N167,N173T0974_CreN-9451-6m-Epith-HV-pA-K27,mCUT2025-03-p7-9451-N1-CreN-9451-6m-Epith-HV-pA-K4,N1,189453.8,4114.724,-136.1727,74.86143,CreN_9451_pl7,luminal
exp2,N173,N167,N173T0975_CreN-9451-6m-Epith-HV-pA-K27,mCUT2025-03-p7-9451-O1-CreN-9451-6m-Epith-HV-pA-K4,O1,219018.7,1104.705,102.5748,265.4844,CreN_9451_pl7,luminal
exp2,N173,N167,N173T0976_CreN-9451-6m-Epith-HV-pA-K27,mCUT2025-03-p7-9451-P1-CreN-9451-6m-Epith-HV-pA-K4,P1,91776.53,3747.337,188.8207,157.0335,CreN_9451_pl7,luminal
exp2,N173,N167,N173T0977_CreN-9451-6m-Epith-HV-pA-K27,mCUT2025-03-p7-9451-A2-CreN-9451-6m-Epith-HV-pA-K4,A2,111133.8,1728.931,761.057,377.4523,CreN_9451_pl7,luminal
exp2,N173,N167,N173T0978_CreN-9451-6m-Epith-HV-pA-K27,mCUT2025-03-p7-9451-B2-CreN-9451-6m-Epith-HV-pA-K4,B2,17140.9,5914.899,-235.2162,133.4799,CreN_9451_pl7,basal
exp2,N173,N167,N173T0979_CreN-9451-6m-Epith-HV-pA-K27,mCUT2025-03-p7-9451-C2-CreN-9451-6m-Epith-HV-pA-K4,C2,8160.837,12498.26,-243.4637,466.2919,CreN_9451_pl7,basal
exp2,N173,N167,N173T0980_CreN-9451-6m-Epith-HV-pA-K27,mCUT2025-03-p7-9451-D2-CreN-9451-6m-Epith-HV-pA-K4,D2,255998.7,3806.26,-223.7007,158.2242,CreN_9451_pl7,luminal
exp2,N173,N167,N173T0981_CreN-9451-6m-Epith-HV-pA-K27,mCUT2025-03-p7-9451-E2-CreN-9451-6m-Epith-HV-pA-K4,E2,138937.3,6557.191,331.4671,286.8303,CreN_9451_pl7,luminal
exp2,N173,N167,N173T0982_CreN-9451-6m-Epith-HV-pA-K27,mCUT2025-03-p7-9451-F2-CreN-9451-6m-Epith-HV-pA-K4,F2,81542.76,45271.5,181.3714,239.2558,CreN_9451_pl7,basal
exp2,N173,N167,N173T0983_CreN-9451-6m-Epith-HV-pA-K27,mCUT2025-03-p7-9451-G2-CreN-9451-6m-Epith-HV-pA-K4,G2,9712.977,11261.03,519.6234,425.1043,CreN_9451_pl7,basal
exp2,N173,N167,N173T0984_CreN-9451-6m-Epith-HV-pA-K27,mCUT2025-03-p7-9451-H2-CreN-9451-6m-Epith-HV-pA-K4,H2,57868.35,15138.59,-2.120974,114.7309,CreN_9451_pl7,basal
exp2,N173,N167,N173T0985_CreN-9451-6m-Epith-HV-pA-K27,mCUT2025-03-p7-9451-I2-CreN-9451-6m-Epith-HV-pA-K4,I2,121129.6,1608.994,199.1002,475.3619,CreN_9451_pl7,luminal
exp2,N173,N167,N173T0986_CreN-9451-6m-Epith-HV-pA-K27,mCUT2025-03-p7-9451-J2-CreN-9451-6m-Epith-HV-pA-K4,J2,67221.23,901.7933,536.4937,117.2449,CreN_9451_pl7,luminal
exp2,N173,N167,N173T0987_CreN-9451-6m-Epith-HV-pA-K27,mCUT2025-03-p7-9451-K2-CreN-9451-6m-Epith-HV-pA-K4,K2,205133.8,2081.541,47.70272,501.3446,CreN_9451_pl7,luminal
exp2,N173,N167,N173T0988_CreN-9451-6m-Epith-HV-pA-K27,mCUT2025-03-p7-9451-L2-CreN-9451-6m-Epith-HV-pA-K4,L2,129446.4,693.0143,579.1307,105.1618,CreN_9451_pl7,luminal
exp2,N173,N167,N173T0989_CreN-9451-6m-Epith-HV-pA-K27,mCUT2025-03-p7-9451-M2-CreN-9451-6m-Epith-HV-pA-K4,M2,31753.09,2036.191,138.8114,253.0067,CreN_9451_pl7,luminal
exp2,N173,N167,N173T0990_CreN-9451-6m-Epith-HV-pA-K27,mCUT2025-03-p7-9451-N2-CreN-9451-6m-Epith-HV-pA-K4,N2,155301,505.5877,114.3282,158.0401,CreN_9451_pl7,luminal
exp2,N173,N167,N173T0991_CreN-9451-6m-Epith-HV-pA-K27,mCUT2025-03-p7-9451-O2-CreN-9451-6m-Epith-HV-pA-K4,O2,48835.55,36463.66,-373.661,325.6346,CreN_9451_pl7,basal
exp2,N173,N167,N173T0992_CreN-9451-6m-Epith-HV-pA-K27,mCUT2025-03-p7-9451-P2-CreN-9451-6m-Epith-HV-pA-K4,P2,151516.8,2846.268,150.3841,553.8389,CreN_9451_pl7,luminal
exp2,N173,N167,N173T0993_CreN-9451-6m-Epith-HV-pA-K27,mCUT2025-03-p7-9451-A3-CreN-9451-6m-Epith-HV-pA-K4,A3,289029.3,9448.126,499.9038,535.9194,CreN_9451_pl7,luminal
exp2,N173,N167,N173T0994_CreN-9451-6m-Epith-HV-pA-K27,mCUT2025-03-p7-9451-B3-CreN-9451-6m-Epith-HV-pA-K4,B3,175534,1187.615,395.2987,265.5826,CreN_9451_pl7,luminal
exp2,N173,N167,N173T0995_CreN-9451-6m-Epith-HV-pA-K27,mCUT2025-03-p7-9451-C3-CreN-9451-6m-Epith-HV-pA-K4,C3,8447.825,20143.4,330.252,205.9281,CreN_9451_pl7,basal
exp2,N173,N167,N173T0996_CreN-9451-6m-Epith-HV-pA-K27,mCUT2025-03-p7-9451-D3-CreN-9451-6m-Epith-HV-pA-K4,D3,86194.79,45782.85,116.9783,193.8837,CreN_9451_pl7,basal
exp2,N173,N167,N173T0997_CreN-9451-6m-Epith-HV-pA-K27,mCUT2025-03-p7-9451-E3-CreN-9451-6m-Epith-HV-pA-K4,E3,79657.85,34442.55,-72.11744,563.759,CreN_9451_pl7,basal
exp2,N173,N167,N173T0998_CreN-9451-6m-Epith-HV-pA-K27,mCUT2025-03-p7-9451-F3-CreN-9451-6m-Epith-HV-pA-K4,F3,49490.55,1973.449,195.7102,161.6775,CreN_9451_pl7,luminal
exp2,N173,N167,N173T0999_CreN-9451-6m-Epith-HV-pA-K27,mCUT2025-03-p7-9451-G3-CreN-9451-6m-Epith-HV-pA-K4,G3,97292.02,21079.85,-116.856,530.9519,CreN_9451_pl7,basal
exp2,N173,N167,N173T1000_CreN-9451-6m-Epith-HV-pA-K4,mCUT2025-03-p7-9451-H3-CreN-9451-6m-Epith-HV-pA-K4,H3,16986.21,6516.832,561.6327,427.6699,CreN_9451_pl7,basal
exp2,N173,N167,N173T1001_CreN-9451-6m-Epith-HV-pA-K4,mCUT2025-03-p7-9451-I3-CreN-9451-6m-Epith-HV-pA-K4,I3,92926.53,1043.905,339.3931,108.3592,CreN_9451_pl7,luminal
exp2,N173,N167,N173T1002_CreN-9451-6m-Epith-HV-pA-K4,mCUT2025-03-p7-9451-J3-CreN-9451-6m-Epith-HV-pA-K4,J3,186556.9,3099.47,-210.0072,33.34517,CreN_9451_pl7,luminal
exp2,N173,N167,N173T1003_CreN-9451-6m-Epith-HV-pA-K4,mCUT2025-03-p7-9451-K3-CreN-9451-6m-Epith-HV-pA-K4,K3,109945.3,2857.454,389.142,222.8337,CreN_9451_pl7,luminal
exp2,N173,N167,N173T1004_CreN-9451-6m-Epith-HV-pA-K4,mCUT2025-03-p7-9451-L3-CreN-9451-6m-Epith-HV-pA-K4,L3,139624.5,1204.341,-439.8886,566.5212,CreN_9451_pl7,luminal
exp2,N173,N167,N173T1005_CreN-9451-6m-Epith-HV-pA-K4,mCUT2025-03-p7-9451-M3-CreN-9451-6m-Epith-HV-pA-K4,M3,127213.5,2098.408,239.8524,277.697,CreN_9451_pl7,luminal
exp2,N173,N167,N173T1006_CreN-9451-6m-Epith-HV-pA-K4,mCUT2025-03-p7-9451-N3-CreN-9451-6m-Epith-HV-pA-K4,N3,50038.11,32425.01,110.3534,231.8017,CreN_9451_pl7,basal
exp2,N173,N167,N173T1007_CreN-9451-6m-Epith-HV-pA-K4,mCUT2025-03-p7-9451-O3-CreN-9451-6m-Epith-HV-pA-K4,O3,95463.81,1377.818,333.7948,671.2795,CreN_9451_pl7,luminal
exp2,N173,N167,N173T1008_CreN-9451-6m-Epith-HV-pA-K4,mCUT2025-03-p7-9451-P3-CreN-9451-6m-Epith-HV-pA-K4,P3,20455.97,4824.874,469.4024,120.0392,CreN_9451_pl7,luminal
exp2,N173,N167,N173T1009_CreN-9451-6m-Epith-HV-pA-K4,mCUT2025-03-p7-9451-A4-CreN-9451-6m-Epith-HV-pA-K4,A4,169321.7,4183.743,129.9528,253.353,CreN_9451_pl7,luminal
exp2,N173,N167,N173T1010_CreN-9451-6m-Epith-HV-pA-K4,mCUT2025-03-p7-9451-B4-CreN-9451-6m-Epith-HV-pA-K4,B4,92374.04,2589.547,487.4286,595.4538,CreN_9451_pl7,luminal
exp2,N173,N167,N173T1011_CreN-9451-6m-Epith-HV-pA-K4,mCUT2025-03-p7-9451-C4-CreN-9451-6m-Epith-HV-pA-K4,C4,136627.1,2004.407,339.6292,163.9719,CreN_9451_pl7,luminal
exp2,N173,N167,N173T1012_CreN-9451-6m-Epith-HV-pA-K4,mCUT2025-03-p7-9451-D4-CreN-9451-6m-Epith-HV-pA-K4,D4,30234.07,5505.966,139.0547,603.6257,CreN_9451_pl7,luminal
exp2,N173,N167,N173T1013_CreN-9451-6m-Epith-HV-pA-K4,mCUT2025-03-p7-9451-E4-CreN-9451-6m-Epith-HV-pA-K4,E4,64548.09,1152.774,103.8235,376.5567,CreN_9451_pl7,luminal
exp2,N173,N167,N173T1014_CreN-9451-6m-Epith-HV-pA-K4,mCUT2025-03-p7-9451-F4-CreN-9451-6m-Epith-HV-pA-K4,F4,101038.8,1439.299,389.5159,391.2739,CreN_9451_pl7,luminal
exp2,N173,N167,N173T1015_CreN-9451-6m-Epith-HV-pA-K4,mCUT2025-03-p7-9451-G4-CreN-9451-6m-Epith-HV-pA-K4,G4,199476.7,3695.156,107.6539,457.5507,CreN_9451_pl7,luminal
exp2,N173,N167,N173T1016_CreN-9451-6m-Epith-HV-pA-K4,mCUT2025-03-p7-9451-H4-CreN-9451-6m-Epith-HV-pA-K4,H4,101701.1,1593.633,211.2333,101.6294,CreN_9451_pl7,luminal
exp2,N173,N167,N173T1017_CreN-9451-6m-Epith-HV-pA-K4,mCUT2025-03-p7-9451-I4-CreN-9451-6m-Epith-HV-pA-K4,I4,11223.67,24743.94,925.5031,558.2215,CreN_9451_pl7,basal
exp2,N173,N167,N173T1018_CreN-9451-6m-Epith-HV-pA-K4,mCUT2025-03-p7-9451-J4-CreN-9451-6m-Epith-HV-pA-K4,J4,274697.9,2696.614,387.748,138.4796,CreN_9451_pl7,luminal
exp2,N173,N167,N173T1019_CreN-9451-6m-Epith-HV-pA-K4,mCUT2025-03-p7-9451-K4-CreN-9451-6m-Epith-HV-pA-K4,K4,191485.9,4299.064,96.95232,318.5384,CreN_9451_pl7,luminal
exp2,N173,N167,N173T1020_CreN-9451-6m-Epith-HV-pA-K4,mCUT2025-03-p7-9451-L4-CreN-9451-6m-Epith-HV-pA-K4,L4,15939.9,18370.3,349.8107,296.3524,CreN_9451_pl7,basal
exp2,N173,N167,N173T1021_CreN-9451-6m-Epith-HV-pA-K4,mCUT2025-03-p7-9451-M4-CreN-9451-6m-Epith-HV-pA-K4,M4,10878.48,16495.41,180.973,452.3881,CreN_9451_pl7,basal
exp2,N173,N167,N173T1022_CreN-9451-6m-Epith-HV-pA-K4,mCUT2025-03-p7-9451-N4-CreN-9451-6m-Epith-HV-pA-K4,N4,124893.5,1451.221,677.8132,565.7164,CreN_9451_pl7,luminal
exp2,N173,N167,N173T1023_CreN-9451-6m-Epith-HV-pA-K4,mCUT2025-03-p7-9451-O4-CreN-9451-6m-Epith-HV-pA-K4,O4,51800,29985,-25.82632,390.4984,CreN_9451_pl7,basal
exp2,N173,N167,N173T1024_CreN-9451-6m-Epith-HV-pA-K4,mCUT2025-03-p7-9451-P4-CreN-9451-6m-Epith-HV-pA-K4,P4,8210.372,21394.66,579.9588,614.4915,CreN_9451_pl7,basal
exp2,N173,N167,N173T1025_CreN-9451-6m-Epith-HV-pA-K4,mCUT2025-03-p7-9451-A5-CreN-9451-6m-Epith-HV-pA-K4,A5,65918.83,25848.8,-408.7008,489.1358,CreN_9451_pl7,basal
exp2,N173,N167,N173T1026_CreN-9451-6m-Epith-HV-pA-K4,mCUT2025-03-p7-9451-B5-CreN-9451-6m-Epith-HV-pA-K4,B5,111797.1,1244.185,32.06591,329.3698,CreN_9451_pl7,luminal
exp2,N173,N167,N173T1027_CreN-9451-6m-Epith-HV-pA-K4,mCUT2025-03-p7-9451-C5-CreN-9451-6m-Epith-HV-pA-K4,C5,31886.92,613.8815,738.7416,560.6217,CreN_9451_pl7,luminal
exp2,N173,N167,N173T1028_CreN-9451-6m-Epith-HV-pA-K4,mCUT2025-03-p7-9451-D5-CreN-9451-6m-Epith-HV-pA-K4,D5,13382.7,14162.06,707.6872,486.6859,CreN_9451_pl7,basal
exp2,N173,N167,N173T1029_CreN-9451-6m-Epith-HV-pA-K4,mCUT2025-03-p7-9451-E5-CreN-9451-6m-Epith-HV-pA-K4,E5,126138,2938.558,142.0527,476.2335,CreN_9451_pl7,luminal
exp2,N173,N167,N173T1030_CreN-9451-6m-Epith-HV-pA-K4,mCUT2025-03-p7-9451-F5-CreN-9451-6m-Epith-HV-pA-K4,F5,61206.51,34853.93,91.50211,331.8478,CreN_9451_pl7,basal
exp2,N173,N167,N173T1031_CreN-9451-6m-Epith-HV-pA-K4,mCUT2025-03-p7-9451-G5-CreN-9451-6m-Epith-HV-pA-K4,G5,55182.64,1699.213,326.4946,155.1977,CreN_9451_pl7,luminal
exp2,N173,N167,N173T1032_CreN-9451-6m-Epith-HV-pA-K4,mCUT2025-03-p7-9451-H5-CreN-9451-6m-Epith-HV-pA-K4,H5,101088.9,42943.66,633.1723,423.2113,CreN_9451_pl7,basal
exp2,N173,N167,N173T1033_CreN-9451-6m-Epith-HV-pA-K4,mCUT2025-03-p7-9451-I5-CreN-9451-6m-Epith-HV-pA-K4,I5,265070.9,6089.465,705.2592,621.4457,CreN_9451_pl7,luminal
exp2,N173,N167,N173T1034_CreN-9451-6m-Epith-HV-pA-K4,mCUT2025-03-p7-9451-J5-CreN-9451-6m-Epith-HV-pA-K4,J5,315378.9,5709.806,-248.2944,363.3507,CreN_9451_pl7,luminal
exp2,N173,N167,N173T1035_CreN-9451-6m-Epith-HV-pA-K4,mCUT2025-03-p7-9451-K5-CreN-9451-6m-Epith-HV-pA-K4,K5,42004.6,4614.698,135.7309,211.2851,CreN_9451_pl7,luminal
exp2,N173,N167,N173T1036_CreN-9451-6m-Epith-HV-pA-K4,mCUT2025-03-p7-9451-L5-CreN-9451-6m-Epith-HV-pA-K4,L5,127743.2,3564.272,-10.22017,660.4901,CreN_9451_pl7,luminal
exp2,N173,N167,N173T1037_CreN-9451-6m-Epith-HV-pA-K4,mCUT2025-03-p7-9451-M5-CreN-9451-6m-Epith-HV-pA-K4,M5,141477.9,29828.72,-378.4795,273.479,CreN_9451_pl7,basal
exp2,N173,N167,N173T1038_CreN-9451-6m-Epith-HV-pA-K4,mCUT2025-03-p7-9451-N5-CreN-9451-6m-Epith-HV-pA-K4,N5,314560.2,1076.041,444.9976,393.759,CreN_9451_pl7,luminal
exp2,N173,N167,N173T1039_CreN-9451-6m-Epith-HV-pA-K4,mCUT2025-03-p7-9451-O5-CreN-9451-6m-Epith-HV-pA-K4,O5,315298.3,4540.528,430.5718,343.5494,CreN_9451_pl7,luminal
exp2,N173,N167,N173T1040_CreN-9451-6m-Epith-HV-pA-K4,mCUT2025-03-p7-9451-P5-CreN-9451-6m-Epith-HV-pA-K4,P5,67326.35,34461.47,259.756,507.2568,CreN_9451_pl7,basal
exp2,N173,N167,N173T1041_CreN-9451-6m-Epith-HV-pA-K4,mCUT2025-03-p7-9451-A6-CreN-9451-6m-Epith-HV-pA-K4,A6,147253.8,5163.199,787.8076,456.4918,CreN_9451_pl7,luminal
exp2,N173,N167,N173T1042_CreN-9451-6m-Epith-HV-pA-K4,mCUT2025-03-p7-9451-B6-CreN-9451-6m-Epith-HV-pA-K4,B6,21597.77,2152.388,625.3705,508.5516,CreN_9451_pl7,luminal
exp2,N173,N167,N173T1043_CreN-9451-6m-Epith-HV-pA-K4,mCUT2025-03-p7-9451-C6-CreN-9451-6m-Epith-HV-pA-K4,C6,164486.7,21516.6,66.38071,496.9309,CreN_9451_pl7,basal
exp2,N173,N167,N173T1044_CreN-9451-6m-Epith-HV-pA-K4,mCUT2025-03-p7-9451-D6-CreN-9451-6m-Epith-HV-pA-K4,D6,58884.34,35610.45,321.8924,51.12814,CreN_9451_pl7,basal
exp2,N173,N167,N173T1045_CreN-9451-6m-Epith-HV-pA-K4,mCUT2025-03-p7-9451-E6-CreN-9451-6m-Epith-HV-pA-K4,E6,82927.72,38523.82,638.0656,593.558,CreN_9451_pl7,basal
exp2,N173,N167,N173T1046_CreN-9451-6m-Epith-HV-pA-K4,mCUT2025-03-p7-9451-F6-CreN-9451-6m-Epith-HV-pA-K4,F6,89406.52,39919.14,-70.30109,202.7147,CreN_9451_pl7,basal
exp2,N173,N167,N173T1047_CreN-9451-6m-Epith-HV-pA-K4,mCUT2025-03-p7-9451-G6-CreN-9451-6m-Epith-HV-pA-K4,G6,91267.84,20265.9,354.739,424.9283,CreN_9451_pl7,basal
exp2,N173,N167,N173T1048_CreN-9451-6m-Epith-HV-pA-K4,mCUT2025-03-p7-9451-H6-CreN-9451-6m-Epith-HV-pA-K4,H6,214990.6,2884.901,-315.4259,167.3801,CreN_9451_pl7,luminal
exp2,N173,N167,N173T1049_CreN-9451-6m-Epith-HV-pA-K4,mCUT2025-03-p7-9451-I6-CreN-9451-6m-Epith-HV-pA-K4,I6,126562.4,1248.256,331.3447,367.8936,CreN_9451_pl7,luminal
exp2,N173,N167,N173T1050_CreN-9451-6m-Epith-HV-pA-K4,mCUT2025-03-p7-9451-J6-CreN-9451-6m-Epith-HV-pA-K4,J6,29036.01,4815.075,419.7215,244.4964,CreN_9451_pl7,luminal
exp2,N173,N167,N173T1051_CreN-9451-6m-Epith-HV-pA-K4,mCUT2025-03-p7-9451-K6-CreN-9451-6m-Epith-HV-pA-K4,K6,10523.54,20588.9,461.0009,339.437,CreN_9451_pl7,basal
exp2,N173,N167,N173T1052_CreN-9451-6m-Epith-HV-pA-K4,mCUT2025-03-p7-9451-L6-CreN-9451-6m-Epith-HV-pA-K4,L6,87637.17,59305.24,-149.4988,588.4879,CreN_9451_pl7,basal
exp2,N173,N167,N173T1053_CreN-9451-6m-Epith-HV-pA-K4,mCUT2025-03-p7-9451-M6-CreN-9451-6m-Epith-HV-pA-K4,M6,135689.1,4417.843,475.624,446.7298,CreN_9451_pl7,luminal
exp2,N173,N167,N173T1054_CreN-9451-6m-Epith-HV-pA-K4,mCUT2025-03-p7-9451-N6-CreN-9451-6m-Epith-HV-pA-K4,N6,303805.8,2594.125,391.9839,383.9528,CreN_9451_pl7,luminal
exp2,N173,N167,N173T1055_CreN-9451-6m-Epith-HV-pA-K4,mCUT2025-03-p7-9451-O6-CreN-9451-6m-Epith-HV-pA-K4,O6,80356.56,37655.76,-411.4019,511.5728,CreN_9451_pl7,basal
exp2,N173,N167,N173T1056_CreN-9451-6m-Epith-HV-pA-K4,mCUT2025-03-p7-9451-P6-CreN-9451-6m-Epith-HV-pA-K4,P6,69249.41,1141.709,1042.225,621.6269,CreN_9451_pl7,luminal
exp2,N173,N167,N173T1057_CreN-9451-6m-Epith-HV-pA-K27,mCUT2025-03-p7-9451-A7-CreN-9451-6m-Epith-HV-pA-K27,A7,11675.76,7071.464,429.6853,543.4974,CreN_9451_pl7,basal
exp2,N173,N167,N173T1058_CreN-9451-6m-Epith-HV-pA-K27,mCUT2025-03-p7-9451-B7-CreN-9451-6m-Epith-HV-pA-K27,B7,53640.66,1527.294,238.7087,303.1381,CreN_9451_pl7,luminal
exp2,N173,N167,N173T1059_CreN-9451-6m-Epith-HV-pA-K27,mCUT2025-03-p7-9451-C7-CreN-9451-6m-Epith-HV-pA-K27,C7,112465.8,850.1735,-21.04482,258.3295,CreN_9451_pl7,luminal
exp2,N173,N167,N173T1060_CreN-9451-6m-Epith-HV-pA-K27,mCUT2025-03-p7-9451-D7-CreN-9451-6m-Epith-HV-pA-K27,D7,30352.35,47094.91,-290.2025,303.5138,CreN_9451_pl7,basal
exp2,N173,N167,N173T1061_CreN-9451-6m-Epith-HV-pA-K27,mCUT2025-03-p7-9451-E7-CreN-9451-6m-Epith-HV-pA-K27,E7,57035.74,22660.59,-152.3246,84.70527,CreN_9451_pl7,basal
exp2,N173,N167,N173T1062_CreN-9451-6m-Epith-HV-pA-K27,mCUT2025-03-p7-9451-F7-CreN-9451-6m-Epith-HV-pA-K27,F7,33131.29,24461.71,-106.3438,129.0975,CreN_9451_pl7,basal
exp2,N173,N167,N173T1063_CreN-9451-6m-Epith-HV-pA-K27,mCUT2025-03-p7-9451-G7-CreN-9451-6m-Epith-HV-pA-K27,G7,43776.85,1724.096,267.4749,-61.64151,CreN_9451_pl7,luminal
exp2,N173,N167,N173T1064_CreN-9451-6m-Epith-HV-pA-K27,mCUT2025-03-p7-9451-H7-CreN-9451-6m-Epith-HV-pA-K27,H7,261421.4,2662.009,252.422,323.9559,CreN_9451_pl7,luminal
exp2,N173,N167,N173T1065_CreN-9451-6m-Epith-HV-pA-K27,mCUT2025-03-p7-9451-I7-CreN-9451-6m-Epith-HV-pA-K27,I7,170184,523.7981,358.1599,518.8637,CreN_9451_pl7,luminal
exp2,N173,N167,N173T1066_CreN-9451-6m-Epith-HV-pA-K27,mCUT2025-03-p7-9451-J7-CreN-9451-6m-Epith-HV-pA-K27,J7,40872.45,1101.699,245.0665,232.5257,CreN_9451_pl7,luminal
exp2,N173,N167,N173T1067_CreN-9451-6m-Epith-HV-pA-K27,mCUT2025-03-p7-9451-K7-CreN-9451-6m-Epith-HV-pA-K27,K7,76706.07,12320.61,399.644,365.8932,CreN_9451_pl7,basal
exp2,N173,N167,N173T1068_CreN-9451-6m-Epith-HV-pA-K27,mCUT2025-03-p7-9451-L7-CreN-9451-6m-Epith-HV-pA-K27,L7,218474.3,2702.674,41.18461,288.6081,CreN_9451_pl7,luminal
exp2,N173,N167,N173T1069_CreN-9451-6m-Epith-HV-pA-K27,mCUT2025-03-p7-9451-M7-CreN-9451-6m-Epith-HV-pA-K27,M7,220964.8,4117.48,512.601,362.231,CreN_9451_pl7,luminal
exp2,N173,N167,N173T1070_CreN-9451-6m-Epith-HV-pA-K27,mCUT2025-03-p7-9451-N7-CreN-9451-6m-Epith-HV-pA-K27,N7,14260.16,9762.244,704.7768,439.0685,CreN_9451_pl7,basal
exp2,N173,N167,N173T1071_CreN-9451-6m-Epith-HV-pA-K27,mCUT2025-03-p7-9451-O7-CreN-9451-6m-Epith-HV-pA-K27,O7,26942.94,551.1526,196.6027,405.0957,CreN_9451_pl7,luminal
exp2,N173,N167,N173T1072_CreN-9451-6m-Epith-HV-pA-K27,mCUT2025-03-p7-9451-P7-CreN-9451-6m-Epith-HV-pA-K27,P7,90471.13,19590.75,298.179,212.1997,CreN_9451_pl7,basal
exp2,N173,N167,N173T1073_CreN-9451-6m-Epith-HV-pA-K27,mCUT2025-03-p7-9451-A8-CreN-9451-6m-Epith-HV-pA-K27,A8,41790.94,682.0822,286.7072,134.2841,CreN_9451_pl7,luminal
exp2,N173,N167,N173T1074_CreN-9451-6m-Epith-HV-pA-K27,mCUT2025-03-p7-9451-B8-CreN-9451-6m-Epith-HV-pA-K27,B8,69679.72,582.4435,179.761,275.1961,CreN_9451_pl7,luminal
exp2,N173,N167,N173T1075_CreN-9451-6m-Epith-HV-pA-K27,mCUT2025-03-p7-9451-C8-CreN-9451-6m-Epith-HV-pA-K27,C8,239821.8,1024.031,633.0544,566.8613,CreN_9451_pl7,luminal
exp2,N173,N167,N173T1076_CreN-9451-6m-Epith-HV-pA-K27,mCUT2025-03-p7-9451-D8-CreN-9451-6m-Epith-HV-pA-K27,D8,111733.7,530.5516,282.0757,267.7256,CreN_9451_pl7,luminal
exp2,N173,N167,N173T1077_CreN-9451-6m-Epith-HV-pA-K27,mCUT2025-03-p7-9451-E8-CreN-9451-6m-Epith-HV-pA-K27,E8,19542.78,21883.02,1038.561,559.3853,CreN_9451_pl7,basal
exp2,N173,N167,N173T1078_CreN-9451-6m-Epith-HV-pA-K27,mCUT2025-03-p7-9451-F8-CreN-9451-6m-Epith-HV-pA-K27,F8,21116.87,3918.567,233.4615,544.6324,CreN_9451_pl7,luminal
exp2,N173,N167,N173T1079_CreN-9451-6m-Epith-HV-pA-K27,mCUT2025-03-p7-9451-G8-CreN-9451-6m-Epith-HV-pA-K27,G8,15143.78,12998.21,532.2375,509.4599,CreN_9451_pl7,basal
exp2,N173,N167,N173T1080_CreN-9451-6m-Epith-HV-pA-K27,mCUT2025-03-p7-9451-H8-CreN-9451-6m-Epith-HV-pA-K27,H8,82423.5,15411.56,259.274,595.1456,CreN_9451_pl7,basal
exp2,N173,N167,N173T1081_CreN-9451-6m-Epith-HV-pA-K27,mCUT2025-03-p7-9451-I8-CreN-9451-6m-Epith-HV-pA-K27,I8,167684.5,1643.912,157.1248,230.0346,CreN_9451_pl7,luminal
exp2,N173,N167,N173T1082_CreN-9451-6m-Epith-HV-pA-K27,mCUT2025-03-p7-9451-J8-CreN-9451-6m-Epith-HV-pA-K27,J8,72528.8,1493.801,1187.521,447.3389,CreN_9451_pl7,luminal
exp2,N173,N167,N173T1083_CreN-9451-6m-Epith-HV-pA-K27,mCUT2025-03-p7-9451-K8-CreN-9451-6m-Epith-HV-pA-K27,K8,106310.6,518.3295,423.5406,521.9999,CreN_9451_pl7,luminal
exp2,N173,N167,N173T1084_CreN-9451-6m-Epith-HV-pA-K27,mCUT2025-03-p7-9451-L8-CreN-9451-6m-Epith-HV-pA-K27,L8,109607.2,893.5364,325.2913,290.2362,CreN_9451_pl7,luminal
exp2,N173,N167,N173T1085_CreN-9451-6m-Epith-HV-pA-K27,mCUT2025-03-p7-9451-M8-CreN-9451-6m-Epith-HV-pA-K27,M8,96388.88,1363.573,125.919,402.8183,CreN_9451_pl7,luminal
exp2,N173,N167,N173T1086_CreN-9451-6m-Epith-HV-pA-K27,mCUT2025-03-p7-9451-N8-CreN-9451-6m-Epith-HV-pA-K27,N8,92738.36,14332.28,492.5914,695.9487,CreN_9451_pl7,basal
exp2,N173,N167,N173T1087_CreN-9451-6m-Epith-HV-pA-K27,mCUT2025-03-p7-9451-O8-CreN-9451-6m-Epith-HV-pA-K27,O8,158803.2,1481.38,215.1181,349.5016,CreN_9451_pl7,luminal
exp2,N173,N167,N173T1088_CreN-9451-6m-Epith-HV-pA-K27,mCUT2025-03-p7-9451-P8-CreN-9451-6m-Epith-HV-pA-K27,P8,12443.26,14247.15,160.8877,553.0024,CreN_9451_pl7,basal
exp2,N173,N167,N173T1089_CreN-9451-6m-Epith-HV-pA-K27,mCUT2025-03-p7-9451-A9-CreN-9451-6m-Epith-HV-pA-K27,A9,77078.3,2487.445,223.9018,183.7981,CreN_9451_pl7,luminal
exp2,N173,N167,N173T1090_CreN-9451-6m-Epith-HV-pA-K27,mCUT2025-03-p7-9451-B9-CreN-9451-6m-Epith-HV-pA-K27,B9,389116.5,4519.34,-365.1411,214.1933,CreN_9451_pl7,luminal
exp2,N173,N167,N173T1091_CreN-9451-6m-Epith-HV-pA-K27,mCUT2025-03-p7-9451-C9-CreN-9451-6m-Epith-HV-pA-K27,C9,52367.95,29473.56,206.9699,311.4046,CreN_9451_pl7,basal
exp2,N173,N167,N173T1092_CreN-9451-6m-Epith-HV-pA-K27,mCUT2025-03-p7-9451-D9-CreN-9451-6m-Epith-HV-pA-K27,D9,56138.63,696.4698,1070.377,552.3776,CreN_9451_pl7,luminal
exp2,N173,N167,N173T1093_CreN-9451-6m-Epith-HV-pA-K27,mCUT2025-03-p7-9451-E9-CreN-9451-6m-Epith-HV-pA-K27,E9,137750.5,747.6314,-25.76472,347.3188,CreN_9451_pl7,luminal
exp2,N173,N167,N173T1094_CreN-9451-6m-Epith-HV-pA-K27,mCUT2025-03-p7-9451-F9-CreN-9451-6m-Epith-HV-pA-K27,F9,37693.91,27478.58,250.5729,215.0923,CreN_9451_pl7,basal
exp2,N173,N167,N173T1095_CreN-9451-6m-Epith-HV-pA-K27,mCUT2025-03-p7-9451-G9-CreN-9451-6m-Epith-HV-pA-K27,G9,515771.2,7903.139,-49.10953,355.5705,CreN_9451_pl7,luminal
exp2,N173,N167,N173T1096_CreN-9451-6m-Epith-HV-pA-K27,mCUT2025-03-p7-9451-H9-CreN-9451-6m-Epith-HV-pA-K27,H9,43045.43,4217.745,389.3757,106.0038,CreN_9451_pl7,luminal
exp2,N173,N167,N173T1097_CreN-9451-6m-Epith-HV-pA-K27,mCUT2025-03-p7-9451-I9-CreN-9451-6m-Epith-HV-pA-K27,I9,157509.8,696.7394,22.92676,220.9289,CreN_9451_pl7,luminal
exp2,N173,N167,N173T1098_CreN-9451-6m-Epith-HV-pA-K27,mCUT2025-03-p7-9451-J9-CreN-9451-6m-Epith-HV-pA-K27,J9,72512.37,1288.285,222.1025,522.5652,CreN_9451_pl7,luminal
exp2,N173,N167,N173T1099_CreN-9451-6m-Epith-HV-pA-K27,mCUT2025-03-p7-9451-K9-CreN-9451-6m-Epith-HV-pA-K27,K9,285281.7,5984.447,343.749,710.715,CreN_9451_pl7,luminal
exp2,N173,N167,N173T1100_CreN-9451-6m-Epith-HV-pA-K27,mCUT2025-03-p7-9451-L9-CreN-9451-6m-Epith-HV-pA-K27,L9,104199.7,3856.59,181.8221,247.2968,CreN_9451_pl7,luminal
exp2,N173,N167,N173T1101_CreN-9451-6m-Epith-HV-pA-K27,mCUT2025-03-p7-9451-M9-CreN-9451-6m-Epith-HV-pA-K27,M9,45356.65,778.3673,248.4386,291.3243,CreN_9451_pl7,luminal
exp2,N173,N167,N173T1102_CreN-9451-6m-Epith-HV-pA-K27,mCUT2025-03-p7-9451-N9-CreN-9451-6m-Epith-HV-pA-K27,N9,43108.62,34854.15,26.97814,457.5723,CreN_9451_pl7,basal
exp2,N173,N167,N173T1103_CreN-9451-6m-Epith-HV-pA-K27,mCUT2025-03-p7-9451-O9-CreN-9451-6m-Epith-HV-pA-K27,O9,24080.07,22266.82,-362.224,76.29865,CreN_9451_pl7,basal
exp2,N173,N167,N173T1104_CreN-9451-6m-Epith-HV-pA-K27,mCUT2025-03-p7-9451-P9-CreN-9451-6m-Epith-HV-pA-K27,P9,17831.61,6124.903,-107.966,406.6173,CreN_9451_pl7,basal
exp2,N173,N167,N173T1105_CreN-9451-6m-Epith-HV-pA-K27,mCUT2025-03-p7-9451-A10-CreN-9451-6m-Epith-HV-pA-K27,A10,32360.4,9069.819,1268.997,366.364,CreN_9451_pl7,basal
exp2,N173,N167,N173T1106_CreN-9451-6m-Epith-HV-pA-K27,mCUT2025-03-p7-9451-B10-CreN-9451-6m-Epith-HV-pA-K27,B10,62105.79,791.2362,58.26801,64.66158,CreN_9451_pl7,luminal
exp2,N173,N167,N173T1107_CreN-9451-6m-Epith-HV-pA-K27,mCUT2025-03-p7-9451-C10-CreN-9451-6m-Epith-HV-pA-K27,C10,326025,3918.015,507.0649,628.3662,CreN_9451_pl7,luminal
exp2,N173,N167,N173T1108_CreN-9451-6m-Epith-HV-pA-K27,mCUT2025-03-p7-9451-D10-CreN-9451-6m-Epith-HV-pA-K27,D10,303980.6,5605.154,66.71663,404.8144,CreN_9451_pl7,luminal
exp2,N173,N167,N173T1109_CreN-9451-6m-Epith-HV-pA-K27,mCUT2025-03-p7-9451-E10-CreN-9451-6m-Epith-HV-pA-K27,E10,62546.11,720.3611,621.8452,373.3372,CreN_9451_pl7,luminal
exp2,N173,N167,N173T1110_CreN-9451-6m-Epith-HV-pA-K27,mCUT2025-03-p7-9451-F10-CreN-9451-6m-Epith-HV-pA-K27,F10,56325.55,824.3413,145.1172,211.0394,CreN_9451_pl7,luminal
exp2,N173,N167,N173T1111_CreN-9451-6m-Epith-HV-pA-K27,mCUT2025-03-p7-9451-G10-CreN-9451-6m-Epith-HV-pA-K27,G10,43682.18,1056.029,315.1589,337.322,CreN_9451_pl7,luminal
exp2,N173,N167,N173T1112_CreN-9451-6m-Epith-HV-pA-K27,mCUT2025-03-p7-9451-H10-CreN-9451-6m-Epith-HV-pA-K27,H10,24632.5,2239.544,22.08985,86.57073,CreN_9451_pl7,luminal
exp2,N173,N167,N173T1113_CreN-9451-6m-Epith-HV-pA-K27,mCUT2025-03-p7-9451-I10-CreN-9451-6m-Epith-HV-pA-K27,I10,171501.1,1738.089,-67.91245,291.6989,CreN_9451_pl7,luminal
exp2,N173,N167,N173T1114_CreN-9451-6m-Epith-HV-pA-K27,mCUT2025-03-p7-9451-J10-CreN-9451-6m-Epith-HV-pA-K27,J10,206945.6,1115.505,892.0965,255.9206,CreN_9451_pl7,luminal
exp2,N173,N167,N173T1115_CreN-9451-6m-Epith-HV-pA-K27,mCUT2025-03-p7-9451-K10-CreN-9451-6m-Epith-HV-pA-K27,K10,10317.31,14284.23,836.0967,686.7698,CreN_9451_pl7,basal
exp2,N173,N167,N173T1116_CreN-9451-6m-Epith-HV-pA-K27,mCUT2025-03-p7-9451-L10-CreN-9451-6m-Epith-HV-pA-K27,L10,41090.04,892.1557,514.5037,379.1371,CreN_9451_pl7,luminal
exp2,N173,N167,N173T1117_CreN-9451-6m-Epith-HV-pA-K27,mCUT2025-03-p7-9451-M10-CreN-9451-6m-Epith-HV-pA-K27,M10,94644.16,1530.339,639.5006,383.4919,CreN_9451_pl7,luminal
exp2,N173,N167,N173T1118_CreN-9451-6m-Epith-HV-pA-K27,mCUT2025-03-p7-9451-N10-CreN-9451-6m-Epith-HV-pA-K27,N10,279608.4,4696.109,100.069,99.79356,CreN_9451_pl7,luminal
exp2,N173,N167,N173T1119_CreN-9451-6m-Epith-HV-pA-K27,mCUT2025-03-p7-9451-O10-CreN-9451-6m-Epith-HV-pA-K27,O10,85710.63,5353.078,503.6826,263.3732,CreN_9451_pl7,luminal
exp2,N173,N167,N173T1120_CreN-9451-6m-Epith-HV-pA-K27,mCUT2025-03-p7-9451-P10-CreN-9451-6m-Epith-HV-pA-K27,P10,97264.2,1332.238,286.5096,290.3389,CreN_9451_pl7,luminal
exp2,N173,N167,N173T1121_CreN-9451-6m-Epith-HV-pA-K27,mCUT2025-03-p7-9451-A11-CreN-9451-6m-Epith-HV-pA-K27,A11,21745.74,788.8256,-48.87178,498.6697,CreN_9451_pl7,luminal
exp2,N173,N167,N173T1122_CreN-9451-6m-Epith-HV-pA-K27,mCUT2025-03-p7-9451-B11-CreN-9451-6m-Epith-HV-pA-K27,B11,11546.33,8554.407,218.9805,537.121,CreN_9451_pl7,basal
exp2,N173,N167,N173T1123_CreN-9451-6m-Epith-HV-pA-K27,mCUT2025-03-p7-9451-C11-CreN-9451-6m-Epith-HV-pA-K27,C11,18790.74,18752.82,-127.709,649.7606,CreN_9451_pl7,basal
exp2,N173,N167,N173T1124_CreN-9451-6m-Epith-HV-pA-K27,mCUT2025-03-p7-9451-D11-CreN-9451-6m-Epith-HV-pA-K27,D11,175239.6,1067.184,469.7503,264.1044,CreN_9451_pl7,luminal
exp2,N173,N167,N173T1125_CreN-9451-6m-Epith-HV-pA-K27,mCUT2025-03-p7-9451-E11-CreN-9451-6m-Epith-HV-pA-K27,E11,72098.48,955.1182,563.6581,496.2051,CreN_9451_pl7,luminal
exp2,N173,N167,N173T1126_CreN-9451-6m-Epith-HV-pA-K27,mCUT2025-03-p7-9451-F11-CreN-9451-6m-Epith-HV-pA-K27,F11,95885.23,1563.298,360.7149,522.0862,CreN_9451_pl7,luminal
exp2,N173,N167,N173T1127_CreN-9451-6m-Epith-HV-pA-K27,mCUT2025-03-p7-9451-G11-CreN-9451-6m-Epith-HV-pA-K27,G11,65633.38,592.0036,329.4655,206.8133,CreN_9451_pl7,luminal
exp2,N173,N167,N173T1128_CreN-9451-6m-Epith-HV-pA-K27,mCUT2025-03-p7-9451-H11-CreN-9451-6m-Epith-HV-pA-K27,H11,79422.63,1220.552,301.3886,401.538,CreN_9451_pl7,luminal
exp2,N173,N167,N173T1129_CreN-9451-6m-Epith-HV-pA-K27,mCUT2025-03-p7-9451-I11-CreN-9451-6m-Epith-HV-pA-K27,I11,242479,3419.247,542.9741,426.6828,CreN_9451_pl7,luminal
exp2,N173,N167,N173T1130_CreN-9451-6m-Epith-HV-pA-K27,mCUT2025-03-p7-9451-J11-CreN-9451-6m-Epith-HV-pA-K27,J11,111903.6,1455.637,74.7646,455.8137,CreN_9451_pl7,luminal
exp2,N173,N167,N173T1131_CreN-9451-6m-Epith-HV-pA-K27,mCUT2025-03-p7-9451-K11-CreN-9451-6m-Epith-HV-pA-K27,K11,300379.4,3464.669,702.5879,274.1689,CreN_9451_pl7,luminal
exp2,N173,N167,N173T1132_CreN-9451-6m-Epith-HV-pA-K27,mCUT2025-03-p7-9451-L11-CreN-9451-6m-Epith-HV-pA-K27,L11,128577.5,9896.588,1028.284,227.4895,CreN_9451_pl7,luminal
exp2,N173,N167,N173T1133_CreN-9451-6m-Epith-HV-pA-K27,mCUT2025-03-p7-9451-M11-CreN-9451-6m-Epith-HV-pA-K27,M11,111028.1,2308.47,388.5931,313.386,CreN_9451_pl7,luminal
exp2,N173,N167,N173T1134_CreN-9451-6m-Epith-HV-pA-K27,mCUT2025-03-p7-9451-N11-CreN-9451-6m-Epith-HV-pA-K27,N11,44319.98,43736.71,270.4504,187.2127,CreN_9451_pl7,basal
exp2,N173,N167,N173T1135_CreN-9451-6m-Epith-HV-pA-K27,mCUT2025-03-p7-9451-O11-CreN-9451-6m-Epith-HV-pA-K27,O11,191043.5,2506.063,483.5114,681.5598,CreN_9451_pl7,luminal
exp2,N173,N167,N173T1136_CreN-9451-6m-Epith-HV-pA-K27,mCUT2025-03-p7-9451-P11-CreN-9451-6m-Epith-HV-pA-K27,P11,134130.9,48382.54,458.9953,445.5999,CreN_9451_pl7,basal
exp2,N173,N167,N173T1137_CreN-9451-6m-Epith-HV-pA-K27,mCUT2025-03-p7-9451-A12-CreN-9451-6m-Epith-HV-pA-K27,A12,191072.8,4615.501,401.5664,214.0066,CreN_9451_pl7,luminal
exp2,N173,N167,N173T1138_CreN-9451-6m-Epith-HV-pA-K27,mCUT2025-03-p7-9451-B12-CreN-9451-6m-Epith-HV-pA-K27,B12,38467.82,1889.038,93.78449,543.5118,CreN_9451_pl7,luminal
exp2,N173,N167,N173T1139_CreN-9451-6m-Epith-HV-pA-K27,mCUT2025-03-p7-9451-C12-CreN-9451-6m-Epith-HV-pA-K27,C12,69887.05,1331.72,740.326,542.3304,CreN_9451_pl7,luminal
exp2,N173,N167,N173T1140_CreN-9451-6m-Epith-HV-pA-K27,mCUT2025-03-p7-9451-D12-CreN-9451-6m-Epith-HV-pA-K27,D12,37097.91,1134.29,53.18905,32.00233,CreN_9451_pl7,luminal
exp2,N173,N167,N173T1141_CreN-9451-6m-Epith-HV-pA-K27,mCUT2025-03-p7-9451-E12-CreN-9451-6m-Epith-HV-pA-K27,E12,209476.2,1744.742,474.7606,469.069,CreN_9451_pl7,luminal
exp2,N173,N167,N173T1142_CreN-9451-6m-Epith-HV-pA-K27,mCUT2025-03-p7-9451-F12-CreN-9451-6m-Epith-HV-pA-K27,F12,92662.94,2886.893,216.9516,152.1219,CreN_9451_pl7,luminal
exp2,N173,N167,N173T1143_CreN-9451-6m-Epith-HV-pA-K27,mCUT2025-03-p7-9451-G12-CreN-9451-6m-Epith-HV-pA-K27,G12,57069.63,14984.19,77.36036,187.3914,CreN_9451_pl7,basal
exp2,N173,N167,N173T1144_CreN-9451-6m-Epith-HV-pA-K27,mCUT2025-03-p7-9451-H12-CreN-9451-6m-Epith-HV-pA-K27,H12,34676.38,1693.06,813.8741,194.6882,CreN_9451_pl7,luminal
exp2,N173,N167,N173T1145_CreN-9451-6m-Epith-HV-pA-K27,mCUT2025-03-p7-9451-I12-CreN-9451-6m-Epith-HV-pA-K27,I12,48858.12,18291.6,533.2516,381.9664,CreN_9451_pl7,basal
exp2,N173,N167,N173T1146_CreN-9451-6m-Epith-HV-pA-K27,mCUT2025-03-p7-9451-J12-CreN-9451-6m-Epith-HV-pA-K27,J12,92887.97,26295.23,138.6702,212.1926,CreN_9451_pl7,basal
exp2,N173,N167,N173T1147_CreN-9451-6m-Epith-HV-pA-K27,mCUT2025-03-p7-9451-K12-CreN-9451-6m-Epith-HV-pA-K27,K12,82051.33,1471.16,100.3303,34.70307,CreN_9451_pl7,luminal
exp2,N173,N167,N173T1148_CreN-9451-6m-Epith-HV-pA-K27,mCUT2025-03-p7-9451-L12-CreN-9451-6m-Epith-HV-pA-K27,L12,27083.31,19758.79,-569.1116,199.4898,CreN_9451_pl7,basal
exp2,N173,N167,N173T1149_CreN-9451-6m-Epith-HV-pA-K27,mCUT2025-03-p7-9451-M12-CreN-9451-6m-Epith-HV-pA-K27,M12,143684.4,1371.181,490.9087,375.2751,CreN_9451_pl7,luminal
exp2,N173,N167,N173T1150_CreN-9451-6m-Epith-HV-pA-K27,mCUT2025-03-p7-9451-N12-CreN-9451-6m-Epith-HV-pA-K27,N12,90169.62,1109.924,666.4234,239.4614,CreN_9451_pl7,luminal
exp2,N173,N167,N173T1151_CreN-9451-6m-Epith-HV-pA-K27,mCUT2025-03-p7-9451-O12-CreN-9451-6m-Epith-HV-pA-K27,O12,107968.4,2438.872,464.5093,328.179,CreN_9451_pl7,luminal
exp2,N173,N167,N173T1152_CreN-9451-6m-Epith-HV-pA-K27,mCUT2025-03-p7-9451-P12-CreN-9451-6m-Epith-HV-pA-K27,P12,104161.9,1415.184,221.486,354.5,CreN_9451_pl7,luminal
exp3,N173,N168,N173T1153_CreN-9603-3m-Epith-HV-pA-K4,mCUT2025-03-p6-9603-A1-CreN-9603-3m-Epith-HV-pA-K4,A1,33259.45,24482.64,105.5978,234.5993,CreN_9603_pl6,basal
exp3,N173,N168,N173T1154_CreN-9603-3m-Epith-HV-pA-K4,mCUT2025-03-p6-9603-B1-CreN-9603-3m-Epith-HV-pA-K4,B1,146961.9,1468.068,-1.357453,398.8273,CreN_9603_pl6,luminal
exp3,N173,N168,N173T1155_CreN-9603-3m-Epith-HV-pA-K4,mCUT2025-03-p6-9603-C1-CreN-9603-3m-Epith-HV-pA-K4,C1,251332,3233.144,-34.26337,184.2682,CreN_9603_pl6,luminal
exp3,N173,N168,N173T1156_CreN-9603-3m-Epith-HV-pA-K4,mCUT2025-03-p6-9603-D1-CreN-9603-3m-Epith-HV-pA-K4,D1,93469.02,879.858,229.9968,211.7659,CreN_9603_pl6,luminal
exp3,N173,N168,N173T1157_CreN-9603-3m-Epith-HV-pA-K4,mCUT2025-03-p6-9603-E1-CreN-9603-3m-Epith-HV-pA-K4,E1,204730.8,687.7418,118.7627,656.6752,CreN_9603_pl6,luminal
exp3,N173,N168,N173T1158_CreN-9603-3m-Epith-HV-pA-K4,mCUT2025-03-p6-9603-F1-CreN-9603-3m-Epith-HV-pA-K4,F1,125060,29260.03,358.9152,454.7046,CreN_9603_pl6,basal
exp3,N173,N168,N173T1159_CreN-9603-3m-Epith-HV-pA-K4,mCUT2025-03-p6-9603-G1-CreN-9603-3m-Epith-HV-pA-K4,G1,108786.3,797.7354,386.0914,503.0894,CreN_9603_pl6,luminal
exp3,N173,N168,N173T1160_CreN-9603-3m-Epith-HV-pA-K4,mCUT2025-03-p6-9603-H1-CreN-9603-3m-Epith-HV-pA-K4,H1,61454.4,28607.54,-687.2799,266.417,CreN_9603_pl6,basal
exp3,N173,N168,N173T1161_CreN-9603-3m-Epith-HV-pA-K4,mCUT2025-03-p6-9603-I1-CreN-9603-3m-Epith-HV-pA-K4,I1,43230.75,743.5674,148.7755,209.8581,CreN_9603_pl6,luminal
exp3,N173,N168,N173T1162_CreN-9603-3m-Epith-HV-pA-K4,mCUT2025-03-p6-9603-J1-CreN-9603-3m-Epith-HV-pA-K4,J1,46556.1,34384.07,214.7588,198.7439,CreN_9603_pl6,basal
exp3,N173,N168,N173T1163_CreN-9603-3m-Epith-HV-pA-K4,mCUT2025-03-p6-9603-K1-CreN-9603-3m-Epith-HV-pA-K4,K1,67222.2,14056.11,-134.3247,86.21716,CreN_9603_pl6,basal
exp3,N173,N168,N173T1164_CreN-9603-3m-Epith-HV-pA-K4,mCUT2025-03-p6-9603-L1-CreN-9603-3m-Epith-HV-pA-K4,L1,63653.27,19544.82,-84.58083,661.1622,CreN_9603_pl6,basal
exp3,N173,N168,N173T1165_CreN-9603-3m-Epith-HV-pA-K4,mCUT2025-03-p6-9603-M1-CreN-9603-3m-Epith-HV-pA-K4,M1,145458,1775.861,-60.2929,267.9045,CreN_9603_pl6,luminal
exp3,N173,N168,N173T1166_CreN-9603-3m-Epith-HV-pA-K4,mCUT2025-03-p6-9603-N1-CreN-9603-3m-Epith-HV-pA-K4,N1,87445.96,44513.92,365.3174,587.5406,CreN_9603_pl6,basal
exp3,N173,N168,N173T1167_CreN-9603-3m-Epith-HV-pA-K4,mCUT2025-03-p6-9603-O1-CreN-9603-3m-Epith-HV-pA-K4,O1,38932.89,3475.917,341.3625,488,CreN_9603_pl6,luminal
exp3,N173,N168,N173T1168_CreN-9603-3m-Epith-HV-pA-K4,mCUT2025-03-p6-9603-P1-CreN-9603-3m-Epith-HV-pA-K4,P1,100907.6,2887.375,299.4902,148.0917,CreN_9603_pl6,luminal
exp3,N173,N168,N173T1169_CreN-9603-3m-Epith-HV-pA-K4,mCUT2025-03-p6-9603-A2-CreN-9603-3m-Epith-HV-pA-K4,A2,297456.3,1424.34,386.6142,534.7944,CreN_9603_pl6,luminal
exp3,N173,N168,N173T1170_CreN-9603-3m-Epith-HV-pA-K4,mCUT2025-03-p6-9603-B2-CreN-9603-3m-Epith-HV-pA-K4,B2,54152.14,35610.84,6.752462,397.9742,CreN_9603_pl6,basal
exp3,N173,N168,N173T1171_CreN-9603-3m-Epith-HV-pA-K4,mCUT2025-03-p6-9603-C2-CreN-9603-3m-Epith-HV-pA-K4,C2,295904.3,3581.733,155.575,287.2424,CreN_9603_pl6,luminal
exp3,N173,N168,N173T1172_CreN-9603-3m-Epith-HV-pA-K4,mCUT2025-03-p6-9603-D2-CreN-9603-3m-Epith-HV-pA-K4,D2,7889.604,13276.1,223.18,170.4001,CreN_9603_pl6,basal
exp3,N173,N168,N173T1173_CreN-9603-3m-Epith-HV-pA-K4,mCUT2025-03-p6-9603-E2-CreN-9603-3m-Epith-HV-pA-K4,E2,215349.8,3710.26,318.1658,430.5049,CreN_9603_pl6,luminal
exp3,N173,N168,N173T1174_CreN-9603-3m-Epith-HV-pA-K4,mCUT2025-03-p6-9603-F2-CreN-9603-3m-Epith-HV-pA-K4,F2,203714,2445.956,462.4167,450.4689,CreN_9603_pl6,luminal
exp3,N173,N168,N173T1175_CreN-9603-3m-Epith-HV-pA-K4,mCUT2025-03-p6-9603-G2-CreN-9603-3m-Epith-HV-pA-K4,G2,27759.36,2981.384,335.3967,169.5851,CreN_9603_pl6,luminal
exp3,N173,N168,N173T1176_CreN-9603-3m-Epith-HV-pA-K4,mCUT2025-03-p6-9603-H2-CreN-9603-3m-Epith-HV-pA-K4,H2,147160.5,1418.398,261.1179,460.2391,CreN_9603_pl6,luminal
exp3,N173,N168,N173T1177_CreN-9603-3m-Epith-HV-pA-K4,mCUT2025-03-p6-9603-I2-CreN-9603-3m-Epith-HV-pA-K4,I2,52847.83,710.6418,2585.049,466.8195,CreN_9603_pl6,luminal
exp3,N173,N168,N173T1178_CreN-9603-3m-Epith-HV-pA-K4,mCUT2025-03-p6-9603-J2-CreN-9603-3m-Epith-HV-pA-K4,J2,7963.025,11574.94,147.3183,192.7103,CreN_9603_pl6,basal
exp3,N173,N168,N173T1179_CreN-9603-3m-Epith-HV-pA-K4,mCUT2025-03-p6-9603-K2-CreN-9603-3m-Epith-HV-pA-K4,K2,96191.32,492.7614,20.95455,223.091,CreN_9603_pl6,luminal
exp3,N173,N168,N173T1180_CreN-9603-3m-Epith-HV-pA-K4,mCUT2025-03-p6-9603-L2-CreN-9603-3m-Epith-HV-pA-K4,L2,120736.3,1387.721,282.5465,340.3093,CreN_9603_pl6,luminal
exp3,N173,N168,N173T1181_CreN-9603-3m-Epith-HV-pA-K4,mCUT2025-03-p6-9603-M2-CreN-9603-3m-Epith-HV-pA-K4,M2,36375.61,59571.52,113.4283,248.8059,CreN_9603_pl6,basal
exp3,N173,N168,N173T1182_CreN-9603-3m-Epith-HV-pA-K4,mCUT2025-03-p6-9603-N2-CreN-9603-3m-Epith-HV-pA-K4,N2,147524.9,1444.756,247.4738,422.0437,CreN_9603_pl6,luminal
exp3,N173,N168,N173T1183_CreN-9603-3m-Epith-HV-pA-K4,mCUT2025-03-p6-9603-O2-CreN-9603-3m-Epith-HV-pA-K4,O2,161916.9,929.2039,352.8787,524.3757,CreN_9603_pl6,luminal
exp3,N173,N168,N173T1184_CreN-9603-3m-Epith-HV-pA-K4,mCUT2025-03-p6-9603-P2-CreN-9603-3m-Epith-HV-pA-K4,P2,25372.04,1800.842,326.7395,284.3281,CreN_9603_pl6,luminal
exp3,N173,N168,N173T1185_CreN-9603-3m-Epith-HV-pA-K4,mCUT2025-03-p6-9603-A3-CreN-9603-3m-Epith-HV-pA-K4,A3,27024,2981.337,222.6756,354.1116,CreN_9603_pl6,luminal
exp3,N173,N168,N173T1186_CreN-9603-3m-Epith-HV-pA-K4,mCUT2025-03-p6-9603-B3-CreN-9603-3m-Epith-HV-pA-K4,B3,155963.6,3174.974,-6.015903,432.8019,CreN_9603_pl6,luminal
exp3,N173,N168,N173T1187_CreN-9603-3m-Epith-HV-pA-K4,mCUT2025-03-p6-9603-C3-CreN-9603-3m-Epith-HV-pA-K4,C3,36533.2,7252.041,196.5676,277.86,CreN_9603_pl6,luminal
exp3,N173,N168,N173T1188_CreN-9603-3m-Epith-HV-pA-K4,mCUT2025-03-p6-9603-D3-CreN-9603-3m-Epith-HV-pA-K4,D3,20340.53,711.5974,489.3995,161.0667,CreN_9603_pl6,luminal
exp3,N173,N168,N173T1189_CreN-9603-3m-Epith-HV-pA-K4,mCUT2025-03-p6-9603-E3-CreN-9603-3m-Epith-HV-pA-K4,E3,21197.82,1481.541,60.7807,406.4679,CreN_9603_pl6,luminal
exp3,N173,N168,N173T1190_CreN-9603-3m-Epith-HV-pA-K4,mCUT2025-03-p6-9603-F3-CreN-9603-3m-Epith-HV-pA-K4,F3,251346,1227.721,370.9256,468.87,CreN_9603_pl6,luminal
exp3,N173,N168,N173T1191_CreN-9603-3m-Epith-HV-pA-K4,mCUT2025-03-p6-9603-G3-CreN-9603-3m-Epith-HV-pA-K4,G3,163135.7,1517.117,-141.3008,358.2656,CreN_9603_pl6,luminal
exp3,N173,N168,N173T1192_CreN-9603-3m-Epith-HV-pA-K4,mCUT2025-03-p6-9603-H3-CreN-9603-3m-Epith-HV-pA-K4,H3,101654.5,552.7399,998.0806,273.1279,CreN_9603_pl6,luminal
exp3,N173,N168,N173T1193_CreN-9603-3m-Epith-HV-pA-K4,mCUT2025-03-p6-9603-I3-CreN-9603-3m-Epith-HV-pA-K4,I3,60913.55,1080.496,320.6293,445.9275,CreN_9603_pl6,luminal
exp3,N173,N168,N173T1194_CreN-9603-3m-Epith-HV-pA-K4,mCUT2025-03-p6-9603-J3-CreN-9603-3m-Epith-HV-pA-K4,J3,17710.85,23763.56,85.55877,-205.6391,CreN_9603_pl6,basal
exp3,N173,N168,N173T1195_CreN-9603-3m-Epith-HV-pA-K4,mCUT2025-03-p6-9603-K3-CreN-9603-3m-Epith-HV-pA-K4,K3,95070.36,5718.101,395.5115,229.4102,CreN_9603_pl6,luminal
exp3,N173,N168,N173T1196_CreN-9603-3m-Epith-HV-pA-K4,mCUT2025-03-p6-9603-L3-CreN-9603-3m-Epith-HV-pA-K4,L3,67271.2,53843.43,185.1002,283.7304,CreN_9603_pl6,basal
exp3,N173,N168,N173T1197_CreN-9603-3m-Epith-HV-pA-K4,mCUT2025-03-p6-9603-M3-CreN-9603-3m-Epith-HV-pA-K4,M3,27724.95,3750.063,104.4147,437.9166,CreN_9603_pl6,luminal
exp3,N173,N168,N173T1198_CreN-9603-3m-Epith-HV-pA-K4,mCUT2025-03-p6-9603-N3-CreN-9603-3m-Epith-HV-pA-K4,N3,54748.05,29714.57,116.2387,394.2108,CreN_9603_pl6,basal
exp3,N173,N168,N173T1199_CreN-9603-3m-Epith-HV-pA-K4,mCUT2025-03-p6-9603-O3-CreN-9603-3m-Epith-HV-pA-K4,O3,139922.9,1169.725,530.4705,158.1743,CreN_9603_pl6,luminal
exp3,N173,N168,N173T1200_CreN-9603-3m-Epith-HV-pA-K4,mCUT2025-03-p6-9603-P3-CreN-9603-3m-Epith-HV-pA-K4,P3,327117,1524.289,296.4159,239.2691,CreN_9603_pl6,luminal
exp3,N173,N168,N173T1201_CreN-9603-3m-Epith-HV-pA-K4,mCUT2025-03-p6-9603-A4-CreN-9603-3m-Epith-HV-pA-K4,A4,24139.33,6480.05,313.0392,170.7062,CreN_9603_pl6,basal
exp3,N173,N168,N173T1202_CreN-9603-3m-Epith-HV-pA-K4,mCUT2025-03-p6-9603-B4-CreN-9603-3m-Epith-HV-pA-K4,B4,152465.6,4347.06,-233.7855,152.6849,CreN_9603_pl6,luminal
exp3,N173,N168,N173T1203_CreN-9603-3m-Epith-HV-pA-K4,mCUT2025-03-p6-9603-C4-CreN-9603-3m-Epith-HV-pA-K4,C4,8278.214,16165.46,92.38241,481.1882,CreN_9603_pl6,basal
exp3,N173,N168,N173T1204_CreN-9603-3m-Epith-HV-pA-K4,mCUT2025-03-p6-9603-D4-CreN-9603-3m-Epith-HV-pA-K4,D4,50716.04,24763.22,371.7623,217.8103,CreN_9603_pl6,basal
exp3,N173,N168,N173T1205_CreN-9603-3m-Epith-HV-pA-K4,mCUT2025-03-p6-9603-E4-CreN-9603-3m-Epith-HV-pA-K4,E4,28099.12,29621.78,425.3913,116.1205,CreN_9603_pl6,basal
exp3,N173,N168,N173T1206_CreN-9603-3m-Epith-HV-pA-K4,mCUT2025-03-p6-9603-F4-CreN-9603-3m-Epith-HV-pA-K4,F4,149212,2398.772,-40.26643,601.5488,CreN_9603_pl6,luminal
exp3,N173,N168,N173T1207_CreN-9603-3m-Epith-HV-pA-K4,mCUT2025-03-p6-9603-G4-CreN-9603-3m-Epith-HV-pA-K4,G4,247644.3,2002.011,389.6227,708.5901,CreN_9603_pl6,luminal
exp3,N173,N168,N173T1208_CreN-9603-3m-Epith-HV-pA-K4,mCUT2025-03-p6-9603-H4-CreN-9603-3m-Epith-HV-pA-K4,H4,154615.7,1656.355,257.1676,234.6448,CreN_9603_pl6,luminal
exp3,N173,N168,N173T1209_CreN-9603-3m-Epith-HV-pA-K4,mCUT2025-03-p6-9603-I4-CreN-9603-3m-Epith-HV-pA-K4,I4,39844.59,3414.555,157.8653,367.0727,CreN_9603_pl6,luminal
exp3,N173,N168,N173T1210_CreN-9603-3m-Epith-HV-pA-K4,mCUT2025-03-p6-9603-J4-CreN-9603-3m-Epith-HV-pA-K4,J4,65412.78,52097.1,444.9952,298.61,CreN_9603_pl6,basal
exp3,N173,N168,N173T1211_CreN-9603-3m-Epith-HV-pA-K4,mCUT2025-03-p6-9603-K4-CreN-9603-3m-Epith-HV-pA-K4,K4,185605.7,5860.316,975.0054,607.8246,CreN_9603_pl6,luminal
exp3,N173,N168,N173T1212_CreN-9603-3m-Epith-HV-pA-K4,mCUT2025-03-p6-9603-L4-CreN-9603-3m-Epith-HV-pA-K4,L4,275691.8,3067.258,941.2745,465.127,CreN_9603_pl6,luminal
exp3,N173,N168,N173T1213_CreN-9603-3m-Epith-HV-pA-K4,mCUT2025-03-p6-9603-M4-CreN-9603-3m-Epith-HV-pA-K4,M4,27682.13,765.7899,1285.86,312.7,CreN_9603_pl6,luminal
exp3,N173,N168,N173T1214_CreN-9603-3m-Epith-HV-pA-K4,mCUT2025-03-p6-9603-N4-CreN-9603-3m-Epith-HV-pA-K4,N4,16185.62,12846.24,1087.037,502.0952,CreN_9603_pl6,basal
exp3,N173,N168,N173T1215_CreN-9603-3m-Epith-HV-pA-K4,mCUT2025-03-p6-9603-O4-CreN-9603-3m-Epith-HV-pA-K4,O4,7492.696,20505.03,1379.329,368.8611,CreN_9603_pl6,basal
exp3,N173,N168,N173T1216_CreN-9603-3m-Epith-HV-pA-K4,mCUT2025-03-p6-9603-P4-CreN-9603-3m-Epith-HV-pA-K4,P4,77298.35,3956.794,321.3257,444.2056,CreN_9603_pl6,luminal
exp3,N173,N168,N173T1217_CreN-9603-3m-Epith-HV-pA-K4,mCUT2025-03-p6-9603-A5-CreN-9603-3m-Epith-HV-pA-K4,A5,16035.75,12936.78,165.8485,58.32549,CreN_9603_pl6,basal
exp3,N173,N168,N173T1218_CreN-9603-3m-Epith-HV-pA-K4,mCUT2025-03-p6-9603-B5-CreN-9603-3m-Epith-HV-pA-K4,B5,74567.86,559.054,-33.33083,34.07108,CreN_9603_pl6,luminal
exp3,N173,N168,N173T1219_CreN-9603-3m-Epith-HV-pA-K4,mCUT2025-03-p6-9603-C5-CreN-9603-3m-Epith-HV-pA-K4,C5,115932.3,51033.68,123.0103,638.8568,CreN_9603_pl6,basal
exp3,N173,N168,N173T1220_CreN-9603-3m-Epith-HV-pA-K4,mCUT2025-03-p6-9603-D5-CreN-9603-3m-Epith-HV-pA-K4,D5,30677.65,28361.64,-245.9772,420.6979,CreN_9603_pl6,basal
exp3,N173,N168,N173T1221_CreN-9603-3m-Epith-HV-pA-K4,mCUT2025-03-p6-9603-E5-CreN-9603-3m-Epith-HV-pA-K4,E5,10594.27,15734.41,91.76523,453.5836,CreN_9603_pl6,basal
exp3,N173,N168,N173T1222_CreN-9603-3m-Epith-HV-pA-K4,mCUT2025-03-p6-9603-F5-CreN-9603-3m-Epith-HV-pA-K4,F5,99496.59,951.8441,195.9536,304.4108,CreN_9603_pl6,luminal
exp3,N173,N168,N173T1223_CreN-9603-3m-Epith-HV-pA-K4,mCUT2025-03-p6-9603-G5-CreN-9603-3m-Epith-HV-pA-K4,G5,187229.2,3444.761,280.0413,645.7297,CreN_9603_pl6,luminal
exp3,N173,N168,N173T1224_CreN-9603-3m-Epith-HV-pA-K4,mCUT2025-03-p6-9603-H5-CreN-9603-3m-Epith-HV-pA-K4,H5,51114.67,3798.72,209.372,680.976,CreN_9603_pl6,luminal
exp3,N173,N168,N173T1225_CreN-9603-3m-Epith-HV-pA-K4,mCUT2025-03-p6-9603-I5-CreN-9603-3m-Epith-HV-pA-K4,I5,62040.07,20910.79,265.012,287.9577,CreN_9603_pl6,basal
exp3,N173,N168,N173T1226_CreN-9603-3m-Epith-HV-pA-K4,mCUT2025-03-p6-9603-J5-CreN-9603-3m-Epith-HV-pA-K4,J5,161835.6,3275.98,31.22307,153.169,CreN_9603_pl6,luminal
exp3,N173,N168,N173T1227_CreN-9603-3m-Epith-HV-pA-K4,mCUT2025-03-p6-9603-K5-CreN-9603-3m-Epith-HV-pA-K4,K5,82286.73,3414.17,333.3516,143.438,CreN_9603_pl6,luminal
exp3,N173,N168,N173T1228_CreN-9603-3m-Epith-HV-pA-K4,mCUT2025-03-p6-9603-L5-CreN-9603-3m-Epith-HV-pA-K4,L5,62676.33,17872.8,147.0725,151.9608,CreN_9603_pl6,basal
exp3,N173,N168,N173T1229_CreN-9603-3m-Epith-HV-pA-K4,mCUT2025-03-p6-9603-M5-CreN-9603-3m-Epith-HV-pA-K4,M5,72467.77,3713.474,355.9167,581.7756,CreN_9603_pl6,luminal
exp3,N173,N168,N173T1230_CreN-9603-3m-Epith-HV-pA-K4,mCUT2025-03-p6-9603-N5-CreN-9603-3m-Epith-HV-pA-K4,N5,141635,813.6605,21.15071,486.2411,CreN_9603_pl6,luminal
exp3,N173,N168,N173T1231_CreN-9603-3m-Epith-HV-pA-K4,mCUT2025-03-p6-9603-O5-CreN-9603-3m-Epith-HV-pA-K4,O5,60067.64,956.2793,223.2124,224.1673,CreN_9603_pl6,luminal
exp3,N173,N168,N173T1232_CreN-9603-3m-Epith-HV-pA-K4,mCUT2025-03-p6-9603-P5-CreN-9603-3m-Epith-HV-pA-K4,P5,9184.861,15939.95,783.8616,615.5054,CreN_9603_pl6,basal
exp3,N173,N168,N173T1233_CreN-9603-3m-Epith-HV-pA-K4,mCUT2025-03-p6-9603-A6-CreN-9603-3m-Epith-HV-pA-K4,A6,91015.56,33001.67,-76.69646,399.3283,CreN_9603_pl6,basal
exp3,N173,N168,N173T1234_CreN-9603-3m-Epith-HV-pA-K4,mCUT2025-03-p6-9603-B6-CreN-9603-3m-Epith-HV-pA-K4,B6,109788.2,23584.48,-291.0586,463.4873,CreN_9603_pl6,basal
exp3,N173,N168,N173T1235_CreN-9603-3m-Epith-HV-pA-K4,mCUT2025-03-p6-9603-C6-CreN-9603-3m-Epith-HV-pA-K4,C6,51704.68,31080.32,-729.5511,104.5377,CreN_9603_pl6,basal
exp3,N173,N168,N173T1236_CreN-9603-3m-Epith-HV-pA-K4,mCUT2025-03-p6-9603-D6-CreN-9603-3m-Epith-HV-pA-K4,D6,46819.99,1225.454,661.6324,662.6918,CreN_9603_pl6,luminal
exp3,N173,N168,N173T1237_CreN-9603-3m-Epith-HV-pA-K4,mCUT2025-03-p6-9603-E6-CreN-9603-3m-Epith-HV-pA-K4,E6,102950.4,525.5044,351.251,357.2159,CreN_9603_pl6,luminal
exp3,N173,N168,N173T1238_CreN-9603-3m-Epith-HV-pA-K4,mCUT2025-03-p6-9603-F6-CreN-9603-3m-Epith-HV-pA-K4,F6,70631.9,10134.33,-70.84717,310.9879,CreN_9603_pl6,luminal
exp3,N173,N168,N173T1239_CreN-9603-3m-Epith-HV-pA-K4,mCUT2025-03-p6-9603-G6-CreN-9603-3m-Epith-HV-pA-K4,G6,84226.77,31257.67,59.44561,139.5722,CreN_9603_pl6,basal
exp3,N173,N168,N173T1240_CreN-9603-3m-Epith-HV-pA-K4,mCUT2025-03-p6-9603-H6-CreN-9603-3m-Epith-HV-pA-K4,H6,49001.17,26467.39,280.553,214.0908,CreN_9603_pl6,basal
exp3,N173,N168,N173T1241_CreN-9603-3m-Epith-HV-pA-K4,mCUT2025-03-p6-9603-I6-CreN-9603-3m-Epith-HV-pA-K4,I6,136099.3,2911.357,252.3831,705.7083,CreN_9603_pl6,luminal
exp3,N173,N168,N173T1242_CreN-9603-3m-Epith-HV-pA-K4,mCUT2025-03-p6-9603-J6-CreN-9603-3m-Epith-HV-pA-K4,J6,151641.9,2092.924,368.1872,214.3396,CreN_9603_pl6,luminal
exp3,N173,N168,N173T1243_CreN-9603-3m-Epith-HV-pA-K4,mCUT2025-03-p6-9603-K6-CreN-9603-3m-Epith-HV-pA-K4,K6,12155.09,7361.464,7.870132,482.6382,CreN_9603_pl6,basal
exp3,N173,N168,N173T1244_CreN-9603-3m-Epith-HV-pA-K4,mCUT2025-03-p6-9603-L6-CreN-9603-3m-Epith-HV-pA-K4,L6,202306,474.6868,67.31263,539.5334,CreN_9603_pl6,luminal
exp3,N173,N168,N173T1245_CreN-9603-3m-Epith-HV-pA-K4,mCUT2025-03-p6-9603-M6-CreN-9603-3m-Epith-HV-pA-K4,M6,186819.1,846.4894,194.7046,374.2068,CreN_9603_pl6,luminal
exp3,N173,N168,N173T1246_CreN-9603-3m-Epith-HV-pA-K4,mCUT2025-03-p6-9603-N6-CreN-9603-3m-Epith-HV-pA-K4,N6,122776.9,1701.549,2645.081,538.0965,CreN_9603_pl6,luminal
exp3,N173,N168,N173T1247_CreN-9603-3m-Epith-HV-pA-K4,mCUT2025-03-p6-9603-O6-CreN-9603-3m-Epith-HV-pA-K4,O6,354544.3,2431.806,-179.9606,581.6348,CreN_9603_pl6,luminal
exp3,N173,N168,N173T1248_CreN-9603-3m-Epith-HV-pA-K4,mCUT2025-03-p6-9603-P6-CreN-9603-3m-Epith-HV-pA-K4,P6,62648.13,2242.627,79.65609,344.4647,CreN_9603_pl6,luminal
exp3,N173,N168,N173T1249_CreN-9603-3m-Epith-HV-pA-K27,mCUT2025-03-p6-9603-A7-CreN-9603-3m-Epith-HV-pA-K27,A7,81945.49,2917,391.9899,140.3379,CreN_9603_pl6,luminal
exp3,N173,N168,N173T1250_CreN-9603-3m-Epith-HV-pA-K27,mCUT2025-03-p6-9603-B7-CreN-9603-3m-Epith-HV-pA-K27,B7,90903.44,1750.616,481.5793,352.1945,CreN_9603_pl6,luminal
exp3,N173,N168,N173T1251_CreN-9603-3m-Epith-HV-pA-K27,mCUT2025-03-p6-9603-C7-CreN-9603-3m-Epith-HV-pA-K27,C7,25188.97,11988.84,497.8078,143.2116,CreN_9603_pl6,basal
exp3,N173,N168,N173T1252_CreN-9603-3m-Epith-HV-pA-K27,mCUT2025-03-p6-9603-D7-CreN-9603-3m-Epith-HV-pA-K27,D7,86448.91,2176.902,177.5403,169.5308,CreN_9603_pl6,luminal
exp3,N173,N168,N173T1253_CreN-9603-3m-Epith-HV-pA-K27,mCUT2025-03-p6-9603-E7-CreN-9603-3m-Epith-HV-pA-K27,E7,188838.9,2493.948,207.8089,181.0065,CreN_9603_pl6,luminal
exp3,N173,N168,N173T1254_CreN-9603-3m-Epith-HV-pA-K27,mCUT2025-03-p6-9603-F7-CreN-9603-3m-Epith-HV-pA-K27,F7,56112.95,4029.681,489.7699,99.71859,CreN_9603_pl6,luminal
exp3,N173,N168,N173T1255_CreN-9603-3m-Epith-HV-pA-K27,mCUT2025-03-p6-9603-G7-CreN-9603-3m-Epith-HV-pA-K27,G7,107809.9,1328.315,205.21,257.5022,CreN_9603_pl6,luminal
exp3,N173,N168,N173T1256_CreN-9603-3m-Epith-HV-pA-K27,mCUT2025-03-p6-9603-H7-CreN-9603-3m-Epith-HV-pA-K27,H7,108342.1,823.0085,325.3582,314.5723,CreN_9603_pl6,luminal
exp3,N173,N168,N173T1257_CreN-9603-3m-Epith-HV-pA-K27,mCUT2025-03-p6-9603-I7-CreN-9603-3m-Epith-HV-pA-K27,I7,144901.3,2913.332,224.9939,191.4047,CreN_9603_pl6,luminal
exp3,N173,N168,N173T1258_CreN-9603-3m-Epith-HV-pA-K27,mCUT2025-03-p6-9603-J7-CreN-9603-3m-Epith-HV-pA-K27,J7,98443.84,5355.167,-77.44543,349.5477,CreN_9603_pl6,luminal
exp3,N173,N168,N173T1259_CreN-9603-3m-Epith-HV-pA-K27,mCUT2025-03-p6-9603-K7-CreN-9603-3m-Epith-HV-pA-K27,K7,97571.04,18935.78,731.2645,159.9342,CreN_9603_pl6,basal
exp3,N173,N168,N173T1260_CreN-9603-3m-Epith-HV-pA-K27,mCUT2025-03-p6-9603-L7-CreN-9603-3m-Epith-HV-pA-K27,L7,69725.98,46421.04,574.2575,660.9829,CreN_9603_pl6,basal
exp3,N173,N168,N173T1261_CreN-9603-3m-Epith-HV-pA-K27,mCUT2025-03-p6-9603-M7-CreN-9603-3m-Epith-HV-pA-K27,M7,89233.49,585.7364,362.0051,292.0764,CreN_9603_pl6,luminal
exp3,N173,N168,N173T1262_CreN-9603-3m-Epith-HV-pA-K27,mCUT2025-03-p6-9603-N7-CreN-9603-3m-Epith-HV-pA-K27,N7,136037.1,3790.081,-122.9002,491.842,CreN_9603_pl6,luminal
exp3,N173,N168,N173T1263_CreN-9603-3m-Epith-HV-pA-K27,mCUT2025-03-p6-9603-O7-CreN-9603-3m-Epith-HV-pA-K27,O7,16488.42,44630,-190.418,351.4647,CreN_9603_pl6,basal
exp3,N173,N168,N173T1264_CreN-9603-3m-Epith-HV-pA-K27,mCUT2025-03-p6-9603-P7-CreN-9603-3m-Epith-HV-pA-K27,P7,188702.8,2236.576,726.193,323.7767,CreN_9603_pl6,luminal
exp3,N173,N168,N173T1265_CreN-9603-3m-Epith-HV-pA-K27,mCUT2025-03-p6-9603-A8-CreN-9603-3m-Epith-HV-pA-K27,A8,29738.36,835.1165,-20.39147,140.1926,CreN_9603_pl6,luminal
exp3,N173,N168,N173T1266_CreN-9603-3m-Epith-HV-pA-K27,mCUT2025-03-p6-9603-B8-CreN-9603-3m-Epith-HV-pA-K27,B8,206207.8,4386.46,624.957,462.129,CreN_9603_pl6,luminal
exp3,N173,N168,N173T1267_CreN-9603-3m-Epith-HV-pA-K27,mCUT2025-03-p6-9603-C8-CreN-9603-3m-Epith-HV-pA-K27,C8,147820.4,1703.164,425.0228,164.4524,CreN_9603_pl6,luminal
exp3,N173,N168,N173T1268_CreN-9603-3m-Epith-HV-pA-K27,mCUT2025-03-p6-9603-D8-CreN-9603-3m-Epith-HV-pA-K27,D8,22285.54,23532.43,-97.65124,465.9169,CreN_9603_pl6,basal
exp3,N173,N168,N173T1269_CreN-9603-3m-Epith-HV-pA-K27,mCUT2025-03-p6-9603-E8-CreN-9603-3m-Epith-HV-pA-K27,E8,51347.13,629.8356,136.3476,32.40755,CreN_9603_pl6,luminal
exp3,N173,N168,N173T1270_CreN-9603-3m-Epith-HV-pA-K27,mCUT2025-03-p6-9603-F8-CreN-9603-3m-Epith-HV-pA-K27,F8,129683.6,1139.864,397.3332,413.503,CreN_9603_pl6,luminal
exp3,N173,N168,N173T1271_CreN-9603-3m-Epith-HV-pA-K27,mCUT2025-03-p6-9603-G8-CreN-9603-3m-Epith-HV-pA-K27,G8,80301.99,1087.309,30.78282,390.2306,CreN_9603_pl6,luminal
exp3,N173,N168,N173T1272_CreN-9603-3m-Epith-HV-pA-K27,mCUT2025-03-p6-9603-H8-CreN-9603-3m-Epith-HV-pA-K27,H8,30521.8,536.3796,192.2747,114.5379,CreN_9603_pl6,luminal
exp3,N173,N168,N173T1273_CreN-9603-3m-Epith-HV-pA-K27,mCUT2025-03-p6-9603-I8-CreN-9603-3m-Epith-HV-pA-K27,I8,152934.4,1158.069,282.769,331.881,CreN_9603_pl6,luminal
exp3,N173,N168,N173T1274_CreN-9603-3m-Epith-HV-pA-K27,mCUT2025-03-p6-9603-J8-CreN-9603-3m-Epith-HV-pA-K27,J8,92352.05,1559.958,-135.5886,687.7822,CreN_9603_pl6,luminal
exp3,N173,N168,N173T1275_CreN-9603-3m-Epith-HV-pA-K27,mCUT2025-03-p6-9603-K8-CreN-9603-3m-Epith-HV-pA-K27,K8,81895.48,1902.029,106.8139,199.8281,CreN_9603_pl6,luminal
exp3,N173,N168,N173T1276_CreN-9603-3m-Epith-HV-pA-K27,mCUT2025-03-p6-9603-L8-CreN-9603-3m-Epith-HV-pA-K27,L8,144320.3,2110.506,357.9259,432.8692,CreN_9603_pl6,luminal
exp3,N173,N168,N173T1277_CreN-9603-3m-Epith-HV-pA-K27,mCUT2025-03-p6-9603-M8-CreN-9603-3m-Epith-HV-pA-K27,M8,142838.6,3505.112,192.2322,323.348,CreN_9603_pl6,luminal
exp3,N173,N168,N173T1278_CreN-9603-3m-Epith-HV-pA-K27,mCUT2025-03-p6-9603-N8-CreN-9603-3m-Epith-HV-pA-K27,N8,89405.42,526.4842,221.765,190.6731,CreN_9603_pl6,luminal
exp3,N173,N168,N173T1279_CreN-9603-3m-Epith-HV-pA-K27,mCUT2025-03-p6-9603-O8-CreN-9603-3m-Epith-HV-pA-K27,O8,121331.9,2969.347,154.4686,85.9029,CreN_9603_pl6,luminal
exp3,N173,N168,N173T1280_CreN-9603-3m-Epith-HV-pA-K27,mCUT2025-03-p6-9603-P8-CreN-9603-3m-Epith-HV-pA-K27,P8,8215.173,13476.41,1270.955,374.3138,CreN_9603_pl6,basal
exp3,N173,N168,N173T1281_CreN-9603-3m-Epith-HV-pA-K27,mCUT2025-03-p6-9603-A9-CreN-9603-3m-Epith-HV-pA-K27,A9,246638,1437.201,201.0896,349.3165,CreN_9603_pl6,luminal
exp3,N173,N168,N173T1282_CreN-9603-3m-Epith-HV-pA-K27,mCUT2025-03-p6-9603-B9-CreN-9603-3m-Epith-HV-pA-K27,B9,129344.3,2136.058,82.3308,308.297,CreN_9603_pl6,luminal
exp3,N173,N168,N173T1283_CreN-9603-3m-Epith-HV-pA-K27,mCUT2025-03-p6-9603-C9-CreN-9603-3m-Epith-HV-pA-K27,C9,15572.57,32945.53,327.9066,696.6984,CreN_9603_pl6,basal
exp3,N173,N168,N173T1284_CreN-9603-3m-Epith-HV-pA-K27,mCUT2025-03-p6-9603-D9-CreN-9603-3m-Epith-HV-pA-K27,D9,198402.4,921.0935,363.3756,636.0397,CreN_9603_pl6,luminal
exp3,N173,N168,N173T1285_CreN-9603-3m-Epith-HV-pA-K27,mCUT2025-03-p6-9603-E9-CreN-9603-3m-Epith-HV-pA-K27,E9,243479.5,3953.276,244.9942,398.3528,CreN_9603_pl6,luminal
exp3,N173,N168,N173T1286_CreN-9603-3m-Epith-HV-pA-K27,mCUT2025-03-p6-9603-F9-CreN-9603-3m-Epith-HV-pA-K27,F9,180207,2746.127,470.1897,158.7127,CreN_9603_pl6,luminal
exp3,N173,N168,N173T1287_CreN-9603-3m-Epith-HV-pA-K27,mCUT2025-03-p6-9603-G9-CreN-9603-3m-Epith-HV-pA-K27,G9,60231.86,537.4415,330.5137,125.556,CreN_9603_pl6,luminal
exp3,N173,N168,N173T1288_CreN-9603-3m-Epith-HV-pA-K27,mCUT2025-03-p6-9603-H9-CreN-9603-3m-Epith-HV-pA-K27,H9,7789.055,13761.83,274.352,238.7701,CreN_9603_pl6,basal
exp3,N173,N168,N173T1289_CreN-9603-3m-Epith-HV-pA-K27,mCUT2025-03-p6-9603-I9-CreN-9603-3m-Epith-HV-pA-K27,I9,41910.35,38112.08,-494.1234,406.447,CreN_9603_pl6,basal
exp3,N173,N168,N173T1290_CreN-9603-3m-Epith-HV-pA-K27,mCUT2025-03-p6-9603-J9-CreN-9603-3m-Epith-HV-pA-K27,J9,27893.39,808.7097,-0.783749,240.9295,CreN_9603_pl6,luminal
exp3,N173,N168,N173T1291_CreN-9603-3m-Epith-HV-pA-K27,mCUT2025-03-p6-9603-K9-CreN-9603-3m-Epith-HV-pA-K27,K9,21083.14,9741.945,-289.4488,442.7986,CreN_9603_pl6,basal
exp3,N173,N168,N173T1292_CreN-9603-3m-Epith-HV-pA-K27,mCUT2025-03-p6-9603-L9-CreN-9603-3m-Epith-HV-pA-K27,L9,67611.92,1896.414,150.2687,207.4758,CreN_9603_pl6,luminal
exp3,N173,N168,N173T1293_CreN-9603-3m-Epith-HV-pA-K27,mCUT2025-03-p6-9603-M9-CreN-9603-3m-Epith-HV-pA-K27,M9,154618.2,1563.66,241.3451,196.1115,CreN_9603_pl6,luminal
exp3,N173,N168,N173T1294_CreN-9603-3m-Epith-HV-pA-K27,mCUT2025-03-p6-9603-N9-CreN-9603-3m-Epith-HV-pA-K27,N9,46807.34,721.4562,968.2308,437.7703,CreN_9603_pl6,luminal
exp3,N173,N168,N173T1295_CreN-9603-3m-Epith-HV-pA-K27,mCUT2025-03-p6-9603-O9-CreN-9603-3m-Epith-HV-pA-K27,O9,31036.76,1543.739,301.5676,425.2,CreN_9603_pl6,luminal
exp3,N173,N168,N173T1296_CreN-9603-3m-Epith-HV-pA-K27,mCUT2025-03-p6-9603-P9-CreN-9603-3m-Epith-HV-pA-K27,P9,30459.74,4488.143,332.4843,-20.39741,CreN_9603_pl6,luminal
exp3,N173,N168,N173T1297_CreN-9603-3m-Epith-HV-pA-K27,mCUT2025-03-p6-9603-A10-CreN-9603-3m-Epith-HV-pA-K27,A10,93569.91,2915.806,382.8865,574.6162,CreN_9603_pl6,luminal
exp3,N173,N168,N173T1298_CreN-9603-3m-Epith-HV-pA-K27,mCUT2025-03-p6-9603-B10-CreN-9603-3m-Epith-HV-pA-K27,B10,90756.89,41541.75,94.55975,272.9308,CreN_9603_pl6,basal
exp3,N173,N168,N173T1299_CreN-9603-3m-Epith-HV-pA-K27,mCUT2025-03-p6-9603-C10-CreN-9603-3m-Epith-HV-pA-K27,C10,8933.89,12247.02,188.8396,298.3046,CreN_9603_pl6,basal
exp3,N173,N168,N173T1300_CreN-9603-3m-Epith-HV-pA-K27,mCUT2025-03-p6-9603-D10-CreN-9603-3m-Epith-HV-pA-K27,D10,68521.09,1031.491,339.8878,220.0338,CreN_9603_pl6,luminal
exp3,N173,N168,N173T1301_CreN-9603-3m-Epith-HV-pA-K27,mCUT2025-03-p6-9603-E10-CreN-9603-3m-Epith-HV-pA-K27,E10,357011,12784.83,-223.1663,674.7065,CreN_9603_pl6,luminal
exp3,N173,N168,N173T1302_CreN-9603-3m-Epith-HV-pA-K27,mCUT2025-03-p6-9603-F10-CreN-9603-3m-Epith-HV-pA-K27,F10,22336.37,3284.626,145.4269,297.9879,CreN_9603_pl6,luminal
exp3,N173,N168,N173T1303_CreN-9603-3m-Epith-HV-pA-K27,mCUT2025-03-p6-9603-G10-CreN-9603-3m-Epith-HV-pA-K27,G10,57287.81,1076.477,-33.22971,39.07982,CreN_9603_pl6,luminal
exp3,N173,N168,N173T1304_CreN-9603-3m-Epith-HV-pA-K27,mCUT2025-03-p6-9603-H10-CreN-9603-3m-Epith-HV-pA-K27,H10,49834.48,610.7538,279.0122,314.4968,CreN_9603_pl6,luminal
exp3,N173,N168,N173T1305_CreN-9603-3m-Epith-HV-pA-K27,mCUT2025-03-p6-9603-I10-CreN-9603-3m-Epith-HV-pA-K27,I10,100711,2516.625,519.282,683.3359,CreN_9603_pl6,luminal
exp3,N173,N168,N173T1306_CreN-9603-3m-Epith-HV-pA-K27,mCUT2025-03-p6-9603-J10-CreN-9603-3m-Epith-HV-pA-K27,J10,92625.91,2029.802,595.9457,329.086,CreN_9603_pl6,luminal
exp3,N173,N168,N173T1307_CreN-9603-3m-Epith-HV-pA-K27,mCUT2025-03-p6-9603-K10-CreN-9603-3m-Epith-HV-pA-K27,K10,13067.61,10014.79,182.7856,458.2357,CreN_9603_pl6,basal
exp3,N173,N168,N173T1308_CreN-9603-3m-Epith-HV-pA-K27,mCUT2025-03-p6-9603-L10-CreN-9603-3m-Epith-HV-pA-K27,L10,129418.3,2582.394,-70.29069,368.8781,CreN_9603_pl6,luminal
exp3,N173,N168,N173T1309_CreN-9603-3m-Epith-HV-pA-K27,mCUT2025-03-p6-9603-M10-CreN-9603-3m-Epith-HV-pA-K27,M10,7566.372,12550.73,804.7645,574.5098,CreN_9603_pl6,basal
exp3,N173,N168,N173T1310_CreN-9603-3m-Epith-HV-pA-K27,mCUT2025-03-p6-9603-N10-CreN-9603-3m-Epith-HV-pA-K27,N10,81421.02,1232.14,250.7305,240.2218,CreN_9603_pl6,luminal
exp3,N173,N168,N173T1311_CreN-9603-3m-Epith-HV-pA-K27,mCUT2025-03-p6-9603-O10-CreN-9603-3m-Epith-HV-pA-K27,O10,121214.3,2565.215,35.20289,277.7198,CreN_9603_pl6,luminal
exp3,N173,N168,N173T1312_CreN-9603-3m-Epith-HV-pA-K27,mCUT2025-03-p6-9603-P10-CreN-9603-3m-Epith-HV-pA-K27,P10,102316.9,906.0895,185.0029,259.5238,CreN_9603_pl6,luminal
exp3,N173,N168,N173T1313_CreN-9603-3m-Epith-HV-pA-K27,mCUT2025-03-p6-9603-A11-CreN-9603-3m-Epith-HV-pA-K27,A11,137263.8,40138.31,184.4604,222.2436,CreN_9603_pl6,basal
exp3,N173,N168,N173T1314_CreN-9603-3m-Epith-HV-pA-K27,mCUT2025-03-p6-9603-B11-CreN-9603-3m-Epith-HV-pA-K27,B11,249430.6,1765.824,-261.567,446.0452,CreN_9603_pl6,luminal
exp3,N173,N168,N173T1315_CreN-9603-3m-Epith-HV-pA-K27,mCUT2025-03-p6-9603-C11-CreN-9603-3m-Epith-HV-pA-K27,C11,124010.7,2332.26,187.5387,652.5117,CreN_9603_pl6,luminal
exp3,N173,N168,N173T1316_CreN-9603-3m-Epith-HV-pA-K27,mCUT2025-03-p6-9603-D11-CreN-9603-3m-Epith-HV-pA-K27,D11,240987.6,1729.063,-273.5063,585.0848,CreN_9603_pl6,luminal
exp3,N173,N168,N173T1317_CreN-9603-3m-Epith-HV-pA-K27,mCUT2025-03-p6-9603-E11-CreN-9603-3m-Epith-HV-pA-K27,E11,154807.5,1384.152,-171.588,534.991,CreN_9603_pl6,luminal
exp3,N173,N168,N173T1318_CreN-9603-3m-Epith-HV-pA-K27,mCUT2025-03-p6-9603-F11-CreN-9603-3m-Epith-HV-pA-K27,F11,89918.88,2907.589,114.3117,385.3712,CreN_9603_pl6,luminal
exp3,N173,N168,N173T1319_CreN-9603-3m-Epith-HV-pA-K27,mCUT2025-03-p6-9603-G11-CreN-9603-3m-Epith-HV-pA-K27,G11,304006.6,4753.479,-144.4725,120.8207,CreN_9603_pl6,luminal
exp3,N173,N168,N173T1320_CreN-9603-3m-Epith-HV-pA-K27,mCUT2025-03-p6-9603-H11-CreN-9603-3m-Epith-HV-pA-K27,H11,113676.7,1721.319,465.0223,11.10776,CreN_9603_pl6,luminal
exp3,N173,N168,N173T1321_CreN-9603-3m-Epith-HV-pA-K27,mCUT2025-03-p6-9603-I11-CreN-9603-3m-Epith-HV-pA-K27,I11,71907.28,38768.52,134.9694,387.5948,CreN_9603_pl6,basal
exp3,N173,N168,N173T1322_CreN-9603-3m-Epith-HV-pA-K27,mCUT2025-03-p6-9603-J11-CreN-9603-3m-Epith-HV-pA-K27,J11,93988.3,1814.435,391.4819,61.39684,CreN_9603_pl6,luminal
exp3,N173,N168,N173T1323_CreN-9603-3m-Epith-HV-pA-K27,mCUT2025-03-p6-9603-K11-CreN-9603-3m-Epith-HV-pA-K27,K11,8503.272,13792.72,593.3801,642.0042,CreN_9603_pl6,basal
exp3,N173,N168,N173T1324_CreN-9603-3m-Epith-HV-pA-K27,mCUT2025-03-p6-9603-L11-CreN-9603-3m-Epith-HV-pA-K27,L11,25216.84,7682.661,881.1242,381.9452,CreN_9603_pl6,basal
exp3,N173,N168,N173T1325_CreN-9603-3m-Epith-HV-pA-K27,mCUT2025-03-p6-9603-M11-CreN-9603-3m-Epith-HV-pA-K27,M11,153164,1410.484,293.3308,514.207,CreN_9603_pl6,luminal
exp3,N173,N168,N173T1326_CreN-9603-3m-Epith-HV-pA-K27,mCUT2025-03-p6-9603-N11-CreN-9603-3m-Epith-HV-pA-K27,N11,163302.4,1415.57,1200.816,275.5184,CreN_9603_pl6,luminal
exp3,N173,N168,N173T1327_CreN-9603-3m-Epith-HV-pA-K27,mCUT2025-03-p6-9603-O11-CreN-9603-3m-Epith-HV-pA-K27,O11,211892,2646.747,315.4257,230.979,CreN_9603_pl6,luminal
exp3,N173,N168,N173T1328_CreN-9603-3m-Epith-HV-pA-K27,mCUT2025-03-p6-9603-P11-CreN-9603-3m-Epith-HV-pA-K27,P11,20568.58,570.8248,572.3767,267.8803,CreN_9603_pl6,luminal
exp3,N173,N168,N173T1329_CreN-9603-3m-Epith-HV-pA-K27,mCUT2025-03-p6-9603-A12-CreN-9603-3m-Epith-HV-pA-K27,A12,26494.04,7934.893,154.926,39.55982,CreN_9603_pl6,basal
exp3,N173,N168,N173T1330_CreN-9603-3m-Epith-HV-pA-K27,mCUT2025-03-p6-9603-B12-CreN-9603-3m-Epith-HV-pA-K27,B12,104938.6,819.7026,635.0839,343.3207,CreN_9603_pl6,luminal
exp3,N173,N168,N173T1331_CreN-9603-3m-Epith-HV-pA-K27,mCUT2025-03-p6-9603-C12-CreN-9603-3m-Epith-HV-pA-K27,C12,40135.61,18393.07,527.1162,142.8913,CreN_9603_pl6,basal
exp3,N173,N168,N173T1332_CreN-9603-3m-Epith-HV-pA-K27,mCUT2025-03-p6-9603-D12-CreN-9603-3m-Epith-HV-pA-K27,D12,85326.21,2506.145,395.7442,494.5209,CreN_9603_pl6,luminal
exp3,N173,N168,N173T1333_CreN-9603-3m-Epith-HV-pA-K27,mCUT2025-03-p6-9603-E12-CreN-9603-3m-Epith-HV-pA-K27,E12,133578.2,1609.925,-135.3434,206.5468,CreN_9603_pl6,luminal
exp3,N173,N168,N173T1334_CreN-9603-3m-Epith-HV-pA-K27,mCUT2025-03-p6-9603-F12-CreN-9603-3m-Epith-HV-pA-K27,F12,8565.739,8550.612,378.4948,172.246,CreN_9603_pl6,basal
exp3,N173,N168,N173T1335_CreN-9603-3m-Epith-HV-pA-K27,mCUT2025-03-p6-9603-G12-CreN-9603-3m-Epith-HV-pA-K27,G12,84379.13,5022.96,309.9698,701.5068,CreN_9603_pl6,luminal
exp3,N173,N168,N173T1336_CreN-9603-3m-Epith-HV-pA-K27,mCUT2025-03-p6-9603-H12-CreN-9603-3m-Epith-HV-pA-K27,H12,21837.12,30644.42,285.9777,343.9865,CreN_9603_pl6,basal
exp3,N173,N168,N173T1337_CreN-9603-3m-Epith-HV-pA-K27,mCUT2025-03-p6-9603-I12-CreN-9603-3m-Epith-HV-pA-K27,I12,111329.4,4256.908,140.6799,224.3693,CreN_9603_pl6,luminal
exp3,N173,N168,N173T1338_CreN-9603-3m-Epith-HV-pA-K27,mCUT2025-03-p6-9603-J12-CreN-9603-3m-Epith-HV-pA-K27,J12,321292.9,2947.166,-464.29,595.5201,CreN_9603_pl6,luminal
exp3,N173,N168,N173T1339_CreN-9603-3m-Epith-HV-pA-K27,mCUT2025-03-p6-9603-K12-CreN-9603-3m-Epith-HV-pA-K27,K12,263552.2,557.6458,615.2889,712.5236,CreN_9603_pl6,luminal
exp3,N173,N168,N173T1340_CreN-9603-3m-Epith-HV-pA-K27,mCUT2025-03-p6-9603-L12-CreN-9603-3m-Epith-HV-pA-K27,L12,116752.9,898.6531,925.8236,482.4998,CreN_9603_pl6,luminal
exp3,N173,N168,N173T1345_CreN-9603-3m-Epith-HV-pA-K4,mCUT2025-03-p8-9603-A1-CreN-9603-3m-Epith-HV-pA-K4,A1,159896.3,704.3506,324.3713,569.1451,CreN_9603_pl8,luminal
exp3,N173,N168,N173T1346_CreN-9603-3m-Epith-HV-pA-K4,mCUT2025-03-p8-9603-B1-CreN-9603-3m-Epith-HV-pA-K4,B1,144456.4,3770.284,1113.44,471.9899,CreN_9603_pl8,luminal
exp3,N173,N168,N173T1347_CreN-9603-3m-Epith-HV-pA-K4,mCUT2025-03-p8-9603-C1-CreN-9603-3m-Epith-HV-pA-K4,C1,38661.78,42778.82,302.7576,319.1448,CreN_9603_pl8,basal
exp3,N173,N168,N173T1348_CreN-9603-3m-Epith-HV-pA-K4,mCUT2025-03-p8-9603-D1-CreN-9603-3m-Epith-HV-pA-K4,D1,49540.61,49254.71,213.4813,164.9996,CreN_9603_pl8,basal
exp3,N173,N168,N173T1349_CreN-9603-3m-Epith-HV-pA-K4,mCUT2025-03-p8-9603-E1-CreN-9603-3m-Epith-HV-pA-K4,E1,66223.13,3062.482,414.8885,100.1391,CreN_9603_pl8,luminal
exp3,N173,N168,N173T1350_CreN-9603-3m-Epith-HV-pA-K4,mCUT2025-03-p8-9603-F1-CreN-9603-3m-Epith-HV-pA-K4,F1,14017.62,15869.21,712.1576,386.4585,CreN_9603_pl8,basal
exp3,N173,N168,N173T1351_CreN-9603-3m-Epith-HV-pA-K4,mCUT2025-03-p8-9603-G1-CreN-9603-3m-Epith-HV-pA-K4,G1,63001.31,28273.02,522.4594,607.0154,CreN_9603_pl8,basal
exp3,N173,N168,N173T1352_CreN-9603-3m-Epith-HV-pA-K4,mCUT2025-03-p8-9603-H1-CreN-9603-3m-Epith-HV-pA-K4,H1,193989.3,2509.182,-185.4622,474.8871,CreN_9603_pl8,luminal
exp3,N173,N168,N173T1353_CreN-9603-3m-Epith-HV-pA-K4,mCUT2025-03-p8-9603-I1-CreN-9603-3m-Epith-HV-pA-K4,I1,52833.22,1083.485,243.5128,0.3258919,CreN_9603_pl8,luminal
exp3,N173,N168,N173T1354_CreN-9603-3m-Epith-HV-pA-K4,mCUT2025-03-p8-9603-J1-CreN-9603-3m-Epith-HV-pA-K4,J1,95164.46,3682.09,341.3302,96.6354,CreN_9603_pl8,luminal
exp3,N173,N168,N173T1355_CreN-9603-3m-Epith-HV-pA-K4,mCUT2025-03-p8-9603-K1-CreN-9603-3m-Epith-HV-pA-K4,K1,106703.4,4172.822,347.9822,155.3833,CreN_9603_pl8,luminal
exp3,N173,N168,N173T1356_CreN-9603-3m-Epith-HV-pA-K4,mCUT2025-03-p8-9603-L1-CreN-9603-3m-Epith-HV-pA-K4,L1,274089.6,3962.867,109.0212,176.957,CreN_9603_pl8,luminal
exp3,N173,N168,N173T1357_CreN-9603-3m-Epith-HV-pA-K4,mCUT2025-03-p8-9603-M1-CreN-9603-3m-Epith-HV-pA-K4,M1,155035,983.5797,339.5134,525.8305,CreN_9603_pl8,luminal
exp3,N173,N168,N173T1358_CreN-9603-3m-Epith-HV-pA-K4,mCUT2025-03-p8-9603-N1-CreN-9603-3m-Epith-HV-pA-K4,N1,45137.8,29107.38,80.19776,67.36519,CreN_9603_pl8,basal
exp3,N173,N168,N173T1359_CreN-9603-3m-Epith-HV-pA-K4,mCUT2025-03-p8-9603-O1-CreN-9603-3m-Epith-HV-pA-K4,O1,7587.291,32703.45,-15.98178,339.873,CreN_9603_pl8,basal
exp3,N173,N168,N173T1360_CreN-9603-3m-Epith-HV-pA-K4,mCUT2025-03-p8-9603-P1-CreN-9603-3m-Epith-HV-pA-K4,P1,184945.2,2078.305,38.94981,406.4876,CreN_9603_pl8,luminal
exp3,N173,N168,N173T1361_CreN-9603-3m-Epith-HV-pA-K4,mCUT2025-03-p8-9603-A2-CreN-9603-3m-Epith-HV-pA-K4,A2,51724.43,1458.124,72.07215,106.0726,CreN_9603_pl8,luminal
exp3,N173,N168,N173T1362_CreN-9603-3m-Epith-HV-pA-K4,mCUT2025-03-p8-9603-B2-CreN-9603-3m-Epith-HV-pA-K4,B2,103376.6,1863.558,9.903646,189.8674,CreN_9603_pl8,luminal
exp3,N173,N168,N173T1363_CreN-9603-3m-Epith-HV-pA-K4,mCUT2025-03-p8-9603-C2-CreN-9603-3m-Epith-HV-pA-K4,C2,57977.05,4981.244,811.2145,333.5528,CreN_9603_pl8,luminal
exp3,N173,N168,N173T1364_CreN-9603-3m-Epith-HV-pA-K4,mCUT2025-03-p8-9603-D2-CreN-9603-3m-Epith-HV-pA-K4,D2,149721.6,904.3082,202.8712,356.3768,CreN_9603_pl8,luminal
exp3,N173,N168,N173T1365_CreN-9603-3m-Epith-HV-pA-K4,mCUT2025-03-p8-9603-E2-CreN-9603-3m-Epith-HV-pA-K4,E2,11823.29,26758.95,369.3533,436.4607,CreN_9603_pl8,basal
exp3,N173,N168,N173T1366_CreN-9603-3m-Epith-HV-pA-K4,mCUT2025-03-p8-9603-F2-CreN-9603-3m-Epith-HV-pA-K4,F2,140693.4,1897.079,121.3672,296.4355,CreN_9603_pl8,luminal
exp3,N173,N168,N173T1367_CreN-9603-3m-Epith-HV-pA-K4,mCUT2025-03-p8-9603-G2-CreN-9603-3m-Epith-HV-pA-K4,G2,28761.29,551.0999,216.1946,153.7178,CreN_9603_pl8,luminal
exp3,N173,N168,N173T1368_CreN-9603-3m-Epith-HV-pA-K4,mCUT2025-03-p8-9603-H2-CreN-9603-3m-Epith-HV-pA-K4,H2,24167.49,20305.45,78.97456,416.8018,CreN_9603_pl8,basal
exp3,N173,N168,N173T1369_CreN-9603-3m-Epith-HV-pA-K4,mCUT2025-03-p8-9603-I2-CreN-9603-3m-Epith-HV-pA-K4,I2,40393.03,77098.27,-206.0579,518.5909,CreN_9603_pl8,basal
exp3,N173,N168,N173T1370_CreN-9603-3m-Epith-HV-pA-K4,mCUT2025-03-p8-9603-J2-CreN-9603-3m-Epith-HV-pA-K4,J2,116672.9,1799.883,478.3943,291.972,CreN_9603_pl8,luminal
exp3,N173,N168,N173T1371_CreN-9603-3m-Epith-HV-pA-K4,mCUT2025-03-p8-9603-K2-CreN-9603-3m-Epith-HV-pA-K4,K2,11442.82,13093.28,99.34111,-3.946103,CreN_9603_pl8,basal
exp3,N173,N168,N173T1372_CreN-9603-3m-Epith-HV-pA-K4,mCUT2025-03-p8-9603-L2-CreN-9603-3m-Epith-HV-pA-K4,L2,87750.24,26731.17,-326.3527,313.3201,CreN_9603_pl8,basal
exp3,N173,N168,N173T1373_CreN-9603-3m-Epith-HV-pA-K4,mCUT2025-03-p8-9603-M2-CreN-9603-3m-Epith-HV-pA-K4,M2,72663.15,41429.33,115.4571,108.271,CreN_9603_pl8,basal
exp3,N173,N168,N173T1374_CreN-9603-3m-Epith-HV-pA-K4,mCUT2025-03-p8-9603-N2-CreN-9603-3m-Epith-HV-pA-K4,N2,253639.8,7135.416,-70.1236,196.4773,CreN_9603_pl8,luminal
exp3,N173,N168,N173T1375_CreN-9603-3m-Epith-HV-pA-K4,mCUT2025-03-p8-9603-O2-CreN-9603-3m-Epith-HV-pA-K4,O2,49567.97,2330.663,326.7393,133.2413,CreN_9603_pl8,luminal
exp3,N173,N168,N173T1376_CreN-9603-3m-Epith-HV-pA-K4,mCUT2025-03-p8-9603-P2-CreN-9603-3m-Epith-HV-pA-K4,P2,69192.69,599.9651,712.4984,478.1817,CreN_9603_pl8,luminal
exp3,N173,N168,N173T1377_CreN-9603-3m-Epith-HV-pA-K4,mCUT2025-03-p8-9603-A3-CreN-9603-3m-Epith-HV-pA-K4,A3,6879.317,11201.8,1565.086,505.0958,CreN_9603_pl8,basal
exp3,N173,N168,N173T1378_CreN-9603-3m-Epith-HV-pA-K4,mCUT2025-03-p8-9603-B3-CreN-9603-3m-Epith-HV-pA-K4,B3,32978.24,31938.89,65.47665,134.8755,CreN_9603_pl8,basal
exp3,N173,N168,N173T1379_CreN-9603-3m-Epith-HV-pA-K4,mCUT2025-03-p8-9603-C3-CreN-9603-3m-Epith-HV-pA-K4,C3,41467.32,756.7938,-48.3592,155.5016,CreN_9603_pl8,luminal
exp3,N173,N168,N173T1380_CreN-9603-3m-Epith-HV-pA-K4,mCUT2025-03-p8-9603-D3-CreN-9603-3m-Epith-HV-pA-K4,D3,12370.94,8340.862,227.1174,354.8085,CreN_9603_pl8,basal
exp3,N173,N168,N173T1381_CreN-9603-3m-Epith-HV-pA-K4,mCUT2025-03-p8-9603-E3-CreN-9603-3m-Epith-HV-pA-K4,E3,76849.67,802.0917,672.5916,184.3625,CreN_9603_pl8,luminal
exp3,N173,N168,N173T1382_CreN-9603-3m-Epith-HV-pA-K4,mCUT2025-03-p8-9603-F3-CreN-9603-3m-Epith-HV-pA-K4,F3,120795.8,1335.336,781.6532,155.287,CreN_9603_pl8,luminal
exp3,N173,N168,N173T1383_CreN-9603-3m-Epith-HV-pA-K4,mCUT2025-03-p8-9603-G3-CreN-9603-3m-Epith-HV-pA-K4,G3,124398,1042.488,56.63458,135.671,CreN_9603_pl8,luminal
exp3,N173,N168,N173T1384_CreN-9603-3m-Epith-HV-pA-K4,mCUT2025-03-p8-9603-H3-CreN-9603-3m-Epith-HV-pA-K4,H3,76415.06,2434.88,312.0208,80.23966,CreN_9603_pl8,luminal
exp3,N173,N168,N173T1385_CreN-9603-3m-Epith-HV-pA-K4,mCUT2025-03-p8-9603-I3-CreN-9603-3m-Epith-HV-pA-K4,I3,51382.37,27585,468.5749,592.7274,CreN_9603_pl8,basal
exp3,N173,N168,N173T1386_CreN-9603-3m-Epith-HV-pA-K4,mCUT2025-03-p8-9603-J3-CreN-9603-3m-Epith-HV-pA-K4,J3,34610.5,3630.888,128.2198,225.9788,CreN_9603_pl8,luminal
exp3,N173,N168,N173T1387_CreN-9603-3m-Epith-HV-pA-K4,mCUT2025-03-p8-9603-K3-CreN-9603-3m-Epith-HV-pA-K4,K3,118464.3,574.6348,657.6373,411.1631,CreN_9603_pl8,luminal
exp3,N173,N168,N173T1388_CreN-9603-3m-Epith-HV-pA-K4,mCUT2025-03-p8-9603-L3-CreN-9603-3m-Epith-HV-pA-K4,L3,124023.6,1520.053,68.9766,554.6317,CreN_9603_pl8,luminal
exp3,N173,N168,N173T1389_CreN-9603-3m-Epith-HV-pA-K4,mCUT2025-03-p8-9603-M3-CreN-9603-3m-Epith-HV-pA-K4,M3,99336.48,1131.133,274.0796,62.50266,CreN_9603_pl8,luminal
exp3,N173,N168,N173T1390_CreN-9603-3m-Epith-HV-pA-K4,mCUT2025-03-p8-9603-N3-CreN-9603-3m-Epith-HV-pA-K4,N3,177870.4,3107.032,8.628813,411.6245,CreN_9603_pl8,luminal
exp3,N173,N168,N173T1391_CreN-9603-3m-Epith-HV-pA-K4,mCUT2025-03-p8-9603-O3-CreN-9603-3m-Epith-HV-pA-K4,O3,254723.2,1430.244,195.7922,375.117,CreN_9603_pl8,luminal
exp3,N173,N168,N173T1392_CreN-9603-3m-Epith-HV-pA-K4,mCUT2025-03-p8-9603-P3-CreN-9603-3m-Epith-HV-pA-K4,P3,307322.2,11945.34,-126.3548,158.8902,CreN_9603_pl8,luminal
exp3,N173,N168,N173T1393_CreN-9603-3m-Epith-HV-pA-K4,mCUT2025-03-p8-9603-A4-CreN-9603-3m-Epith-HV-pA-K4,A4,69783.74,2597.792,45.06393,672.4828,CreN_9603_pl8,luminal
exp3,N173,N168,N173T1394_CreN-9603-3m-Epith-HV-pA-K4,mCUT2025-03-p8-9603-B4-CreN-9603-3m-Epith-HV-pA-K4,B4,68089.28,1076.037,-27.63515,323.9864,CreN_9603_pl8,luminal
exp3,N173,N168,N173T1395_CreN-9603-3m-Epith-HV-pA-K4,mCUT2025-03-p8-9603-C4-CreN-9603-3m-Epith-HV-pA-K4,C4,170379.6,1822.764,326.4522,134.1678,CreN_9603_pl8,luminal
exp3,N173,N168,N173T1396_CreN-9603-3m-Epith-HV-pA-K4,mCUT2025-03-p8-9603-D4-CreN-9603-3m-Epith-HV-pA-K4,D4,261170.3,3174.496,229.305,334.1672,CreN_9603_pl8,luminal
exp3,N173,N168,N173T1397_CreN-9603-3m-Epith-HV-pA-K4,mCUT2025-03-p8-9603-E4-CreN-9603-3m-Epith-HV-pA-K4,E4,153631.6,3006.309,-153.5453,341.1794,CreN_9603_pl8,luminal
exp3,N173,N168,N173T1398_CreN-9603-3m-Epith-HV-pA-K4,mCUT2025-03-p8-9603-F4-CreN-9603-3m-Epith-HV-pA-K4,F4,143145.6,1948.369,377.5002,533.3925,CreN_9603_pl8,luminal
exp3,N173,N168,N173T1399_CreN-9603-3m-Epith-HV-pA-K4,mCUT2025-03-p8-9603-G4-CreN-9603-3m-Epith-HV-pA-K4,G4,53516.47,553.1016,623.4359,182.3167,CreN_9603_pl8,luminal
exp3,N173,N168,N173T1400_CreN-9603-3m-Epith-HV-pA-K4,mCUT2025-03-p8-9603-H4-CreN-9603-3m-Epith-HV-pA-K4,H4,281711.6,1454.419,-58.4495,460.6703,CreN_9603_pl8,luminal
exp3,N173,N168,N173T1401_CreN-9603-3m-Epith-HV-pA-K4,mCUT2025-03-p8-9603-I4-CreN-9603-3m-Epith-HV-pA-K4,I4,214752.2,1011.111,102.737,544.6042,CreN_9603_pl8,luminal
exp3,N173,N168,N173T1402_CreN-9603-3m-Epith-HV-pA-K4,mCUT2025-03-p8-9603-J4-CreN-9603-3m-Epith-HV-pA-K4,J4,27611.76,10492.99,-52.33466,122.2531,CreN_9603_pl8,basal
exp3,N173,N168,N173T1403_CreN-9603-3m-Epith-HV-pA-K4,mCUT2025-03-p8-9603-K4-CreN-9603-3m-Epith-HV-pA-K4,K4,264609.2,1011.87,2113.662,385.0372,CreN_9603_pl8,luminal
exp3,N173,N168,N173T1404_CreN-9603-3m-Epith-HV-pA-K4,mCUT2025-03-p8-9603-L4-CreN-9603-3m-Epith-HV-pA-K4,L4,151811.6,1206.744,89.3726,320.6076,CreN_9603_pl8,luminal
exp3,N173,N168,N173T1405_CreN-9603-3m-Epith-HV-pA-K4,mCUT2025-03-p8-9603-M4-CreN-9603-3m-Epith-HV-pA-K4,M4,38761.89,16614.36,771.9624,688.6528,CreN_9603_pl8,basal
exp3,N173,N168,N173T1406_CreN-9603-3m-Epith-HV-pA-K4,mCUT2025-03-p8-9603-N4-CreN-9603-3m-Epith-HV-pA-K4,N4,28242.5,45000.48,406.4645,323.409,CreN_9603_pl8,basal
exp3,N173,N168,N173T1407_CreN-9603-3m-Epith-HV-pA-K4,mCUT2025-03-p8-9603-O4-CreN-9603-3m-Epith-HV-pA-K4,O4,260948.9,3054.966,467.7738,564.8536,CreN_9603_pl8,luminal
exp3,N173,N168,N173T1408_CreN-9603-3m-Epith-HV-pA-K4,mCUT2025-03-p8-9603-P4-CreN-9603-3m-Epith-HV-pA-K4,P4,30085.29,29616.06,423.8504,227.3638,CreN_9603_pl8,basal
exp3,N173,N168,N173T1409_CreN-9603-3m-Epith-HV-pA-K4,mCUT2025-03-p8-9603-A5-CreN-9603-3m-Epith-HV-pA-K4,A5,157549.8,2020.054,478.1277,433.0237,CreN_9603_pl8,luminal
exp3,N173,N168,N173T1410_CreN-9603-3m-Epith-HV-pA-K4,mCUT2025-03-p8-9603-B5-CreN-9603-3m-Epith-HV-pA-K4,B5,103554.9,5679.545,43.15779,175.7308,CreN_9603_pl8,luminal
exp3,N173,N168,N173T1411_CreN-9603-3m-Epith-HV-pA-K4,mCUT2025-03-p8-9603-C5-CreN-9603-3m-Epith-HV-pA-K4,C5,50857.18,25160.68,-486.4662,381.3452,CreN_9603_pl8,basal
exp3,N173,N168,N173T1412_CreN-9603-3m-Epith-HV-pA-K4,mCUT2025-03-p8-9603-D5-CreN-9603-3m-Epith-HV-pA-K4,D5,32178.41,24269.1,138.1792,360.1649,CreN_9603_pl8,basal
exp3,N173,N168,N173T1413_CreN-9603-3m-Epith-HV-pA-K4,mCUT2025-03-p8-9603-E5-CreN-9603-3m-Epith-HV-pA-K4,E5,36755.68,21168.15,-327.1983,315.8298,CreN_9603_pl8,basal
exp3,N173,N168,N173T1414_CreN-9603-3m-Epith-HV-pA-K4,mCUT2025-03-p8-9603-F5-CreN-9603-3m-Epith-HV-pA-K4,F5,27141.02,8680.055,202.658,243.7864,CreN_9603_pl8,basal
exp3,N173,N168,N173T1415_CreN-9603-3m-Epith-HV-pA-K4,mCUT2025-03-p8-9603-G5-CreN-9603-3m-Epith-HV-pA-K4,G5,115227.6,2309.575,241.8586,289.6982,CreN_9603_pl8,luminal
exp3,N173,N168,N173T1416_CreN-9603-3m-Epith-HV-pA-K4,mCUT2025-03-p8-9603-H5-CreN-9603-3m-Epith-HV-pA-K4,H5,58604.2,653.682,403.0849,164.6222,CreN_9603_pl8,luminal
exp3,N173,N168,N173T1417_CreN-9603-3m-Epith-HV-pA-K4,mCUT2025-03-p8-9603-I5-CreN-9603-3m-Epith-HV-pA-K4,I5,137913.2,1538.417,628.0446,237.5406,CreN_9603_pl8,luminal
exp3,N173,N168,N173T1418_CreN-9603-3m-Epith-HV-pA-K4,mCUT2025-03-p8-9603-J5-CreN-9603-3m-Epith-HV-pA-K4,J5,103642.8,1396.073,442.4992,682.719,CreN_9603_pl8,luminal
exp3,N173,N168,N173T1419_CreN-9603-3m-Epith-HV-pA-K4,mCUT2025-03-p8-9603-K5-CreN-9603-3m-Epith-HV-pA-K4,K5,69690.53,2949.978,71.3367,242.9885,CreN_9603_pl8,luminal
exp3,N173,N168,N173T1420_CreN-9603-3m-Epith-HV-pA-K4,mCUT2025-03-p8-9603-L5-CreN-9603-3m-Epith-HV-pA-K4,L5,74858.06,574.2836,286.2511,86.46294,CreN_9603_pl8,luminal
exp3,N173,N168,N173T1421_CreN-9603-3m-Epith-HV-pA-K4,mCUT2025-03-p8-9603-M5-CreN-9603-3m-Epith-HV-pA-K4,M5,167699.9,4426.589,69.87009,222.1192,CreN_9603_pl8,luminal
exp3,N173,N168,N173T1422_CreN-9603-3m-Epith-HV-pA-K4,mCUT2025-03-p8-9603-N5-CreN-9603-3m-Epith-HV-pA-K4,N5,60814.76,41079.88,395.0223,350.1566,CreN_9603_pl8,basal
exp3,N173,N168,N173T1423_CreN-9603-3m-Epith-HV-pA-K4,mCUT2025-03-p8-9603-O5-CreN-9603-3m-Epith-HV-pA-K4,O5,42045.69,34983.33,-49.79039,388.3116,CreN_9603_pl8,basal
exp3,N173,N168,N173T1424_CreN-9603-3m-Epith-HV-pA-K4,mCUT2025-03-p8-9603-P5-CreN-9603-3m-Epith-HV-pA-K4,P5,78381.31,1390.839,711.6277,554.8259,CreN_9603_pl8,luminal
exp3,N173,N168,N173T1425_CreN-9603-3m-Epith-HV-pA-K4,mCUT2025-03-p8-9603-A6-CreN-9603-3m-Epith-HV-pA-K4,A6,37830.93,18790.65,-121.4476,346.1888,CreN_9603_pl8,basal
exp3,N173,N168,N173T1426_CreN-9603-3m-Epith-HV-pA-K4,mCUT2025-03-p8-9603-B6-CreN-9603-3m-Epith-HV-pA-K4,B6,231685.8,794.2796,843.256,420.144,CreN_9603_pl8,luminal
exp3,N173,N168,N173T1427_CreN-9603-3m-Epith-HV-pA-K4,mCUT2025-03-p8-9603-C6-CreN-9603-3m-Epith-HV-pA-K4,C6,92985.19,1724.852,594.3036,344.7067,CreN_9603_pl8,luminal
exp3,N173,N168,N173T1428_CreN-9603-3m-Epith-HV-pA-K4,mCUT2025-03-p8-9603-D6-CreN-9603-3m-Epith-HV-pA-K4,D6,59991.99,31554.68,423.8917,474.0568,CreN_9603_pl8,basal
exp3,N173,N168,N173T1429_CreN-9603-3m-Epith-HV-pA-K4,mCUT2025-03-p8-9603-E6-CreN-9603-3m-Epith-HV-pA-K4,E6,172748.2,1779.676,549.1069,296.1825,CreN_9603_pl8,luminal
exp3,N173,N168,N173T1430_CreN-9603-3m-Epith-HV-pA-K4,mCUT2025-03-p8-9603-F6-CreN-9603-3m-Epith-HV-pA-K4,F6,21381.64,11714.58,231.9732,380.2159,CreN_9603_pl8,basal
exp3,N173,N168,N173T1431_CreN-9603-3m-Epith-HV-pA-K4,mCUT2025-03-p8-9603-G6-CreN-9603-3m-Epith-HV-pA-K4,G6,44678.2,26686.63,115.0573,324.9026,CreN_9603_pl8,basal
exp3,N173,N168,N173T1432_CreN-9603-3m-Epith-HV-pA-K4,mCUT2025-03-p8-9603-H6-CreN-9603-3m-Epith-HV-pA-K4,H6,76756.73,556.809,30.29562,246.8555,CreN_9603_pl8,luminal
exp3,N173,N168,N173T1433_CreN-9603-3m-Epith-HV-pA-K4,mCUT2025-03-p8-9603-I6-CreN-9603-3m-Epith-HV-pA-K4,I6,135190,1499.725,-194.1337,554.7274,CreN_9603_pl8,luminal
exp3,N173,N168,N173T1434_CreN-9603-3m-Epith-HV-pA-K4,mCUT2025-03-p8-9603-J6-CreN-9603-3m-Epith-HV-pA-K4,J6,245551.8,2145.22,83.01849,230.3994,CreN_9603_pl8,luminal
exp3,N173,N168,N173T1435_CreN-9603-3m-Epith-HV-pA-K4,mCUT2025-03-p8-9603-K6-CreN-9603-3m-Epith-HV-pA-K4,K6,187160.1,3103.833,-64.99159,369.5284,CreN_9603_pl8,luminal
exp3,N173,N168,N173T1436_CreN-9603-3m-Epith-HV-pA-K4,mCUT2025-03-p8-9603-L6-CreN-9603-3m-Epith-HV-pA-K4,L6,35782.39,2042.003,211.6126,284.9466,CreN_9603_pl8,luminal
exp3,N173,N168,N173T1437_CreN-9603-3m-Epith-HV-pA-K4,mCUT2025-03-p8-9603-M6-CreN-9603-3m-Epith-HV-pA-K4,M6,211275.8,2486.97,340.0345,448.4402,CreN_9603_pl8,luminal
exp3,N173,N168,N173T1438_CreN-9603-3m-Epith-HV-pA-K4,mCUT2025-03-p8-9603-N6-CreN-9603-3m-Epith-HV-pA-K4,N6,35038.35,29286.84,32.66942,195.6821,CreN_9603_pl8,basal
exp3,N173,N168,N173T1439_CreN-9603-3m-Epith-HV-pA-K4,mCUT2025-03-p8-9603-O6-CreN-9603-3m-Epith-HV-pA-K4,O6,325273.6,4451.44,-197.8698,408.8912,CreN_9603_pl8,luminal
exp3,N173,N168,N173T1440_CreN-9603-3m-Epith-HV-pA-K4,mCUT2025-03-p8-9603-P6-CreN-9603-3m-Epith-HV-pA-K4,P6,120284.9,835.7042,205.4291,252.1321,CreN_9603_pl8,luminal
exp3,N173,N168,N173T1441_CreN-9603-3m-Epith-HV-pA-K27,mCUT2025-03-p8-9603-A7-CreN-9603-3m-Epith-HV-pA-K27,A7,92457.59,971.137,63.2581,219.9193,CreN_9603_pl8,luminal
exp3,N173,N168,N173T1442_CreN-9603-3m-Epith-HV-pA-K27,mCUT2025-03-p8-9603-B7-CreN-9603-3m-Epith-HV-pA-K27,B7,227901.7,646.2437,933.3542,595.8279,CreN_9603_pl8,luminal
exp3,N173,N168,N173T1443_CreN-9603-3m-Epith-HV-pA-K27,mCUT2025-03-p8-9603-C7-CreN-9603-3m-Epith-HV-pA-K27,C7,42992.88,913.793,1337.183,282.4856,CreN_9603_pl8,luminal
exp3,N173,N168,N173T1444_CreN-9603-3m-Epith-HV-pA-K27,mCUT2025-03-p8-9603-D7-CreN-9603-3m-Epith-HV-pA-K27,D7,44560.58,1113.509,170.9943,140.9084,CreN_9603_pl8,luminal
exp3,N173,N168,N173T1445_CreN-9603-3m-Epith-HV-pA-K27,mCUT2025-03-p8-9603-E7-CreN-9603-3m-Epith-HV-pA-K27,E7,45706.68,25508.65,195.6079,159.2868,CreN_9603_pl8,basal
exp3,N173,N168,N173T1446_CreN-9603-3m-Epith-HV-pA-K27,mCUT2025-03-p8-9603-F7-CreN-9603-3m-Epith-HV-pA-K27,F7,99237.97,39669.82,283.0512,210.7439,CreN_9603_pl8,basal
exp3,N173,N168,N173T1447_CreN-9603-3m-Epith-HV-pA-K27,mCUT2025-03-p8-9603-G7-CreN-9603-3m-Epith-HV-pA-K27,G7,29750.09,8134.315,436.4225,300.1088,CreN_9603_pl8,basal
exp3,N173,N168,N173T1448_CreN-9603-3m-Epith-HV-pA-K27,mCUT2025-03-p8-9603-H7-CreN-9603-3m-Epith-HV-pA-K27,H7,88934.65,713.4918,794.1497,416.3687,CreN_9603_pl8,luminal
exp3,N173,N168,N173T1449_CreN-9603-3m-Epith-HV-pA-K27,mCUT2025-03-p8-9603-I7-CreN-9603-3m-Epith-HV-pA-K27,I7,221168,1381.75,316.4257,486.9781,CreN_9603_pl8,luminal
exp3,N173,N168,N173T1450_CreN-9603-3m-Epith-HV-pA-K27,mCUT2025-03-p8-9603-J7-CreN-9603-3m-Epith-HV-pA-K27,J7,117281.1,3715.435,757.2004,336.9444,CreN_9603_pl8,luminal
exp3,N173,N168,N173T1451_CreN-9603-3m-Epith-HV-pA-K27,mCUT2025-03-p8-9603-K7-CreN-9603-3m-Epith-HV-pA-K27,K7,97293.75,511.1569,304.8704,330.3661,CreN_9603_pl8,luminal
exp3,N173,N168,N173T1452_CreN-9603-3m-Epith-HV-pA-K27,mCUT2025-03-p8-9603-L7-CreN-9603-3m-Epith-HV-pA-K27,L7,269334.5,4771.489,151.1788,93.87395,CreN_9603_pl8,luminal
exp3,N173,N168,N173T1453_CreN-9603-3m-Epith-HV-pA-K27,mCUT2025-03-p8-9603-M7-CreN-9603-3m-Epith-HV-pA-K27,M7,132583.5,1143.727,133.8398,493.2456,CreN_9603_pl8,luminal
exp3,N173,N168,N173T1454_CreN-9603-3m-Epith-HV-pA-K27,mCUT2025-03-p8-9603-N7-CreN-9603-3m-Epith-HV-pA-K27,N7,7320.05,17494.08,1514.782,660.2907,CreN_9603_pl8,basal
exp3,N173,N168,N173T1455_CreN-9603-3m-Epith-HV-pA-K27,mCUT2025-03-p8-9603-O7-CreN-9603-3m-Epith-HV-pA-K27,O7,198633,1411.407,547.5323,411.6414,CreN_9603_pl8,luminal
exp3,N173,N168,N173T1456_CreN-9603-3m-Epith-HV-pA-K27,mCUT2025-03-p8-9603-P7-CreN-9603-3m-Epith-HV-pA-K27,P7,117144,466.4648,528.709,153.2714,CreN_9603_pl8,luminal
exp3,N173,N168,N173T1457_CreN-9603-3m-Epith-HV-pA-K27,mCUT2025-03-p8-9603-A8-CreN-9603-3m-Epith-HV-pA-K27,A8,46562.94,1669.993,160.544,76.43603,CreN_9603_pl8,luminal
exp3,N173,N168,N173T1458_CreN-9603-3m-Epith-HV-pA-K27,mCUT2025-03-p8-9603-B8-CreN-9603-3m-Epith-HV-pA-K27,B8,128925.9,1729.836,186.7106,144.3714,CreN_9603_pl8,luminal
exp3,N173,N168,N173T1459_CreN-9603-3m-Epith-HV-pA-K27,mCUT2025-03-p8-9603-C8-CreN-9603-3m-Epith-HV-pA-K27,C8,158649.1,2437.705,-294.1223,133.1603,CreN_9603_pl8,luminal
exp3,N173,N168,N173T1460_CreN-9603-3m-Epith-HV-pA-K27,mCUT2025-03-p8-9603-D8-CreN-9603-3m-Epith-HV-pA-K27,D8,93207.3,1040.768,470.229,72.02388,CreN_9603_pl8,luminal
exp3,N173,N168,N173T1461_CreN-9603-3m-Epith-HV-pA-K27,mCUT2025-03-p8-9603-E8-CreN-9603-3m-Epith-HV-pA-K27,E8,171543.5,899.3929,391.7988,417.8508,CreN_9603_pl8,luminal
exp3,N173,N168,N173T1462_CreN-9603-3m-Epith-HV-pA-K27,mCUT2025-03-p8-9603-F8-CreN-9603-3m-Epith-HV-pA-K27,F8,68247.14,33093.93,-13.26581,472.8221,CreN_9603_pl8,basal
exp3,N173,N168,N173T1463_CreN-9603-3m-Epith-HV-pA-K27,mCUT2025-03-p8-9603-G8-CreN-9603-3m-Epith-HV-pA-K27,G8,190049.9,6988.257,566.1108,618.5394,CreN_9603_pl8,luminal
exp3,N173,N168,N173T1464_CreN-9603-3m-Epith-HV-pA-K27,mCUT2025-03-p8-9603-H8-CreN-9603-3m-Epith-HV-pA-K27,H8,183166.8,4774.86,17.74109,149.1334,CreN_9603_pl8,luminal
exp3,N173,N168,N173T1465_CreN-9603-3m-Epith-HV-pA-K27,mCUT2025-03-p8-9603-I8-CreN-9603-3m-Epith-HV-pA-K27,I8,141750.8,4392.918,-108.7119,245.7982,CreN_9603_pl8,luminal
exp3,N173,N168,N173T1466_CreN-9603-3m-Epith-HV-pA-K27,mCUT2025-03-p8-9603-J8-CreN-9603-3m-Epith-HV-pA-K27,J8,64671.31,1048.174,399.8427,143.7964,CreN_9603_pl8,luminal
exp3,N173,N168,N173T1467_CreN-9603-3m-Epith-HV-pA-K27,mCUT2025-03-p8-9603-K8-CreN-9603-3m-Epith-HV-pA-K27,K8,301228.2,840.9692,633.8406,437.1186,CreN_9603_pl8,luminal
exp3,N173,N168,N173T1468_CreN-9603-3m-Epith-HV-pA-K27,mCUT2025-03-p8-9603-L8-CreN-9603-3m-Epith-HV-pA-K27,L8,109587.6,1714.882,303.7251,697.2051,CreN_9603_pl8,luminal
exp3,N173,N168,N173T1469_CreN-9603-3m-Epith-HV-pA-K27,mCUT2025-03-p8-9603-M8-CreN-9603-3m-Epith-HV-pA-K27,M8,28872.72,17973.5,-155.4107,45.818,CreN_9603_pl8,basal
exp3,N173,N168,N173T1470_CreN-9603-3m-Epith-HV-pA-K27,mCUT2025-03-p8-9603-N8-CreN-9603-3m-Epith-HV-pA-K27,N8,57072.76,8576.256,324.7136,-103.0469,CreN_9603_pl8,luminal
exp3,N173,N168,N173T1471_CreN-9603-3m-Epith-HV-pA-K27,mCUT2025-03-p8-9603-O8-CreN-9603-3m-Epith-HV-pA-K27,O8,56858.52,4097.956,-196.6631,436.4535,CreN_9603_pl8,luminal
exp3,N173,N168,N173T1472_CreN-9603-3m-Epith-HV-pA-K27,mCUT2025-03-p8-9603-P8-CreN-9603-3m-Epith-HV-pA-K27,P8,7371.125,16484.47,1453.281,625.2122,CreN_9603_pl8,basal
exp3,N173,N168,N173T1473_CreN-9603-3m-Epith-HV-pA-K27,mCUT2025-03-p8-9603-A9-CreN-9603-3m-Epith-HV-pA-K27,A9,199302.9,1726.918,682.7746,463.2547,CreN_9603_pl8,luminal
exp3,N173,N168,N173T1474_CreN-9603-3m-Epith-HV-pA-K27,mCUT2025-03-p8-9603-B9-CreN-9603-3m-Epith-HV-pA-K27,B9,82004.41,490.8032,62.98835,106.2062,CreN_9603_pl8,luminal
exp3,N173,N168,N173T1475_CreN-9603-3m-Epith-HV-pA-K27,mCUT2025-03-p8-9603-C9-CreN-9603-3m-Epith-HV-pA-K27,C9,142155.1,2303.31,488.0905,340.3581,CreN_9603_pl8,luminal
exp3,N173,N168,N173T1476_CreN-9603-3m-Epith-HV-pA-K27,mCUT2025-03-p8-9603-D9-CreN-9603-3m-Epith-HV-pA-K27,D9,168867.6,1359.735,98.99483,684.6974,CreN_9603_pl8,luminal
exp3,N173,N168,N173T1477_CreN-9603-3m-Epith-HV-pA-K27,mCUT2025-03-p8-9603-E9-CreN-9603-3m-Epith-HV-pA-K27,E9,7336.994,18121.95,668.5682,687.2741,CreN_9603_pl8,basal
exp3,N173,N168,N173T1478_CreN-9603-3m-Epith-HV-pA-K27,mCUT2025-03-p8-9603-F9-CreN-9603-3m-Epith-HV-pA-K27,F9,90231.09,1146.878,716.2195,646.9691,CreN_9603_pl8,luminal
exp3,N173,N168,N173T1479_CreN-9603-3m-Epith-HV-pA-K27,mCUT2025-03-p8-9603-G9-CreN-9603-3m-Epith-HV-pA-K27,G9,66534.48,21271.81,667.7932,296.8914,CreN_9603_pl8,basal
exp3,N173,N168,N173T1480_CreN-9603-3m-Epith-HV-pA-K27,mCUT2025-03-p8-9603-H9-CreN-9603-3m-Epith-HV-pA-K27,H9,103645.4,2040.495,-24.77472,275.7595,CreN_9603_pl8,luminal
exp3,N173,N168,N173T1481_CreN-9603-3m-Epith-HV-pA-K27,mCUT2025-03-p8-9603-I9-CreN-9603-3m-Epith-HV-pA-K27,I9,28684.85,17287.49,366.9844,355.1361,CreN_9603_pl8,basal
exp3,N173,N168,N173T1482_CreN-9603-3m-Epith-HV-pA-K27,mCUT2025-03-p8-9603-J9-CreN-9603-3m-Epith-HV-pA-K27,J9,106303.4,1027.081,231.8214,339.021,CreN_9603_pl8,luminal
exp3,N173,N168,N173T1483_CreN-9603-3m-Epith-HV-pA-K27,mCUT2025-03-p8-9603-K9-CreN-9603-3m-Epith-HV-pA-K27,K9,83705.28,7613.485,1417.815,607.764,CreN_9603_pl8,luminal
exp3,N173,N168,N173T1484_CreN-9603-3m-Epith-HV-pA-K27,mCUT2025-03-p8-9603-L9-CreN-9603-3m-Epith-HV-pA-K27,L9,186826.9,1447.585,601.6279,422.5625,CreN_9603_pl8,luminal
exp3,N173,N168,N173T1485_CreN-9603-3m-Epith-HV-pA-K27,mCUT2025-03-p8-9603-M9-CreN-9603-3m-Epith-HV-pA-K27,M9,288418.3,3257.202,-109.9125,576.4634,CreN_9603_pl8,luminal
exp3,N173,N168,N173T1486_CreN-9603-3m-Epith-HV-pA-K27,mCUT2025-03-p8-9603-N9-CreN-9603-3m-Epith-HV-pA-K27,N9,195494.1,1930.431,717.2567,527.2141,CreN_9603_pl8,luminal
exp3,N173,N168,N173T1487_CreN-9603-3m-Epith-HV-pA-K27,mCUT2025-03-p8-9603-O9-CreN-9603-3m-Epith-HV-pA-K27,O9,78739.14,2132.594,460.7541,408.5122,CreN_9603_pl8,luminal
exp3,N173,N168,N173T1488_CreN-9603-3m-Epith-HV-pA-K27,mCUT2025-03-p8-9603-P9-CreN-9603-3m-Epith-HV-pA-K27,P9,63410.36,2160.941,185.2036,69.62172,CreN_9603_pl8,luminal
exp3,N173,N168,N173T1489_CreN-9603-3m-Epith-HV-pA-K27,mCUT2025-03-p8-9603-A10-CreN-9603-3m-Epith-HV-pA-K27,A10,65040.14,1367.823,-58.96218,174.5043,CreN_9603_pl8,luminal
exp3,N173,N168,N173T1490_CreN-9603-3m-Epith-HV-pA-K27,mCUT2025-03-p8-9603-B10-CreN-9603-3m-Epith-HV-pA-K27,B10,192896.6,2376.919,575.325,710.571,CreN_9603_pl8,luminal
exp3,N173,N168,N173T1491_CreN-9603-3m-Epith-HV-pA-K27,mCUT2025-03-p8-9603-C10-CreN-9603-3m-Epith-HV-pA-K27,C10,98813.98,606.5308,321.2677,143.7121,CreN_9603_pl8,luminal
exp3,N173,N168,N173T1492_CreN-9603-3m-Epith-HV-pA-K27,mCUT2025-03-p8-9603-D10-CreN-9603-3m-Epith-HV-pA-K27,D10,145128.9,1310.251,-0.2056465,332.8867,CreN_9603_pl8,luminal
exp3,N173,N168,N173T1493_CreN-9603-3m-Epith-HV-pA-K27,mCUT2025-03-p8-9603-E10-CreN-9603-3m-Epith-HV-pA-K27,E10,21440.91,608.434,18.64067,5.561705,CreN_9603_pl8,luminal
exp3,N173,N168,N173T1494_CreN-9603-3m-Epith-HV-pA-K27,mCUT2025-03-p8-9603-F10-CreN-9603-3m-Epith-HV-pA-K27,F10,138573.4,1929.109,250.552,345.3956,CreN_9603_pl8,luminal
exp3,N173,N168,N173T1495_CreN-9603-3m-Epith-HV-pA-K27,mCUT2025-03-p8-9603-G10-CreN-9603-3m-Epith-HV-pA-K27,G10,40270.63,1561.187,-49.85411,129.9446,CreN_9603_pl8,luminal
exp3,N173,N168,N173T1496_CreN-9603-3m-Epith-HV-pA-K27,mCUT2025-03-p8-9603-H10-CreN-9603-3m-Epith-HV-pA-K27,H10,142000.3,1046.772,872.141,678.4861,CreN_9603_pl8,luminal
exp3,N173,N168,N173T1497_CreN-9603-3m-Epith-HV-pA-K27,mCUT2025-03-p8-9603-I10-CreN-9603-3m-Epith-HV-pA-K27,I10,135742.6,4435.34,252.0617,668.9574,CreN_9603_pl8,luminal
exp3,N173,N168,N173T1498_CreN-9603-3m-Epith-HV-pA-K27,mCUT2025-03-p8-9603-J10-CreN-9603-3m-Epith-HV-pA-K27,J10,26196.83,688.3646,1.070549,617.2441,CreN_9603_pl8,luminal
exp3,N173,N168,N173T1499_CreN-9603-3m-Epith-HV-pA-K27,mCUT2025-03-p8-9603-K10-CreN-9603-3m-Epith-HV-pA-K27,K10,99672.73,3462.499,713.2413,393.6701,CreN_9603_pl8,luminal
exp3,N173,N168,N173T1500_CreN-9603-3m-Epith-HV-pA-K27,mCUT2025-03-p8-9603-L10-CreN-9603-3m-Epith-HV-pA-K27,L10,209460.5,1328.207,522.8517,166.3206,CreN_9603_pl8,luminal
exp3,N173,N168,N173T1501_CreN-9603-3m-Epith-HV-pA-K27,mCUT2025-03-p8-9603-M10-CreN-9603-3m-Epith-HV-pA-K27,M10,63496.2,37953.54,-422.3856,417.8541,CreN_9603_pl8,basal
exp3,N173,N168,N173T1502_CreN-9603-3m-Epith-HV-pA-K27,mCUT2025-03-p8-9603-N10-CreN-9603-3m-Epith-HV-pA-K27,N10,56636.48,36504.48,-360.0667,152.1072,CreN_9603_pl8,basal
exp3,N173,N168,N173T1503_CreN-9603-3m-Epith-HV-pA-K27,mCUT2025-03-p8-9603-O10-CreN-9603-3m-Epith-HV-pA-K27,O10,38822.46,832.4454,187.0237,196.1097,CreN_9603_pl8,luminal
exp3,N173,N168,N173T1504_CreN-9603-3m-Epith-HV-pA-K27,mCUT2025-03-p8-9603-P10-CreN-9603-3m-Epith-HV-pA-K27,P10,200977,1189.965,441.7898,241.9715,CreN_9603_pl8,luminal
exp3,N173,N168,N173T1505_CreN-9603-3m-Epith-HV-pA-K27,mCUT2025-03-p8-9603-A11-CreN-9603-3m-Epith-HV-pA-K27,A11,83999.78,45074.4,350.9286,-30.11002,CreN_9603_pl8,basal
exp3,N173,N168,N173T1506_CreN-9603-3m-Epith-HV-pA-K27,mCUT2025-03-p8-9603-B11-CreN-9603-3m-Epith-HV-pA-K27,B11,120056.6,1968.279,350.7768,238.1674,CreN_9603_pl8,luminal
exp3,N173,N168,N173T1507_CreN-9603-3m-Epith-HV-pA-K27,mCUT2025-03-p8-9603-C11-CreN-9603-3m-Epith-HV-pA-K27,C11,114659.4,34016.77,-211.8716,547.429,CreN_9603_pl8,basal
exp3,N173,N168,N173T1508_CreN-9603-3m-Epith-HV-pA-K27,mCUT2025-03-p8-9603-D11-CreN-9603-3m-Epith-HV-pA-K27,D11,259949,1272.751,320.5024,364.4747,CreN_9603_pl8,luminal
exp3,N173,N168,N173T1509_CreN-9603-3m-Epith-HV-pA-K27,mCUT2025-03-p8-9603-E11-CreN-9603-3m-Epith-HV-pA-K27,E11,280703.2,2111.612,361.6033,320.0978,CreN_9603_pl8,luminal
exp3,N173,N168,N173T1510_CreN-9603-3m-Epith-HV-pA-K27,mCUT2025-03-p8-9603-F11-CreN-9603-3m-Epith-HV-pA-K27,F11,30460.36,1392.382,233.6203,433.9395,CreN_9603_pl8,luminal
exp3,N173,N168,N173T1511_CreN-9603-3m-Epith-HV-pA-K27,mCUT2025-03-p8-9603-G11-CreN-9603-3m-Epith-HV-pA-K27,G11,20237.4,1309.66,42.61603,216.9442,CreN_9603_pl8,luminal
exp3,N173,N168,N173T1512_CreN-9603-3m-Epith-HV-pA-K27,mCUT2025-03-p8-9603-H11-CreN-9603-3m-Epith-HV-pA-K27,H11,167584.5,805.8472,275.3058,270.157,CreN_9603_pl8,luminal
exp3,N173,N168,N173T1513_CreN-9603-3m-Epith-HV-pA-K27,mCUT2025-03-p8-9603-I11-CreN-9603-3m-Epith-HV-pA-K27,I11,82638.75,757.4727,122.2773,319.3145,CreN_9603_pl8,luminal
exp3,N173,N168,N173T1514_CreN-9603-3m-Epith-HV-pA-K27,mCUT2025-03-p8-9603-J11-CreN-9603-3m-Epith-HV-pA-K27,J11,52765.63,21029.74,-259.4807,212.5195,CreN_9603_pl8,basal
exp3,N173,N168,N173T1515_CreN-9603-3m-Epith-HV-pA-K27,mCUT2025-03-p8-9603-K11-CreN-9603-3m-Epith-HV-pA-K27,K11,59977.77,577.2131,141.2978,475.6189,CreN_9603_pl8,luminal
exp3,N173,N168,N173T1516_CreN-9603-3m-Epith-HV-pA-K27,mCUT2025-03-p8-9603-L11-CreN-9603-3m-Epith-HV-pA-K27,L11,85116.08,723.6326,690.4417,163.0062,CreN_9603_pl8,luminal
exp3,N173,N168,N173T1517_CreN-9603-3m-Epith-HV-pA-K27,mCUT2025-03-p8-9603-M11-CreN-9603-3m-Epith-HV-pA-K27,M11,58349.7,38692.25,115.0431,305.9449,CreN_9603_pl8,basal
exp3,N173,N168,N173T1518_CreN-9603-3m-Epith-HV-pA-K27,mCUT2025-03-p8-9603-N11-CreN-9603-3m-Epith-HV-pA-K27,N11,9958.977,18519.45,-437.3994,505.6444,CreN_9603_pl8,basal
exp3,N173,N168,N173T1519_CreN-9603-3m-Epith-HV-pA-K27,mCUT2025-03-p8-9603-O11-CreN-9603-3m-Epith-HV-pA-K27,O11,106444.6,2955.924,846.7233,670.1547,CreN_9603_pl8,luminal
exp3,N173,N168,N173T1520_CreN-9603-3m-Epith-HV-pA-K27,mCUT2025-03-p8-9603-P11-CreN-9603-3m-Epith-HV-pA-K27,P11,175286.5,1015.946,313.9464,135.985,CreN_9603_pl8,luminal
exp3,N173,N168,N173T1521_CreN-9603-3m-Epith-HV-pA-K27,mCUT2025-03-p8-9603-A12-CreN-9603-3m-Epith-HV-pA-K27,A12,62842.52,30188,-60.15879,408.9689,CreN_9603_pl8,basal
exp3,N173,N168,N173T1522_CreN-9603-3m-Epith-HV-pA-K27,mCUT2025-03-p8-9603-B12-CreN-9603-3m-Epith-HV-pA-K27,B12,132798.4,2380.049,821.8826,524.7476,CreN_9603_pl8,luminal
exp3,N173,N168,N173T1523_CreN-9603-3m-Epith-HV-pA-K27,mCUT2025-03-p8-9603-C12-CreN-9603-3m-Epith-HV-pA-K27,C12,138275.8,2214.958,476.8023,134.1889,CreN_9603_pl8,luminal
exp3,N173,N168,N173T1524_CreN-9603-3m-Epith-HV-pA-K27,mCUT2025-03-p8-9603-D12-CreN-9603-3m-Epith-HV-pA-K27,D12,123876.4,541.0027,365.0099,276.3716,CreN_9603_pl8,luminal
exp3,N173,N168,N173T1525_CreN-9603-3m-Epith-HV-pA-K27,mCUT2025-03-p8-9603-E12-CreN-9603-3m-Epith-HV-pA-K27,E12,21066.92,4898.005,339.4562,359.2519,CreN_9603_pl8,luminal
exp3,N173,N168,N173T1526_CreN-9603-3m-Epith-HV-pA-K27,mCUT2025-03-p8-9603-F12-CreN-9603-3m-Epith-HV-pA-K27,F12,57283.63,581.5651,203.4973,363.618,CreN_9603_pl8,luminal
exp3,N173,N168,N173T1527_CreN-9603-3m-Epith-HV-pA-K27,mCUT2025-03-p8-9603-G12-CreN-9603-3m-Epith-HV-pA-K27,G12,139503.3,1179.17,457.0191,289.1952,CreN_9603_pl8,luminal
exp3,N173,N168,N173T1528_CreN-9603-3m-Epith-HV-pA-K27,mCUT2025-03-p8-9603-H12-CreN-9603-3m-Epith-HV-pA-K27,H12,178101.2,2624.179,670.955,339.1477,CreN_9603_pl8,luminal
exp3,N173,N168,N173T1529_CreN-9603-3m-Epith-HV-pA-K27,mCUT2025-03-p8-9603-I12-CreN-9603-3m-Epith-HV-pA-K27,I12,43820.7,29720.56,-335.1541,335.0921,CreN_9603_pl8,basal
exp3,N173,N168,N173T1530_CreN-9603-3m-Epith-HV-pA-K27,mCUT2025-03-p8-9603-J12-CreN-9603-3m-Epith-HV-pA-K27,J12,165843.8,485.1183,291.8932,705.5726,CreN_9603_pl8,luminal
exp3,N173,N168,N173T1531_CreN-9603-3m-Epith-HV-pA-K27,mCUT2025-03-p8-9603-K12-CreN-9603-3m-Epith-HV-pA-K27,K12,89652.96,6817.708,292.3285,489.4014,CreN_9603_pl8,luminal
exp3,N173,N168,N173T1532_CreN-9603-3m-Epith-HV-pA-K27,mCUT2025-03-p8-9603-L12-CreN-9603-3m-Epith-HV-pA-K27,L12,182388.6,3395.199,-188.5987,424.7335,CreN_9603_pl8,luminal
exp3,N173,N168,N173T1533_CreN-9603-3m-Epith-HV-pA-K27,mCUT2025-03-p8-9603-M12-CreN-9603-3m-Epith-HV-pA-K27,M12,74382.53,1235.67,214.9107,322.0435,CreN_9603_pl8,luminal
exp3,N173,N168,N173T1534_CreN-9603-3m-Epith-HV-pA-K27,mCUT2025-03-p8-9603-N12-CreN-9603-3m-Epith-HV-pA-K27,N12,213846,922.5469,932.4605,404.1126,CreN_9603_pl8,luminal
exp3,N173,N168,N173T1535_CreN-9603-3m-Epith-HV-pA-K27,mCUT2025-03-p8-9603-O12-CreN-9603-3m-Epith-HV-pA-K27,O12,440495.6,5176.047,590.2549,405.2385,CreN_9603_pl8,luminal
exp3,N173,N168,N173T1536_CreN-9603-3m-Epith-HV-pA-K27,mCUT2025-03-p8-9603-P12-CreN-9603-3m-Epith-HV-pA-K27,P12,147245.7,1013.458,464.4626,350.238,CreN_9603_pl8,luminal