Run_RNA,Run_epi,BC_epi,BC_RNA,Exp,Plate,Well,FSC.A,FSC.W,FSC.H,SSC.A,SSC.W,SSC.H,CD29_Yel.Gr.C.610_20.A,EpCAM_Yel.Gr.A.780_60.A,Live_dead_Red.A.780_60.A,Lin_Violet.E.525_50.A,Sca1_Violet.C.670_30.A,Tspan8_UV.C.379_28.A,facs_phenotype,facs_phenotype_expanded
P108,N253,p1-A01-basal-Tspan8-neg_K4-F9739,P108T0001_basal-Tspan8-neg,exp4,p1,A01,157648.6875,89922.65625,114895,108577.7031,85071.82813,83644,78252.9238,7329.978224,114.5109687,267.7310264,194.6080876,963.6682388,basal,basal-Tspan8-neg
P108,N253,p1-B01-basal-Tspan8-neg-K4-F9739,P108T0002_basal-Tspan8-neg,exp4,p1,B01,106680.8438,87360.1875,80030,104199.7031,86463.89844,78979,40952.66679,5129.518182,34.72413431,98.65171027,428.3660421,225.9121364,basal,basal-Tspan8-neg
P108,N253,p1-C01-basal-Tspan8-neg-K4-F9739,P108T0003_basal-Tspan8-neg,exp4,p1,C01,83126.53906,85023.27344,64074,148654,90107,108118,68191.69897,4762.061187,32.61754592,1155.888961,-42.91969068,2014.888232,basal,basal-Tspan8-neg
P108,N253,p1-D01-basal-Tspan8-neg-K4-F9739,P108T0004_basal-Tspan8-neg,exp4,p1,D01,125766.3438,90981.79688,90592,148446.1094,89387.36719,108836,20809.37823,2023.296599,432.6588632,3512.492233,113.0833046,1103.185661,basal,basal-Tspan8-neg
P108,N253,p1-E01-basal-Tspan8-neg-K4-F9739,P108T0005_basal-Tspan8-neg,exp4,p1,E01,161936.1875,95007.74219,111703,218769.1094,93211.61719,153814,72440.35893,5186.518169,127.2064874,1183.429961,595.8772677,2157.881522,basal,basal-Tspan8-neg
P108,N253,p1-F01-basal-Tspan8-neg-K27-F9739,P108T0006_basal-Tspan8-neg,exp4,p1,F01,127059.9453,93175.5,89369,175345.5,102063.6016,112591,108747.4063,7612.633466,423.9907643,257.1606533,501.0670863,-165.6100806,basal,basal-Tspan8-neg
P108,N253,p1-G01-basal-Tspan8-neg-K27-F9739,P108T0007_basal-Tspan8-neg,exp4,p1,G01,148463.1406,84689.86719,114886,86500.70313,76089.69531,74503,25742.34903,2129.847644,21.53653986,887.0471027,56.80872708,205.3396385,basal,basal-Tspan8-neg
P108,N253,p1-H01-basal-Tspan8-neg-K27-F9739,P108T0008_basal-Tspan8-neg,exp4,p1,H01,88244.10156,94736.10156,61045,48305.40234,122746.0234,25791,11985.25759,4439.397704,24.87847555,561.6169025,465.1553535,457.8185628,basal,basal-Tspan8-neg
P108,N253,p1-I01-basal-Tspan8-neg-K27-F9739,P108T0009_basal-Tspan8-neg,exp4,p1,I01,187412.2656,90409.04688,135852,125639.8047,89598.57813,91898,105099.4896,10890.65702,261.0233816,1628.018424,1079.764986,460.3046141,basal,basal-Tspan8-neg
P108,N253,p1-A02-basal-Tspan8-neg-K4-F9739,P108T0010_basal-Tspan8-neg,exp4,p1,A02,87351.32031,93139.88281,61463,202995.1094,96849.14063,137363,66472.74044,10816.38705,79.15795245,1327.455719,501.1857319,318.9452543,basal,basal-Tspan8-neg
P108,N253,p1-B02-basal-Tspan8-neg-K4-F9739,P108T0011_basal-Tspan8-neg,exp4,p1,B02,79982.70313,85255.22656,61483,119673.4063,95020.73438,82539,61469.7068,9303.602737,89.73268719,1508.946233,-113.8993172,-47.17891366,basal,basal-Tspan8-neg
P108,N253,p1-C02-basal-Tspan8-neg-K4-F9739,P108T0012_basal-Tspan8-neg,exp4,p1,C02,89357.38281,82760.40625,70760,106340.3047,86707.53125,80375,64982.41746,3965.29176,129.8882849,1335.472919,24.07740085,1324.735115,basal,basal-Tspan8-neg
P108,N253,p1-D02-basal-Tspan8-neg-K4-F9739,P108T0013_basal-Tspan8-neg,exp4,p1,D02,116154.5,85158.3125,89390,127804.6016,86157.50781,97215,47056.97055,3945.824514,67.13130605,624.5364709,221.0777618,193.0928198,basal,basal-Tspan8-neg
P108,N253,p1-E02-basal-Tspan8-neg-K4-F9739,P108T0014_basal-Tspan8-neg,exp4,p1,E02,222812.7969,105778.9844,138045,197076,87776.84375,147141,111517.9521,4232.897907,493.9357111,2184.806922,1190.631447,38.92304839,basal,basal-Tspan8-neg
P108,N253,p1-F02-basal-Tspan8-neg-K27-F9739,P108T0015_basal-Tspan8-neg,exp4,p1,F02,119291.4844,88677.375,88161,142474.2031,92493.21875,100950,63484.67625,5189.994907,402.1901504,325.2546142,-85.43349555,1051.375461,basal,basal-Tspan8-neg
P108,N253,p1-G02-basal-Tspan8-neg-K27-F9739,P108T0016_basal-Tspan8-neg,exp4,p1,G02,153064.25,88357.42969,113530,124901.7031,90778.16406,90171,66630.49716,3324.890285,160.0176751,755.4787152,260.5048689,326.7024416,basal,basal-Tspan8-neg
P108,N253,p1-H02-basal-Tspan8-neg-K27-F9739,P108T0017_basal-Tspan8-neg,exp4,p1,H02,77561.125,86550.875,58729,128389.8047,85976.28125,97866,30954.43263,2143.021229,142.4291646,617.3764123,567.6579191,329.1373245,basal,basal-Tspan8-neg
P108,N253,p1-I02-basal-Tspan8-neg-K27-F9739,P108T0018_basal-Tspan8-neg,exp4,p1,I02,151697.1406,87263.875,113926,96748.30469,85934.39063,73783,85806.5594,4674.485236,363.8184696,60.81261917,40.47038548,128.9353659,basal,basal-Tspan8-neg
P108,N253,p1-A03-basal-Tspan8-neg-K4-F9739,P108T0019_basal-Tspan8-neg,exp4,p1,A03,184947.5625,91743.73438,132115,132755.7031,87950.89063,98922,54926.75365,7067.921649,136.8900578,328.4744069,1028.71522,2014.814341,basal,basal-Tspan8-neg
P108,N253,p1-B03-basal-Tspan8-neg-K4-F9739,P108T0020_basal-Tspan8-neg,exp4,p1,B03,227007.2031,95421.96875,155909,185135.5,95611.78906,126899,17991.43228,2809.922178,55.32104567,1731.142468,771.3462987,1596.957555,basal,basal-Tspan8-neg
P108,N253,p1-C03-basal-Tspan8-neg-K4-F9739,P108T0021_basal-Tspan8-neg,exp4,p1,C03,93982,89135.94531,69099,78911.80469,88440.60156,58475,76555.81022,7929.080068,245.554286,863.1974307,2278.614336,1754.862196,basal,basal-Tspan8-neg
P108,N253,p1-D03-basal-Tspan8-neg-K4-F9739,P108T0022_basal-Tspan8-neg,exp4,p1,D03,196527.25,104600.8828,123131,170608.9063,91724.4375,121898,80120.53608,6054.416946,59.28142547,69.05927941,312.4810329,1412.77792,basal,basal-Tspan8-neg
P108,N253,p1-E03-basal-Tspan8-neg-K4-F9739,P108T0023_basal-Tspan8-neg,exp4,p1,E03,186796.8281,90187.83594,135738,137325.1094,91057.28906,98836,85764.62374,4621.026139,46.35491784,99.36177653,288.0116213,-51.4282627,basal,basal-Tspan8-neg
P108,N253,p1-F03-basal-Tspan8-neg-K27-F9739,P108T0024_basal-Tspan8-neg,exp4,p1,F03,135486.9688,84632.22656,104916,78069.20313,85640.64063,59742,93516.35433,5547.729998,235.9663985,629.0869157,-240.5567217,-265.6818561,basal,basal-Tspan8-neg
P108,N253,p1-G03-basal-Tspan8-neg-K27-F9739,P108T0025_basal-Tspan8-neg,exp4,p1,G03,191472.4063,97307.85938,128955,201023.9063,98442.78906,133827,123350.2322,6692.272118,522.4041174,1557.441727,920.5042666,1787.17639,basal,basal-Tspan8-neg
P108,N253,p1-H03-basal-Tspan8-neg-K27-F9739,P108T0026_basal-Tspan8-neg,exp4,p1,H03,203720.4375,98982.98438,134882,140609.7031,97621.67188,94395,121875.0302,12196.09175,173.9546499,25.50892037,248.9539162,1610.033321,basal,basal-Tspan8-neg
P108,N253,p1-I03-basal-Tspan8-neg-K27-F9739,P108T0027_basal-Tspan8-neg,exp4,p1,I03,239753.0781,98946.19531,158798,137948.7969,93869.92188,96310,124134.5112,4992.614486,156.515103,491.8782764,876.258833,57.25209513,basal,basal-Tspan8-neg
P108,N253,p1-A04-basal-Tspan8-pos-K4-F9739,P108T0028_basal-Tspan8-pos,exp4,p1,A04,132280.4063,85717.53906,101136,119362.1016,87184.1875,89724,90033.91216,7223.509915,533.9127761,92.24490845,115.823044,5107.237555,basal,basal-Tspan8-pos
P108,N253,p1-B04-basal-Tspan8-pos-K4-F9739,P108T0029_basal-Tspan8-pos,exp4,p1,B04,122693.0625,82726.10938,97198,84298.5,94062.73438,58733,22409.80478,2042.090751,184.7033818,1692.495323,194.5283597,8378.460629,basal,basal-Tspan8-pos
P108,N253,p1-C04-basal-Tspan8-pos-K4-F9739,P108T0030_basal-Tspan8-pos,exp4,p1,C04,132304.9063,95608.49219,90690,215562.6094,90570.01563,155980,76144.6299,12089.56398,217.0104519,651.4598904,-2.516110165,7624.648986,basal,basal-Tspan8-pos
P108,N253,p1-D04-basal-Tspan8-pos-K4-F9739,P108T0031_basal-Tspan8-pos,exp4,p1,D04,121127.0234,91927.09375,86353,144214.4063,98312.125,96135,38691.58283,5108.62465,224.1680947,1936.0771,-114.995969,12094.23925,basal,basal-Tspan8-pos
P108,N253,p1-E04-basal-Tspan8-pos-K4-F9739,P108T0032_basal-Tspan8-pos,exp4,p1,E04,87510.07813,102065.5078,56190,72617.60156,115424.4922,41231,19265.44874,3292.32076,17.43953909,1204.579359,2780.583282,28245.47759,basal,basal-Tspan8-pos
P108,N253,p1-F04-basal-Tspan8-pos-K27-F9739,P108T0033_basal-Tspan8-pos,exp4,p1,F04,92985.34375,98589.03906,61811,97057.39844,101825.8281,62467,22534.67938,9493.571534,18.75396961,93.5856555,484.3819948,48438.6608,basal,basal-Tspan8-pos
P108,N253,p1-G04-basal-Tspan8-pos-K27-F9739,P108T0034_basal-Tspan8-pos,exp4,p1,G04,102353.1641,88747.6875,75583,155830.4063,94387.16406,108198,82631.1462,9772.595879,328.880537,-410.1402437,524.9770567,173339.2704,basal,basal-Tspan8-pos
P108,N253,p1-H04-basal-Tspan8-pos-K27-F9739,P108T0035_basal-Tspan8-pos,exp4,p1,H04,194713.2656,100404.6563,127093,195431.5,89738.23438,142724,102613.4491,14406.74343,84.11425186,1424.059972,452.7242416,7996.660132,basal,basal-Tspan8-pos
P108,N253,p1-I04-basal-Tspan8-pos-K27-F9739,P108T0036_basal-Tspan8-pos,exp4,p1,I04,112149.2422,91892.17969,79983,157852.2031,90756.78125,113986,62730.97364,8249.555359,526.1730591,435.0205647,391.8511127,261293.3236,basal,basal-Tspan8-pos
P108,N253,p1-J04-basal-Tspan8-pos-K27-F9739,P108T0037_basal-Tspan8-pos,exp4,p1,J04,170741.4844,105502.625,106061,158068.9063,98910.59375,104733,60656.05598,13132.65461,261.2384145,408.8788091,146.5944137,4948.060929,basal,basal-Tspan8-pos
P108,N253,p1-A05-basal-Tspan8-pos-K4-F9739,P108T0038_basal-Tspan8-pos,exp4,p1,A05,238352.6719,97968.47656,159446,120631.5,90852.4375,87017,100126.4083,3573.49595,153.4792263,303.3234031,87.14451907,6065.460943,basal,basal-Tspan8-pos
P108,N253,p1-B05-basal-Tspan8-pos-K4-F9739,P108T0039_basal-Tspan8-pos,exp4,p1,B05,114034.7656,90171.11719,82880,127996,94402.77344,88857,40799.66042,5130.741729,533.8834187,-546.281646,323.7228752,261591.1103,basal,basal-Tspan8-pos
P108,N253,p1-C05-basal-Tspan8-pos-K4-F9739,P108T0040_basal-Tspan8-pos,exp4,p1,C05,226551.5,106430.5781,139502,164156.2969,97896.57813,109893,78842.92335,9670.820478,481.2864412,229.6275884,191.099657,6641.08522,basal,basal-Tspan8-pos
P108,N253,p1-D05-basal-Tspan8-pos-K4-F9739,P108T0041_basal-Tspan8-pos,exp4,p1,D05,219429.8438,95858.21875,150019,151545.9063,99241.71094,100076,85293.7746,7208.964239,16.8222074,9.518854761,9.591935947,3814.356336,basal,basal-Tspan8-pos
P108,N253,p1-E05-basal-Tspan8-pos-K4-F9739,P108T0042_basal-Tspan8-pos,exp4,p1,E05,157451.7031,89745.46875,114978,147654.1094,90579.98438,106830,102260.8277,6535.352224,344.2086429,248.8397383,1344.542252,11094.77405,basal,basal-Tspan8-pos
P108,N253,p1-F05-basal-Tspan8-pos-K27-F9739,P108T0043_basal-Tspan8-pos,exp4,p1,F05,191389.1094,91889.89063,136499,154416.9063,97699.08594,103582,79181.61717,12636.47105,127.3346164,39.06196589,325.4617185,4631.536629,basal,basal-Tspan8-pos
P108,N253,p1-G05-basal-Tspan8-pos-K27-F9739,P108T0044_basal-Tspan8-pos,exp4,p1,G05,99954.125,91322.9375,71730,180896.1094,94161.4375,125903,85140.20713,4434.570921,203.2222917,796.7709207,280.4466901,3981.497586,basal,basal-Tspan8-pos
P108,N253,p1-H05-basal-Tspan8-pos-K27-F9739,P108T0045_basal-Tspan8-pos,exp4,p1,H05,155873.9063,92388.10938,110570,120203.6016,94066.14844,83746,69082.16751,8571.600396,294.9866773,356.6653971,126.6630016,4016.985158,basal,basal-Tspan8-pos
P108,N253,p1-I05-basal-Tspan8-pos-K27-F9739,P108T0046_basal-Tspan8-pos,exp4,p1,I05,130926.0391,92930.53906,92331,156514.6094,95590.52344,107305,139437.0001,12105.02059,583.6248442,1176.326296,1027.150961,6617.737385,basal,basal-Tspan8-pos
P108,N253,p1-J05-basal-Tspan8-pos-K27-F9739,P108T0047_basal-Tspan8-pos,exp4,p1,J05,118502.5859,91831.4375,84570,130182.8047,91046.14063,93707,68478.8438,6814.297666,320.723177,1754.333858,1191.320221,261221.9439,basal,basal-Tspan8-pos
P108,N253,p1-A06-basal-Tspan8-pos-K4-F9739,P108T0048_basal-Tspan8-pos,exp4,p1,A06,229285.7031,93995.89844,159863,162028.9063,91207.36719,116424,96745.67412,10531.45796,199.0253108,318.0928844,665.0322463,4792.245367,basal,basal-Tspan8-pos
P108,N253,p1-B06-basal-Tspan8-pos-K4-F9739,P108T0049_basal-Tspan8-pos,exp4,p1,B06,201464.4844,95090.86719,138848,155936,99112.78906,103109,100014.3176,7737.792504,167.2732877,-474.1976272,112.9373708,76506.25826,basal,basal-Tspan8-pos
P108,N253,p1-C06-basal-Tspan8-pos-K4-F9739,P108T0050_basal-Tspan8-pos,exp4,p1,C06,96413.38281,80683.25,78313,113703.7031,79571.21875,93648,29527.85775,3934.310816,60.99354717,-416.7677781,84.83105892,261743.1461,basal,basal-Tspan8-pos
P108,N253,p1-D06-basal-Tspan8-pos-K4-F9739,P108T0051_basal-Tspan8-pos,exp4,p1,D06,178594.2188,91759.25,127555,79879.80469,100605.4219,52035,26457.22828,1671.822307,220.8374161,-269.3288586,284.1742775,122354.4693,basal,basal-Tspan8-pos
P108,N253,p1-E06-basal-Tspan8-pos-K4-F9739,P108T0052_basal-Tspan8-pos,exp4,p1,E06,170017.2656,101368.7656,109918,178479.4063,98735.72656,118466,109833.6517,8821.976143,209.3604244,396.8584141,-673.5089528,3307.654916,basal,basal-Tspan8-pos
P108,N253,p1-F06-basal-Tspan8-pos-K27-F9739,P108T0053_basal-Tspan8-pos,exp4,p1,F06,137941.8594,91411.67969,98895,141348.9063,97663.08594,94851,56877.91634,6284.5863,228.4669558,1270.136105,749.0109586,245286.0142,basal,basal-Tspan8-pos
P108,N253,p1-G06-basal-Tspan8-pos-K27-F9739,P108T0054_basal-Tspan8-pos,exp4,p1,G06,165571,96925.08594,111951,124158.1016,96240.26563,84547,77927.17772,13034.79441,405.4675427,-513.9974021,1533.9045,261073.2058,basal,basal-Tspan8-pos
P108,N253,p1-H06-basal-Tspan8-pos-K27-F9739,P108T0055_basal-Tspan8-pos,exp4,p1,H06,111881.7031,92011.17969,79689,196751.5,100352.6016,128490,95863.42407,13628.51186,476.708727,1474.496142,1286.625762,260838.4016,basal,basal-Tspan8-pos
P108,N253,p1-I06-basal-Tspan8-pos-K27-F9739,P108T0056_basal-Tspan8-pos,exp4,p1,I06,140531.0156,97556.71094,94405,142004.5,93644.67188,99380,72061.55948,11535.71772,293.8901999,812.1846042,339.1836542,14967.77856,basal,basal-Tspan8-pos
P108,N253,p1-J06-basal-Tspan8-pos-K27-F9739,P108T0057_basal-Tspan8-pos,exp4,p1,J06,114226.8438,85439.70313,87617,143140.7969,86580.98438,108348,76499.22564,5909.639351,159.5488161,627.4684762,143.4790163,5188.020662,basal,basal-Tspan8-pos
P108,N253,p1-A07-luminal-Sca1-neg-K4-F9739,P108T0058_luminal-Sca1-neg,exp4,p1,A07,198232.4375,92920.875,139811,127530.7031,88327.92188,94623,17349.27819,111414.0418,-6.549121471,-1604.102605,854.2162733,190835.8499,luminal,luminal-Sca1-neg
P108,N253,p1-B07-luminal-Sca1-neg-K4-F9739,P108T0059_luminal-Sca1-neg,exp4,p1,B07,137631.2031,90875.92969,99254,182322.7969,84964.96094,140631,11238.97421,52757.97762,-52.75478958,383.8849044,846.0558711,6593.363296,luminal,luminal-Sca1-neg
P108,N253,p1-C07-luminal-Sca1-neg-K4-F9739,P108T0060_luminal-Sca1-neg,exp4,p1,C07,124196.3828,86008.5625,94634,124312.1016,94475.64063,86233,9423.99672,37149.17802,-153.9605929,372.6596506,406.585151,64268.32783,luminal,luminal-Sca1-neg
P108,N253,p1-D07-luminal-Sca1-neg-K4-F9739,P108T0061_luminal-Sca1-neg,exp4,p1,D07,155228.0781,88359.6875,115132,77444.39844,90229.26563,56250,5744.128063,28740.17585,10.92871983,2869.615529,405.2943872,28115.46811,luminal,luminal-Sca1-neg
P108,N253,p1-E07-luminal-Sca1-neg-K4-F9739,P108T0062_luminal-Sca1-neg,exp4,p1,E07,187989.4844,90454.46875,136202,144711.6094,80235.35938,118200,10431.81521,44912.71489,-53.9280401,864.2505144,1047.679266,43309.19016,luminal,luminal-Sca1-neg
P108,N253,p1-F07-luminal-Sca1-neg-K27-F9739,P108T0063_luminal-Sca1-neg,exp4,p1,F07,142763.4688,90758.84375,103088,134856.7031,89419.64063,98837,14036.58919,37385.60252,-64.57812622,-334.0724588,714.3757046,152293.9951,luminal,luminal-Sca1-neg
P108,N253,p1-G07-luminal-Sca1-neg-K27-F9739,P108T0064_luminal-Sca1-neg,exp4,p1,G07,114464,82430.57813,91004,113825.8047,81660.51563,91350,7520.853395,34326.84183,9.492938181,-464.9064743,385.8113028,135331.7954,luminal,luminal-Sca1-neg
P108,N253,p1-H07-luminal-Sca1-neg-K27-F9739,P108T0065_luminal-Sca1-neg,exp4,p1,H07,102857.8594,85764.17969,78598,129362.2031,96152.71094,88171,18151.93305,43627.70834,-185.6283581,683.2034545,1227.311626,90887.69148,luminal,luminal-Sca1-neg
P108,N253,p1-I07-luminal-Sca1-neg-K27-F9739,P108T0066_luminal-Sca1-neg,exp4,p1,I07,110338.2031,81968.8125,88218,104679.3047,78755.82813,87108,4463.456099,29807.99971,-61.97318085,-188.9765398,602.10936,29884.07542,luminal,luminal-Sca1-neg
P108,N253,p1-J07-luminal-Sca1-neg-K27-F9739,P108T0067_luminal-Sca1-neg,exp4,p1,J07,60440.51953,84698.92969,46766,75207,82861.47656,59482,8956.428506,40078.61212,-194.7008706,32.98437403,1291.373489,62515.97552,luminal,luminal-Sca1-neg
P108,N253,p1-A08-luminal-Sca1-neg-K4-F9739,P108T0068_luminal-Sca1-neg,exp4,p1,A08,202829.625,94245.97656,141042,64576.60156,81888.75,51681,19137.72685,46208.49562,-80.646343,1201.166014,591.7428796,22283.78003,luminal,luminal-Sca1-neg
P108,N253,p1-B08-luminal-Sca1-neg-K4-F9739,P108T0069_luminal-Sca1-neg,exp4,p1,B08,153478.7813,92867.5,108309,62407.40234,85022.69531,48104,8288.547151,19130.75014,-80.86685014,567.9961653,473.692211,22915.12317,luminal,luminal-Sca1-neg
P108,N253,p1-C08-luminal-Sca1-neg-K4-F9739,P108T0070_luminal-Sca1-neg,exp4,p1,C08,208030.4844,95601.80469,142607,119454.5,92146.35938,84958,18861.26792,107656.7857,62.69066931,-360.7139297,1168.244926,105039.5857,luminal,luminal-Sca1-neg
P108,N253,p1-D08-luminal-Sca1-neg-K4-F9739,P108T0071_luminal-Sca1-neg,exp4,p1,D08,204075.2031,97660.21094,136947,129666.9063,94225.82031,90186,23129.7102,58583.8609,47.80573642,-402.9318878,509.535549,76421.91065,luminal,luminal-Sca1-neg
P108,N253,p1-E08-luminal-Sca1-neg-K4-F9739,P108T0072_luminal-Sca1-neg,exp4,p1,E08,141191.5469,91077.69531,101596,176691.9063,95439.5625,121330,9950.067629,45166.4047,-275.2230689,342.1732149,1122.073982,5752.837007,luminal,luminal-Sca1-neg
P108,N253,p1-F08-luminal-Sca1-neg-K27-F9739,P108T0073_luminal-Sca1-neg,exp4,p1,F08,100770.4609,81596.49219,80936,139552.6094,81646.55469,112016,7408.389837,36546.93112,-168.1137478,481.8956863,853.9966069,58463.12091,luminal,luminal-Sca1-neg
P108,N253,p1-G08-luminal-Sca1-neg-K27-F9739,P108T0074_luminal-Sca1-neg,exp4,p1,G08,96015.5,80898.82031,77782,79916.10156,82635.91406,63379,2040.947506,19972.58654,23.07220404,447.2994179,507.6275458,44109.51148,luminal,luminal-Sca1-neg
P108,N253,p1-H08-luminal-Sca1-neg-K27-F9739,P108T0075_luminal-Sca1-neg,exp4,p1,H08,218565.4844,96023.39844,149171,98325.70313,89889,71687,25439.2828,103961.5327,-252.4243847,-976.9814534,841.7839786,223030.5741,luminal,luminal-Sca1-neg
P108,N253,p1-I08-luminal-Sca1-neg-K27-F9739,P108T0076_luminal-Sca1-neg,exp4,p1,I08,114652.1641,82269.57031,91332,171527.4063,77347.49219,145334,5643.962432,27399.16053,-36.21595914,692.7962717,234.4516759,34586.74646,luminal,luminal-Sca1-neg
P108,N253,p1-J08-luminal-Sca1-neg-K27-F9739,P108T0077_luminal-Sca1-neg,exp4,p1,J08,212676.6719,94026.85938,148234,113637.7031,85989.28906,86608,10690.34914,44482.18938,-127.5080109,1138.866365,472.1732013,3820.560067,luminal,luminal-Sca1-neg
P108,N253,p1-A09-luminal-Sca1-neg-K4-F9739,P108T0078_luminal-Sca1-neg,exp4,p1,A09,173037.625,89873.85156,126179,89641.20313,86598.0625,67839,7822.299299,30365.67312,164.4545454,1145.03079,247.2789256,76666.70714,luminal,luminal-Sca1-neg
P108,N253,p1-B09-luminal-Sca1-neg-K4-F9739,P108T0079_luminal-Sca1-neg,exp4,p1,B09,188914.6094,99467.40625,124470,232466.3125,95212.25,160010,46170.77564,99281.21401,48.58690675,-512.2991232,983.822034,169569.5786,luminal,luminal-Sca1-neg
P108,N253,p1-C09-luminal-Sca1-neg-K4-F9739,P108T0080_luminal-Sca1-neg,exp4,p1,C09,144449.0625,92502.5,102339,151644.9063,95948.02344,103579,6420.00608,26872.55627,-33.30662079,1146.919349,469.5408598,2181.000937,luminal,luminal-Sca1-neg
P108,N253,p1-D09-luminal-Sca1-neg-K4-F9739,P108T0081_luminal-Sca1-neg,exp4,p1,D09,104723.7813,84341.15625,81374,104603.3984,85402.875,80270,9010.478079,39685.91352,35.35953834,138.753888,286.1039342,12773.8419,luminal,luminal-Sca1-neg
P108,N253,p1-E09-luminal-Sca1-neg-K4-F9739,P108T0082_luminal-Sca1-neg,exp4,p1,E09,159328.4063,92148.78125,113314,81379.10156,79013.61719,67498,18583.13072,56408.13892,-25.17746374,56.03552281,728.840018,99210.56116,luminal,luminal-Sca1-neg
P108,N253,p1-F09-luminal-Sca1-neg-K27-F9739,P108T0083_luminal-Sca1-neg,exp4,p1,F09,189168.4219,91405.60156,135630,107536,90965.73438,77474,9228.658036,30432.02307,-50.94095271,893.5694295,367.20206,28503.15673,luminal,luminal-Sca1-neg
P108,N253,p1-G09-luminal-Sca1-neg-K27-F9739,P108T0084_luminal-Sca1-neg,exp4,p1,G09,115978.1016,82217.28125,92447,119930.8047,82927.5,94779,19287.53558,48263.58126,-250.1784707,-459.5345339,369.0929841,99696.74106,luminal,luminal-Sca1-neg
P108,N253,p1-H09-luminal-Sca1-neg-K27-F9739,P108T0085_luminal-Sca1-neg,exp4,p1,H09,206796.6563,94471.03906,143458,162585.5,90825.58594,117315,11437.04066,32347.71137,-88.58764547,1079.164256,232.6674137,3124.669565,luminal,luminal-Sca1-neg
P108,N253,p1-I09-luminal-Sca1-neg-K27-F9739,P108T0086_luminal-Sca1-neg,exp4,p1,I09,66520.4375,82511.28906,52835,100522.3984,81881.22656,80456,14820.9652,36861.35595,-254.4865446,452.2862028,457.7268027,26275.28815,luminal,luminal-Sca1-neg
P108,N253,p1-J09-luminal-Sca1-neg-K27-F9739,P108T0087_luminal-Sca1-neg,exp4,p1,J09,61593,85409.9375,47261,128836.4063,89168.17188,94691,10738.98385,33508.2357,-136.3873391,257.852095,142.7009715,5814.772008,luminal,luminal-Sca1-neg
P108,N253,p1-A10-luminal-Sca1-pos-K4-F9739,P108T0088_luminal-Sca1-pos,exp4,p1,A10,136541.4375,86757.03125,103143,167208.7969,91316.77344,120002,33464.95942,140573.0607,88.07666038,-1191.976185,13049.48872,170473.5773,luminal,luminal-Sca1-pos
P108,N253,p1-B10-luminal-Sca1-pos-K4-F9739,P108T0089_luminal-Sca1-pos,exp4,p1,B10,151362.9688,93073.90625,106579,87436.80469,89971.08594,63690,15756.63143,40740.84165,174.6495629,980.3924707,2221.587286,2323.695575,luminal,luminal-Sca1-pos
P108,N253,p1-C10-luminal-Sca1-pos-K4-F9739,P108T0090_luminal-Sca1-pos,exp4,p1,C10,146378.6875,96480.67969,99430,157368.2031,99396.5,103759,8046.402648,42933.76726,-148.5142774,299.1068873,2352.898125,39566.08347,luminal,luminal-Sca1-pos
P108,N253,p1-D10-luminal-Sca1-pos-K4-F9739,P108T0091_luminal-Sca1-pos,exp4,p1,D10,190863.8281,88587.40625,141199,105197.3984,86290.96875,79895,13338.69509,140534.1635,93.12995194,-550.7569172,5050.707509,45484.00741,luminal,luminal-Sca1-pos
P108,N253,p1-E10-luminal-Sca1-pos-K4-F9739,P108T0092_luminal-Sca1-pos,exp4,p1,E10,134458.9375,94969.13281,92787,234760.9063,94600.70313,162634,11517.7121,42535.55244,-143.0576015,1401.895018,62990.10623,4700.137195,luminal,luminal-Sca1-pos
P108,N253,p1-F10-luminal-Sca1-pos-K27-F9739,P108T0093_luminal-Sca1-pos,exp4,p1,F10,220395.1406,98007.89063,147374,208838.2969,95053.19531,143987,29103.29728,84864.07587,-3.500811646,101.4418586,2172.301512,169657.0589,luminal,luminal-Sca1-pos
P108,N253,p1-G10-luminal-Sca1-pos-K27-F9739,P108T0094_luminal-Sca1-pos,exp4,p1,G10,171351.0469,97505.9375,115169,204319.5,93386.26563,143386,34309.54885,119665.4216,-148.6294941,2758.206934,4338.443218,13941.61818,luminal,luminal-Sca1-pos
P108,N253,p1-H10-luminal-Sca1-pos-K27-F9739,P108T0095_luminal-Sca1-pos,exp4,p1,H10,194016.4844,103436.7344,122926,137764,101426.7422,89015,19394.2647,93641.90268,103.789033,-460.2716438,2501.678305,84575.9191,luminal,luminal-Sca1-pos
P108,N253,p1-I10-luminal-Sca1-pos-K27-F9739,P108T0096_luminal-Sca1-pos,exp4,p1,I10,127365.7031,100778.0078,82826,213510,93563.38281,149552,8641.178568,47922.95474,-102.7158724,1311.353815,3735.851355,7842.465013,luminal,luminal-Sca1-pos
P108,N253,p1-J10-luminal-Sca1-pos-K27-F9739,P108T0097_luminal-Sca1-pos,exp4,p1,J10,127916.4609,105227.1875,79667,206980.4063,101746.7109,133318,28349.23494,105815.499,149.9702114,-288.0392394,3315.22382,171925.721,luminal,luminal-Sca1-pos
P108,N253,p1-A11-luminal-Sca1-pos-K4-F9739,P108T0098_luminal-Sca1-pos,exp4,p1,A11,135700.6094,89984.66406,98831,116220.5,84977.60156,89631,9825.318028,55721.37114,-53.44893072,1879.914455,6667.826849,17930.12213,luminal,luminal-Sca1-pos
P108,N253,p1-B11-luminal-Sca1-pos-K4-F9739,P108T0099_luminal-Sca1-pos,exp4,p1,B11,158048.5156,90307.14063,114696,122621.4063,97182.49219,82691,21049.95824,78189.68285,-93.94708431,1095.698593,2120.088024,56014.07139,luminal,luminal-Sca1-pos
P108,N253,p1-C11-luminal-Sca1-pos-K4-F9739,P108T0100_luminal-Sca1-pos,exp4,p1,C11,123480.9844,88819.67188,91111,165535.7031,94801.78906,114434,6366.786307,20804.58745,-88.90272318,730.7646007,6173.523829,2032.252866,luminal,luminal-Sca1-pos
P108,N253,p1-D11-luminal-Sca1-pos-K4-F9739,P108T0101_luminal-Sca1-pos,exp4,p1,D11,100094.2656,86862.60938,75519,193737.5,100358.7109,126514,3585.56742,36318.70916,25.8725071,640.583125,2238.586575,2240.877008,luminal,luminal-Sca1-pos
P108,N253,p1-E11-luminal-Sca1-pos-K4-F9739,P108T0102_luminal-Sca1-pos,exp4,p1,E11,128459.3828,91154.04688,92357,183604.2969,93014.21094,129364,11299.43037,92591.86542,-204.4838655,-385.2741069,23776.74128,27590.12847,luminal,luminal-Sca1-pos
P108,N253,p1-F11-luminal-Sca1-pos-K27-F9739,P108T0103_luminal-Sca1-pos,exp4,p1,F11,238173.3281,104111.5703,149925,197309.2031,94130.89844,137371,12190.36144,53218.78809,2.439235856,1035.290163,5050.163959,3820.819481,luminal,luminal-Sca1-pos
P108,N253,p1-G11-luminal-Sca1-pos-K27-F9739,P108T0104_luminal-Sca1-pos,exp4,p1,G11,207825.6563,96440.92969,141227,173551.4063,94356.03906,120542,31979.35188,87229.6285,-400.0076722,-500.5458884,2307.784742,242889.8953,luminal,luminal-Sca1-pos
P108,N253,p1-H11-luminal-Sca1-pos-K27-F9739,P108T0105_luminal-Sca1-pos,exp4,p1,H11,186858.5625,90233.60156,135714,142098,88881.26563,104775,37568.81608,75878.62255,-106.1149496,-641.8771711,2138.050138,136083.9893,luminal,luminal-Sca1-pos
P108,N253,p1-I11-luminal-Sca1-pos-K27-F9739,P108T0106_luminal-Sca1-pos,exp4,p1,I11,189014.5625,99327.71875,124711,117236.9063,95649.51563,80327,14946.51142,48771.41486,-295.5448587,600.4198447,44071.71288,7674.954124,luminal,luminal-Sca1-pos
P108,N253,p1-J11-luminal-Sca1-pos-K27-F9739,P108T0107_luminal-Sca1-pos,exp4,p1,J11,202860,97913.76563,135779,212443,95405.80469,145931,23554.47391,101865.788,-168.5622787,1811.369356,6270.752397,12035.05647,luminal,luminal-Sca1-pos
P108,N253,p1-A12-luminal-Sca1-pos-K4-F9739,P108T0108_luminal-Sca1-pos,exp4,p1,A12,120881.0391,94408.02344,83913,158119.5,92056.46094,112567,11340.93698,31272.64637,-41.7987516,851.7398751,14204.58365,8858.722858,luminal,luminal-Sca1-pos
P108,N253,p1-B12-luminal-Sca1-pos-K4-F9739,P108T0109_luminal-Sca1-pos,exp4,p1,B12,171070.7656,89016.67969,125946,147412.1094,99086.14844,97499,27826.55739,77198.44834,114.6378081,746.5579943,2048.078132,114473.6136,luminal,luminal-Sca1-pos
P108,N253,p1-C12-luminal-Sca1-pos-K4-F9739,P108T0110_luminal-Sca1-pos,exp4,p1,C12,190515.9219,95638.85156,130550,144134.1094,90532.4375,104338,13590.82298,65700.4433,137.7460976,1053.065284,7174.622737,175288.2749,luminal,luminal-Sca1-pos
P108,N253,p1-D12-luminal-Sca1-pos-K4-F9739,P108T0111_luminal-Sca1-pos,exp4,p1,D12,201512.5,97727.60938,135134,177928.2969,95067.63281,122657,29382.6136,136266.6021,-51.89617125,851.9908844,2436.491253,108334.1658,luminal,luminal-Sca1-pos
P108,N253,p1-E12-luminal-Sca1-pos-K4-F9739,P108T0112_luminal-Sca1-pos,exp4,p1,E12,161836.2188,91596.91406,115791,150354.6094,96358.70313,102260,24065.54131,52942.84683,-110.2525211,-611.7898234,2030.823406,261612.2841,luminal,luminal-Sca1-pos
P108,N253,p1-F12-luminal-Sca1-pos-K27-F9739,P108T0113_luminal-Sca1-pos,exp4,p1,F12,212073.9688,104700.5859,132745,180974.2031,93865.10938,126355,7780.131004,32010.36719,-25.44834362,2930.49904,6606.436764,4142.177205,luminal,luminal-Sca1-pos
P108,N253,p1-G12-luminal-Sca1-pos-K27-F9739,P108T0114_luminal-Sca1-pos,exp4,p1,G12,120308.7188,91364.25,86298,128672.5,89244.16406,94490,18084.26573,77236.93906,-317.3586148,2477.973734,26917.10777,25146.92422,luminal,luminal-Sca1-pos
P108,N253,p1-H12-luminal-Sca1-pos-K27-F9739,P108T0115_luminal-Sca1-pos,exp4,p1,H12,217114.1094,99518.73438,142976,225867.4063,99771.14063,148364,7322.203193,20300.14391,-38.23629488,1196.383453,11575.0545,9964.405151,luminal,luminal-Sca1-pos
P108,N253,p1-I12-luminal-Sca1-pos-K27-F9739,P108T0116_luminal-Sca1-pos,exp4,p1,I12,124242.4453,88235.29688,92280,153491.7969,95997.92969,104786,9203.345479,47666.56588,-65.80950093,491.6576103,5760.646254,7085.967877,luminal,luminal-Sca1-pos
P108,N253,p1-J12-luminal-Sca1-pos-K27-F9739,P108T0117_luminal-Sca1-pos,exp4,p1,J12,191050.0313,92128.67188,135904,139088.4063,85345.24219,106805,8297.751992,31129.99145,-136.6925301,1156.168551,2553.938011,2305.567317,luminal,luminal-Sca1-pos
P108,N253,p2-A01-basal-Tspan8-neg-K4-F9689,P108T0118_basal-Tspan8-neg,exp4,p2,A01,169503.75,98904.85156,112316,106585.6016,104719.2734,66704,118381.4372,3148.734241,186.6455753,-116.9895963,122.6710052,-669.1616854,basal,basal-Tspan8-neg
P108,N253,p2-B01-basal-Tspan8-neg-K4-F9689,P108T0119_basal-Tspan8-neg,exp4,p2,B01,165257.4063,88166.69531,122839,133042.7969,82606.27344,105550,33485.47896,2777.922565,100.0417746,404.6597009,555.821189,343.6095709,basal,basal-Tspan8-neg
P108,N253,p2-C01-luminal-Sca1-neg-K4-F9689,P108T0120_luminal-Sca1-neg,exp4,p2,C01,163128.8438,98256.63281,108805,238422.8125,93722.79688,166718,6268.794775,46113.6248,127.9902744,114.4534722,739.8192458,3534.891525,luminal,luminal-Sca1-neg
P108,N253,p2-D01-luminal-Sca1-neg-K4-F9689,P108T0121_luminal-Sca1-neg,exp4,p2,D01,193996.8906,109505.2578,116102,137326.2031,91118.85938,98770,23237.88685,38054.42273,-102.7638731,949.3960896,321.1150896,1302.706415,luminal,luminal-Sca1-neg
P108,N253,p2-E01-luminal-Sca1-pos-K4-F9689,P108T0122_luminal-Sca1-pos,exp4,p2,E01,168159.1875,101348.9297,108738,199393.7031,93714.5625,139439,10827.09445,36172.39604,51.58059063,392.7839102,2135.427823,3230.491748,luminal,luminal-Sca1-pos
P108,N253,p2-G01-basal-Tspan8-pos-K4-F9689,P108T0123_basal-Tspan8-pos,exp4,p2,G01,78297.10156,85962.58594,59692,34316.69922,85389.14063,26338,21739.13201,3089.505963,84.6767685,687.879831,678.2082146,50553.9166,basal,basal-Tspan8-pos
P108,N253,p2-H01-luminal-Sca1-pos-K4-F9739,P108T0124_luminal-Sca1-pos,exp4,p2,H01,118835.7813,89954.85938,86577,171849.7031,88208.95313,127678,21773.38482,95377.68937,-926.5365847,-1.382583524,9609.989246,28873.84355,luminal,luminal-Sca1-pos
P108,N253,p2-I01-luminal-Sca1-neg-K4-F9739,P108T0125_luminal-Sca1-neg,exp4,p2,I01,124929.4219,86357.42969,94808,90940.30469,81824.67188,72837,3621.65439,24262.45552,-77.94338189,502.8135998,223.5719194,71289.15889,luminal,luminal-Sca1-neg
P108,N253,p2-J01-luminal-Sca1-pos-K4-F9739,P108T0126_luminal-Sca1-pos,exp4,p2,J01,83798.82031,84072.07031,65323,47822.5,87944.98438,35637,3928.007486,21843.21753,-196.2669012,-28.59229314,2052.330499,35336.90604,luminal,luminal-Sca1-pos
P108,N253,p2-K01-luminal-Sca1-neg-K4-F9739,P108T0127_luminal-Sca1-neg,exp4,p2,K01,179703.5781,94553.04688,124555,76212.39844,94946.40625,52605,11121.98539,51994.78615,-380.9179233,269.7025768,1032.637349,57005.17698,luminal,luminal-Sca1-neg
P108,N253,p2-L01-basal-Tspan8-pos-K4-F9739,P108T0128_basal-Tspan8-pos,exp4,p2,L01,163607.0781,90386.21094,118626,134159.2969,81263.125,108195,109941.1219,11473.31759,72.94856349,-280.2728751,1686.601552,5704.851891,basal,basal-Tspan8-pos
P108,N253,p2-A02-basal-Tspan8-neg-K4-F9689,P108T0129_basal-Tspan8-neg,exp4,p2,A02,103324.3438,91219.04688,74233,132437.7969,93946.60156,92387,56360.85022,2614.213997,41.04599112,528.385731,-73.82162527,882.2334681,basal,basal-Tspan8-neg
P108,N253,p2-B02-basal-Tspan8-neg-K4-F9689,P108T0130_basal-Tspan8-neg,exp4,p2,B02,124621.7031,104613.9063,78070,136947.7969,101897.2813,88079,102442.1296,25429.25083,111.3774832,-152.1582807,-215.5656567,2449.701784,basal,basal-Tspan8-neg
P108,N253,p2-C02-luminal-Sca1-neg-K4-F9689,P108T0131_luminal-Sca1-neg,exp4,p2,C02,140012.6094,91306.70313,100495,173597.6094,93738.04688,121369,6553.427685,47908.40788,41.33074493,-124.137263,321.6967114,3784.526543,luminal,luminal-Sca1-neg
P108,N253,p2-D02-luminal-Sca1-neg-K4-F9689,P108T0132_luminal-Sca1-neg,exp4,p2,D02,189781.9063,111951.1328,111098,206146.6094,118868.7188,113655,35677.36437,105805.6474,31.31430572,2833.817796,878.4118814,170514.8364,luminal,luminal-Sca1-neg
P108,N253,p2-E02-luminal-Sca1-pos-K4-F9689,P108T0133_luminal-Sca1-pos,exp4,p2,E02,145713.2656,108614.1484,87921,253601.7031,106142.0625,156583,21029.48271,71513.9582,-99.80603976,-6.941573203,13396.29747,1399.631887,luminal,luminal-Sca1-pos
P108,N253,p2-G02-basal-Tspan8-pos-K4-F9689,P108T0134_basal-Tspan8-pos,exp4,p2,G02,123899.4453,95216.51563,85278,141388.5,106561.2813,86955,44595.8313,6878.970858,104.2450332,344.5334343,-47.07483012,3483.619524,basal,basal-Tspan8-pos
P108,N253,p2-H02-luminal-Sca1-pos-K4-F9739,P108T0135_luminal-Sca1-pos,exp4,p2,H02,183751.9688,88012.28906,136826,108776.8047,85956.44531,82935,26515.22042,97326.42071,-1012.216816,-454.8094082,5194.150325,145506.1171,luminal,luminal-Sca1-pos
P108,N253,p2-I02-luminal-Sca1-neg-K4-F9739,P108T0136_luminal-Sca1-neg,exp4,p2,I02,124986.2656,102833.5078,79654,150812.2031,119729.0078,82550,3985.223418,9730.262456,-18.61505168,1106.028844,181.3992617,12760.94657,luminal,luminal-Sca1-neg
P108,N253,p2-J02-luminal-Sca1-pos-K4-F9739,P108T0137_luminal-Sca1-pos,exp4,p2,J02,167345.7813,107678.5938,101851,236544,100033.2266,154970,6911.997033,31487.40597,-438.3473662,1317.063913,25376.54695,4959.384598,luminal,luminal-Sca1-pos
P108,N253,p2-K02-luminal-Sca1-neg-K4-F9739,P108T0138_luminal-Sca1-neg,exp4,p2,K02,92118.03906,88729.23438,68039,90079,96565.21094,61134,4724.257729,34954.76489,-296.4432285,315.2092518,1121.441983,62761.94033,luminal,luminal-Sca1-neg
P108,N253,p2-L02-basal-Tspan8-pos-K4-F9739,P108T0139_basal-Tspan8-pos,exp4,p2,L02,114325.8203,89419.46875,83790,135903.9063,88258.42188,100915,56381.13788,7360.098981,185.6400682,-780.1874476,400.2324636,261379.4041,basal,basal-Tspan8-pos
P108,N253,p2-A03-basal-Tspan8-neg-K4-F9689,P108T0140_basal-Tspan8-neg,exp4,p2,A03,197121.125,91413.96875,141319,105182,90633.32031,76056,78372.40706,3888.226662,450.7386039,77.87557019,126.7633104,1468.505541,basal,basal-Tspan8-neg
P108,N253,p2-B03-basal-Tspan8-neg-K4-F9689,P108T0141_basal-Tspan8-neg,exp4,p2,B03,103895.6797,89018.13281,76489,149165.5,82273.97656,118819,42284.82508,6051.963879,29.68552274,518.2806667,469.7442102,758.1001077,basal,basal-Tspan8-neg
P108,N253,p2-C03-luminal-Sca1-neg-K4-F9689,P108T0142_luminal-Sca1-neg,exp4,p2,C03,86730.98438,83875.65625,67767,72227.10156,89135.95313,53104,14405.10142,36606.19953,226.9615119,20.44614753,1006.683909,70727.20289,luminal,luminal-Sca1-neg
P108,N253,p2-D03-luminal-Sca1-neg-K4-F9689,P108T0143_luminal-Sca1-neg,exp4,p2,D03,75153.25781,87409.15625,56347,97040.89844,89084.77344,71389,16645.26315,20192.05944,101.1225474,561.5079986,183.91306,15620.39121,luminal,luminal-Sca1-neg
P108,N253,p2-E03-luminal-Sca1-pos-K4-F9689,P108T0144_luminal-Sca1-pos,exp4,p2,E03,142519.4375,97844.66406,95459,231466.4063,101721.2266,149127,9340.771311,29093.81323,85.54799221,326.2919568,3419.633343,978.6357712,luminal,luminal-Sca1-pos
P108,N253,p2-G03-basal-Tspan8-pos-K4-F9689,P108T0145_basal-Tspan8-pos,exp4,p2,G03,117335.3984,87500.20313,87882,124738.9063,93229.13281,87686,89904.0546,11589.75742,397.0101781,-565.3830771,487.090118,260926.427,basal,basal-Tspan8-pos
P108,N253,p2-H03-luminal-Sca1-pos-K4-F9739,P108T0146_luminal-Sca1-pos,exp4,p2,H03,146347.3281,90647.21094,105806,150668.1094,89526.03906,110294,27523.25248,63951.35183,-398.6788295,2934.674383,3420.703173,128951.6068,luminal,luminal-Sca1-pos
P108,N253,p2-I03-luminal-Sca1-neg-K4-F9739,P108T0147_luminal-Sca1-neg,exp4,p2,I03,135118.4844,91118.04688,97183,219661.2031,89138.125,161499,20001.98131,79464.23065,-788.7757163,588.2619184,1268.947063,83814.68548,luminal,luminal-Sca1-neg
P108,N253,p2-J03-luminal-Sca1-pos-K4-F9739,P108T0148_luminal-Sca1-pos,exp4,p2,J03,152278.2813,86264.74219,115687,106535,90422.4375,77214,27041.19537,77559.81809,-370.0748094,-254.7155967,3003.513442,185690.7459,luminal,luminal-Sca1-pos
P108,N253,p2-K03-luminal-Sca1-neg-K4-F9739,P108T0149_luminal-Sca1-neg,exp4,p2,K03,165480.8438,105668.3359,102632,170846.5,114416.7734,97858,2520.810428,10838.08922,-75.61643588,582.4947235,1364.522203,1590.183443,luminal,luminal-Sca1-neg
P108,N253,p2-L03-basal-Tspan8-pos-K4-F9739,P108T0150_basal-Tspan8-pos,exp4,p2,L03,171222.6563,92677.84375,121078,155251.7969,98245.33594,103563,89767.38961,15749.53346,649.3999864,563.7596439,3271.372919,13094.33082,basal,basal-Tspan8-pos
P108,N253,p2-A04-basal-Tspan8-neg-K4-F9689,P108T0151_basal-Tspan8-neg,exp4,p2,A04,180584.6094,94007.51563,125892,139739.6094,93261.25,98197,68392.84579,4688.059339,112.0312532,1023.996056,196.755887,-320.9095223,basal,basal-Tspan8-neg
P108,N253,p2-B04-basal-Tspan8-neg-K4-F9689,P108T0152_basal-Tspan8-neg,exp4,p2,B04,135164.5469,83302.55469,106337,126515.4063,84653.61719,97944,85466.56385,7310.756629,20.72623499,-182.808379,42.45616325,973.0842945,basal,basal-Tspan8-neg
P108,N253,p2-C04-luminal-Sca1-neg-K4-F9689,P108T0153_luminal-Sca1-neg,exp4,p2,C04,182345.6563,94839.13281,126005,104647.3984,90735.75781,75584,9400.233883,29789.61544,-31.58036655,1450.858219,282.6553076,7608.090337,luminal,luminal-Sca1-neg
P108,N253,p2-D04-luminal-Sca1-neg-K4-F9689,P108T0154_luminal-Sca1-neg,exp4,p2,D04,73222.66406,94072.27344,51011,125104.1016,100129.7266,81882,3469.521738,13967.33252,13.36605081,920.6428465,375.8235397,3087.319339,luminal,luminal-Sca1-neg
P108,N253,p2-E04-luminal-Sca1-pos-K4-F9689,P108T0155_luminal-Sca1-pos,exp4,p2,E04,138183.9219,109132.3594,82982,219178.3125,125325.6172,114614,23249.16895,77127.60924,-52.80910711,-475.3579846,3148.982236,97666.02217,luminal,luminal-Sca1-pos
P108,N253,p2-G04-basal-Tspan8-pos-K4-F9689,P108T0156_basal-Tspan8-pos,exp4,p2,G04,79265.34375,78804.8125,65919,42768,76605.54688,36588,20185.33211,3457.312271,49.22120677,32.308746,157.3066311,4864.409143,basal,basal-Tspan8-pos
P108,N253,p2-H04-luminal-Sca1-pos-K4-F9739,P108T0157_luminal-Sca1-pos,exp4,p2,H04,159688.0625,90120.35938,116126,193116,94638.82813,133730,10860.06242,27522.80696,-198.2366437,1074.362099,3688.74278,1674.281728,luminal,luminal-Sca1-pos
P108,N253,p2-I04-luminal-Sca1-neg-K4-F9739,P108T0158_luminal-Sca1-neg,exp4,p2,I04,95858.70313,80338.0625,78197,109393.9063,80120.24219,89481,6285.41288,22690.18217,-140.9771082,543.3084461,446.6835052,59288.36854,luminal,luminal-Sca1-neg
P108,N253,p2-J04-luminal-Sca1-pos-K4-F9739,P108T0159_luminal-Sca1-pos,exp4,p2,J04,201237.125,92846.42188,142044,111905.2031,90243.52344,81267,17501.89009,77273.51623,-675.6331862,1009.126482,4992.705641,128524.497,luminal,luminal-Sca1-pos
P108,N253,p2-K04-luminal-Sca1-neg-K4-F9739,P108T0160_luminal-Sca1-neg,exp4,p2,K04,109810.9609,98928.74219,72745,131297.1094,103587.3125,83067,14865.2406,63011.35992,-556.6673508,1083.452002,624.1499613,174787.0684,luminal,luminal-Sca1-neg
P108,N253,p2-L04-basal-Tspan8-pos-K4-F9739,P108T0161_basal-Tspan8-pos,exp4,p2,L04,119116.0625,90874.47656,85903,214958.7031,95838.125,146993,109240.6993,7467.358989,411.184235,1502.526925,2037.624112,12356.00774,basal,basal-Tspan8-pos
P108,N253,p2-A05-basal-Tspan8-neg-K4-F9689,P108T0162_basal-Tspan8-neg,exp4,p2,A05,189727.0313,102295.7891,121549,139152.2031,106836.75,85359,130565.4238,11231.79599,229.4625274,-327.4917418,232.0725267,-293.5539896,basal,basal-Tspan8-neg
P108,N253,p2-B05-basal-Tspan8-neg-K4-F9689,P108T0163_basal-Tspan8-neg,exp4,p2,B05,182200.625,97155.47656,122903,107884.7031,103681.1953,68193,82879.61399,6376.477843,90.70233345,-91.70215449,51.0753038,1332.325803,basal,basal-Tspan8-neg
P108,N253,p2-C05-luminal-Sca1-neg-K4-F9689,P108T0164_luminal-Sca1-neg,exp4,p2,C05,82856.0625,97050.17969,55951,128714.3047,100829.7969,83660,3737.756,10653.33827,4.527228906,279.1415763,592.9499991,1036.856935,luminal,luminal-Sca1-neg
P108,N253,p2-D05-luminal-Sca1-neg-K4-F9689,P108T0165_luminal-Sca1-neg,exp4,p2,D05,97828.5,83569.54688,76718,103338.3984,92591.02344,73143,12348.21739,35987.68947,-92.93264491,-133.3421231,1155.09387,26789.65674,luminal,luminal-Sca1-neg
P108,N253,p2-E05-luminal-Sca1-pos-K4-F9689,P108T0166_luminal-Sca1-pos,exp4,p2,E05,79933.70313,104461.5,50148,145849,102267.8281,93464,3662.042343,15548.62014,-48.61350011,472.5850687,2801.542285,2069.554352,luminal,luminal-Sca1-pos
P108,N253,p2-G05-basal-Tspan8-pos-K4-F9689,P108T0167_basal-Tspan8-pos,exp4,p2,G05,169895.75,96799.69531,115024,108903.3047,106460.125,67040,115693.5213,12605.552,234.2324768,-306.4750366,-218.0796967,11623.23579,basal,basal-Tspan8-pos
P108,N253,p2-H05-luminal-Sca1-pos-K4-F9739,P108T0168_luminal-Sca1-pos,exp4,p2,H05,139893.0469,86498.20313,105991,219514.9063,90830.70313,158384,3715.992061,18128.27889,-74.2117137,754.0695968,8480.988229,1862.856018,luminal,luminal-Sca1-pos
P108,N253,p2-I05-luminal-Sca1-neg-K4-F9739,P108T0169_luminal-Sca1-neg,exp4,p2,I05,177104.625,95339.52344,121741,212518.9063,93269.39063,149327,9711.475003,32530.81753,-320.3989509,833.2527623,1126.153194,2086.929027,luminal,luminal-Sca1-neg
P108,N253,p2-J05-luminal-Sca1-pos-K4-F9739,P108T0170_luminal-Sca1-pos,exp4,p2,J05,157187.1094,99865.375,103153,233225.3125,100686.7656,151804,17406.9252,58135.38312,-612.860611,202.8763519,14327.91123,6963.364394,luminal,luminal-Sca1-pos
P108,N253,p2-K05-luminal-Sca1-neg-K4-F9739,P108T0171_luminal-Sca1-neg,exp4,p2,K05,125226.3594,110107.125,74535,120880.1016,125897.8828,62924,7706.092458,27026.99097,-241.4567416,290.7170058,798.4106097,41759.27463,luminal,luminal-Sca1-neg
P108,N253,p2-L05-basal-Tspan8-pos-K4-F9739,P108T0172_basal-Tspan8-pos,exp4,p2,L05,214507.2969,97878.875,143626,139491,100921.625,90582,112099.2845,22473.44647,5.726125608,705.5168158,796.8535768,26737.60464,basal,basal-Tspan8-pos
P108,N253,p2-A06-basal-Tspan8-neg-K4-F9689,P108T0173_basal-Tspan8-neg,exp4,p2,A06,165242.7031,88827.02344,121915,96365.5,83648.90625,75499,53379.61309,4500.63898,335.242101,378.7261507,114.5476686,1847.25887,basal,basal-Tspan8-neg
P108,N253,p2-B06-basal-Tspan8-neg-K4-F9689,P108T0174_basal-Tspan8-neg,exp4,p2,B06,155909.1875,105455.2578,96891,109701.9063,113487.3594,63350,59282.30197,3995.981484,375.8238608,291.9325853,-133.8566664,969.9877087,basal,basal-Tspan8-neg
P108,N253,p2-C06-luminal-Sca1-neg-K4-F9689,P108T0175_luminal-Sca1-neg,exp4,p2,C06,229320.9844,96226.07813,156182,121337.7031,101506.0938,78340,16248.58072,104871.6051,224.331133,-220.4276433,1213.524948,94565.10239,luminal,luminal-Sca1-neg
P108,N253,p2-D06-luminal-Sca1-neg-K4-F9689,P108T0176_luminal-Sca1-neg,exp4,p2,D06,126220.0859,107846.8281,76701,235163.5,115464.875,133475,31933.51235,81665.07021,779.1044485,964.9219033,824.1435295,81453.32538,luminal,luminal-Sca1-neg
P108,N253,p2-E06-luminal-Sca1-pos-K4-F9689,P108T0177_luminal-Sca1-pos,exp4,p2,E06,108748.6406,102367.8359,69621,192211.7969,105753.1953,119115,24019.84576,74022.1164,-142.8754646,-251.1796289,3842.457032,11790.38593,luminal,luminal-Sca1-pos
P108,N253,p2-F06-luminal-Sca1-pos-K4-F9689,P108T0178_luminal-Sca1-pos,exp4,p2,F06,111455.3984,99363.91406,73511,205991.5,107117.0859,126029,10965.394,79264.53871,-769.5097907,-174.7458654,24910.8623,6767.858843,luminal,luminal-Sca1-pos
P108,N253,p2-G06-basal-Tspan8-pos-K4-F9689,P108T0179_basal-Tspan8-pos,exp4,p2,G06,172418.2656,90594.69531,124727,87507.20313,97092.60938,59066,114967.7441,4262.046233,51.54304784,-484.5354066,-208.7718994,7053.276755,basal,basal-Tspan8-pos
P108,N253,p2-H06-luminal-Sca1-pos-K4-F9739,P108T0180_luminal-Sca1-pos,exp4,p2,H06,196711.4844,92654.61719,139137,137914.7031,88466.71094,102167,8934.110386,67973.89098,-170.9825291,808.6262077,1735.509844,133894.7232,luminal,luminal-Sca1-pos
P108,N253,p2-I06-luminal-Sca1-neg-K4-F9739,P108T0181_luminal-Sca1-neg,exp4,p2,I06,122115.8438,90834.61719,88105,186666.7031,96285.71094,127053,8082.836226,31136.94892,-259.6632204,449.1866179,549.2906949,3802.047285,luminal,luminal-Sca1-neg
P108,N253,p2-J06-luminal-Sca1-pos-K4-F9739,P108T0182_luminal-Sca1-pos,exp4,p2,J06,212442.4375,93957.53906,148180,172425,93683.02344,120620,29714.92529,95173.67974,-1032.513543,1041.931715,2012.541217,261369.9736,luminal,luminal-Sca1-pos
P108,N253,p2-K06-luminal-Sca1-neg-K4-F9739,P108T0183_luminal-Sca1-neg,exp4,p2,K06,162734.8906,100868.1797,105732,161623,104291.1875,101563,8259.942845,52611.33133,-378.3063146,1433.79769,841.5012274,827.4708603,luminal,luminal-Sca1-neg
P108,N253,p2-L06-basal-Tspan8-pos-K4-F9739,P108T0184_basal-Tspan8-pos,exp4,p2,L06,190212.125,101213.3672,123163,131848.2031,117150.7422,73758,54209.01413,14333.0957,18.46005616,108.3436837,587.0718692,3318.229013,basal,basal-Tspan8-pos
P108,N253,p2-A07-basal-Tspan8-neg-K27-F9689,P108T0185_basal-Tspan8-neg,exp4,p2,A07,97591.34375,80482.03125,79468,115778.3047,76863.39844,98716,56275.94061,2940.098909,40.0499954,15.72514572,35.69078419,-382.6947167,basal,basal-Tspan8-neg
P108,N253,p2-B07-basal-Tspan8-neg-K27-F9689,P108T0186_basal-Tspan8-neg,exp4,p2,B07,120661.5234,86249.21875,91684,155958,88752.05469,115162,61612.82036,4561.092229,97.50089249,1742.280752,219.7445775,563.4296594,basal,basal-Tspan8-neg
P108,N253,p2-C07-luminal-Sca1-neg-K27-F9689,P108T0187_luminal-Sca1-neg,exp4,p2,C07,58257.08203,82192.76563,46451,117617.5,79013.6875,97555,16140.67743,43820.56477,-167.8891532,169.2439394,-0.277991337,30091.56946,luminal,luminal-Sca1-neg
P108,N253,p2-D07-luminal-Sca1-neg-K27-F9689,P108T0188_luminal-Sca1-neg,exp4,p2,D07,29267.70117,84814.86719,22615,40008.10156,95320.13281,27507,9144.565226,34303.52303,-133.043465,-170.3207869,984.4806024,11641.39257,luminal,luminal-Sca1-neg
P108,N253,p2-E07-luminal-Sca1-pos-K27-F9689,P108T0189_luminal-Sca1-pos,exp4,p2,E07,234612.9844,104096.6563,147705,142043,105030.1875,88631,36705.91059,152201.474,239.0896452,-787.2060262,1790.926521,112919.2382,luminal,luminal-Sca1-pos
P108,N253,p2-F07-luminal-Sca1-pos-K27-F9689,P108T0190_luminal-Sca1-pos,exp4,p2,F07,195270.8906,114123.8047,112135,198869,122683.9063,106233,17596.3811,47035.28132,-75.36473531,348.4973272,7842.607743,16643.47849,luminal,luminal-Sca1-pos
P108,N253,p2-G07-basal-Tspan8-pos-K27-F9689,P108T0191_basal-Tspan8-pos,exp4,p2,G07,121429.8438,92553.49219,85983,217008,93068.14844,152811,26828.70737,4898.426479,461.4246092,325.0206794,149.4015508,42171.86458,basal,basal-Tspan8-pos
P108,N253,p2-H07-luminal-Sca1-pos-K27-F9739,P108T0192_luminal-Sca1-pos,exp4,p2,H07,111887.5859,81580.11719,89883,73738.5,87009.84375,55540,33054.02017,62747.90683,-188.4972519,-940.9004335,1868.558385,151908.7942,luminal,luminal-Sca1-pos
P108,N253,p2-I07-luminal-Sca1-neg-K27-F9739,P108T0193_luminal-Sca1-neg,exp4,p2,I07,158578.7031,89490.4375,116131,58466.10156,84847.64063,45159,10625.98984,66545.99939,-873.8787589,400.3202368,725.3725465,78722.32233,luminal,luminal-Sca1-neg
P108,N253,p2-J07-luminal-Sca1-pos-K27-F9739,P108T0194_luminal-Sca1-pos,exp4,p2,J07,175504.2813,97155.48438,118386,208519.2969,94760.59375,144211,9915.532748,52890.13703,-460.7249825,1776.496773,55733.16389,6965.057761,luminal,luminal-Sca1-pos
P108,N253,p2-K07-luminal-Sca1-neg-K27-F9739,P108T0195_luminal-Sca1-neg,exp4,p2,K07,137420.5,95680.15625,94126,197267.4063,96886.27344,133436,15188.25345,36194.69684,-211.6863649,962.2708753,803.1001983,1930.704461,luminal,luminal-Sca1-neg
P108,N253,p2-L07-basal-Tspan8-pos-K27-F9739,P108T0196_basal-Tspan8-pos,exp4,p2,L07,86843.67969,86408.57031,65866,228536,83599.875,179155,95215.38439,17356.81298,347.0900239,746.148512,-63.7248279,3048.76373,basal,basal-Tspan8-pos
P108,N253,p2-A08-basal-Tspan8-neg-K27-F9689,P108T0197_basal-Tspan8-neg,exp4,p2,A08,90221.74219,92494.01563,63926,106581.2031,92642.92188,75396,105941.451,10968.49688,36.94794299,-306.31415,519.5308618,723.9083907,basal,basal-Tspan8-neg
P108,N253,p2-B08-basal-Tspan8-neg-K27-F9689,P108T0198_basal-Tspan8-neg,exp4,p2,B08,99119.16406,85237.625,76209,180620,91430.28125,129466,52875.70816,5806.692081,95.99110743,1884.400076,596.088574,1253.800711,basal,basal-Tspan8-neg
P108,N253,p2-C08-luminal-Sca1-neg-K27-F9689,P108T0199_luminal-Sca1-neg,exp4,p2,C08,97299.30469,99660.96875,63983,126172.2031,100512.0156,82267,16088.96085,37346.22723,-55.52734694,726.9456987,469.1275083,32679.16841,luminal,luminal-Sca1-neg
P108,N253,p2-D08-luminal-Sca1-neg-K27-F9689,P108T0200_luminal-Sca1-neg,exp4,p2,D08,132718.4688,93574.42969,92951,155493.7969,90877.35938,112134,18081.59253,85109.38501,-9.761070462,919.6834451,1223.416863,20471.35104,luminal,luminal-Sca1-neg
P108,N253,p2-E08-luminal-Sca1-pos-K27-F9689,P108T0201_luminal-Sca1-pos,exp4,p2,E08,116164.3047,93780.875,81178,180567.2031,89538.32031,132163,20526.58334,64176.66647,-104.4122958,764.2647177,4032.955067,9810.388925,luminal,luminal-Sca1-pos
P108,N253,p2-F08-luminal-Sca1-pos-K27-F9689,P108T0202_luminal-Sca1-pos,exp4,p2,F08,136699.2188,92081.70313,97291,122522.4063,94485.10938,84983,45753.39641,88917.21676,-214.8873834,-102.0741299,2795.137906,23706.81172,luminal,luminal-Sca1-pos
P108,N253,p2-G08-basal-Tspan8-pos-K27-F9689,P108T0203_basal-Tspan8-pos,exp4,p2,G08,116236.8203,83701.75,91010,164841.6094,80333.28906,134478,50419.51994,5135.704588,-38.21937099,-20.5559163,140.138805,3171.882811,basal,basal-Tspan8-pos
P108,N253,p2-H08-luminal-Sca1-pos-K27-F9739,P108T0204_luminal-Sca1-pos,exp4,p2,H08,226008.5781,110516.0938,134023,198588.5,108090.1016,120406,28483.99848,114051.9467,-1043.964372,1047.793458,7401.678602,12621.21512,luminal,luminal-Sca1-pos
P108,N253,p2-I08-luminal-Sca1-neg-K27-F9739,P108T0205_luminal-Sca1-neg,exp4,p2,I08,96473.16406,81129.00781,77931,93395.5,80465.47656,76067,6198.348293,38968.43789,-183.0061584,-226.7878136,533.937859,73777.48497,luminal,luminal-Sca1-neg
P108,N253,p2-J08-luminal-Sca1-pos-K27-F9739,P108T0206_luminal-Sca1-pos,exp4,p2,J08,175012.3281,88939.95313,128959,96734,84407.03906,75107,15398.8976,39705.85204,-338.3070566,179.581433,1819.845428,49105.46889,luminal,luminal-Sca1-pos
P108,N253,p2-K08-luminal-Sca1-neg-K27-F9739,P108T0207_luminal-Sca1-neg,exp4,p2,K08,30304.54102,78776.65625,25211,53533.69922,90303.58594,38851,2320.00355,10132.12117,-185.3927269,178.6393698,1012.15126,196.5550142,luminal,luminal-Sca1-neg
P108,N253,p2-L08-basal-Tspan8-pos-K27-F9739,P108T0208_basal-Tspan8-pos,exp4,p2,L08,120318.5234,95136.46094,82883,102301.1016,98724.85938,67910,25963.40464,1822.371576,238.3206324,2449.39889,-13.49950541,44894.0666,basal,basal-Tspan8-pos
P108,N253,p2-A09-basal-Tspan8-neg-K27-F9689,P108T0209_basal-Tspan8-neg,exp4,p2,A09,184691.7813,96351.46875,125623,95649.39844,96794.04688,64761,69993.84225,4853.524176,71.53302399,305.4772678,-31.5749976,-118.3993551,basal,basal-Tspan8-neg
P108,N253,p2-B09-basal-Tspan8-neg-K27-F9689,P108T0210_basal-Tspan8-neg,exp4,p2,B09,134016.9688,110219.3125,79686,139981.6094,116339.5078,78854,71933.13287,1748.228263,125.9243497,368.7433289,-31.04156206,17.86944772,basal,basal-Tspan8-neg
P108,N253,p2-C09-luminal-Sca1-neg-K27-F9689,P108T0211_luminal-Sca1-neg,exp4,p2,C09,149158.9375,95051.4375,102842,153432.4063,100119.9453,100433,26226.97643,86696.73382,-47.54811067,-102.4539285,713.0333953,16084.30296,luminal,luminal-Sca1-neg
P108,N253,p2-D09-luminal-Sca1-neg-K27-F9689,P108T0212_luminal-Sca1-neg,exp4,p2,D09,75028.80469,95170.67188,51666,104827.8047,92312.58594,74421,30130.06867,27688.14293,-17.40890675,-50.50996899,31.65782986,4868.261367,luminal,luminal-Sca1-neg
P108,N253,p2-E09-luminal-Sca1-pos-K27-F9689,P108T0213_luminal-Sca1-pos,exp4,p2,E09,129194.3828,100011.6172,84659,207307.1094,104189.3203,130398,5014.067948,57108.76692,-218.77555,479.5373942,83406.19349,1537.783342,luminal,luminal-Sca1-pos
P108,N253,p2-F09-luminal-Sca1-pos-K27-F9689,P108T0214_luminal-Sca1-pos,exp4,p2,F09,136690.4063,107981.4609,82960,187734.7969,120619.0781,102002,35863.92904,83893.78618,-453.504622,132.6104511,2329.186307,12219.16618,luminal,luminal-Sca1-pos
P108,N253,p2-G09-basal-Tspan8-pos-K27-F9689,P108T0215_basal-Tspan8-pos,exp4,p2,G09,187967.9219,105857.7422,116370,145923.7969,114862.9844,83258,80448.46356,3004.85914,163.3617254,589.9389795,-25.1044326,4543.865499,basal,basal-Tspan8-pos
P108,N253,p2-H09-luminal-Sca1-pos-K27-F9739,P108T0216_luminal-Sca1-pos,exp4,p2,H09,113809.3594,98432.32031,75774,175062.7969,95675.40625,119915,12536.57501,69411.15977,-182.8550802,1313.947283,5224.390242,100711.363,luminal,luminal-Sca1-pos
P108,N253,p2-I09-luminal-Sca1-neg-K27-F9739,P108T0217_luminal-Sca1-neg,exp4,p2,I09,131628.7031,92243.40625,93518,197187.1094,103851.4141,124436,10112.75093,33594.09564,-252.6516466,92.8622765,854.0474895,52185.63478,luminal,luminal-Sca1-neg
P108,N253,p2-J09-luminal-Sca1-pos-K27-F9739,P108T0218_luminal-Sca1-pos,exp4,p2,J09,170591.5469,95307.78125,117303,114844.4063,97983.97656,76813,10694.08999,71258.03017,-576.8997662,28.06830776,1949.764174,124607.6501,luminal,luminal-Sca1-pos
P108,N253,p2-K09-luminal-Sca1-neg-K27-F9739,P108T0219_luminal-Sca1-neg,exp4,p2,K09,153650.2813,90234.46875,111594,129303.9063,84640.73438,100118,21544.44251,99865.3,-648.5532582,527.7185653,800.55897,138306.3562,luminal,luminal-Sca1-neg
P108,N253,p2-L09-basal-Tspan8-pos-K27-F9739,P108T0220_basal-Tspan8-pos,exp4,p2,L09,107603.0234,84055.92188,83895,96817.60156,99307.26563,63893,14726.87633,5812.802261,382.96281,3290.164543,6766.096096,3043.161023,basal,basal-Tspan8-pos
P108,N253,p2-A10-basal-Tspan8-neg-K27-F9689,P108T0221_basal-Tspan8-neg,exp4,p2,A10,211152.7656,94470.96875,146480,103040.3047,100980.2031,66873,44854.64103,4552.069298,167.9351923,257.0597605,137.2378655,2448.489647,basal,basal-Tspan8-neg
P108,N253,p2-B10-basal-Tspan8-neg-K27-F9689,P108T0222_basal-Tspan8-neg,exp4,p2,B10,101542.7031,84954.01563,78333,75231.20313,83068.29688,59353,112359.5483,7340.60984,64.68902974,-413.6487118,787.7506088,-372.4198383,basal,basal-Tspan8-neg
P108,N253,p2-C10-luminal-Sca1-neg-K27-F9689,P108T0223_luminal-Sca1-neg,exp4,p2,C10,70873.60156,97474.82031,47651,119540.3047,96830.80469,80906,21068.41586,86273.0512,74.03414244,-237.5460503,817.001613,41915.18457,luminal,luminal-Sca1-neg
P108,N253,p2-D10-luminal-Sca1-neg-K27-F9689,P108T0224_luminal-Sca1-neg,exp4,p2,D10,98631.125,90295.4375,71586,148936.7031,91906.21875,106203,6564.238409,28915.63553,36.11458305,142.5721656,1246.61382,13058.12189,luminal,luminal-Sca1-neg
P108,N253,p2-E10-luminal-Sca1-pos-K27-F9689,P108T0225_luminal-Sca1-pos,exp4,p2,E10,127896.8594,97639.32813,85845,130968.2031,100110.0156,85737,33293.14664,106629.6394,-247.1027964,-1573.981637,5811.830103,84558.3913,luminal,luminal-Sca1-pos
P108,N253,p2-F10-luminal-Sca1-pos-K27-F9689,P108T0226_luminal-Sca1-pos,exp4,p2,F10,134795.0781,100665.8359,87755,186708.5,107202.8047,114140,38626.1916,117707.6227,-436.142788,1403.02445,6811.060804,205312.5958,luminal,luminal-Sca1-pos
P108,N253,p2-H10-luminal-Sca1-pos-K27-F9739,P108T0228_luminal-Sca1-pos,exp4,p2,H10,244166.0313,102830.5313,155612,99501.60156,108637.0156,60025,9893.921917,76612.90119,-526.2082344,190.4135706,1940.067546,92432.18533,luminal,luminal-Sca1-pos
P108,N253,p2-I10-luminal-Sca1-neg-K27-F9739,P108T0229_luminal-Sca1-neg,exp4,p2,I10,111234.8984,85842.19531,84922,108895.6016,85637.27344,83335,8939.325028,20193.00108,-7.174964682,1345.812249,131.8075915,1180.701304,luminal,luminal-Sca1-neg
P108,N253,p2-J10-luminal-Sca1-pos-K27-F9739,P108T0230_luminal-Sca1-pos,exp4,p2,J10,120319.5,110227.8359,71536,217615.2031,108188.5469,131822,30141.47734,104544.5387,-885.2019555,-257.6372815,23946.53132,6775.302714,luminal,luminal-Sca1-pos
P108,N253,p2-K10-luminal-Sca1-neg-K27-F9739,P108T0231_luminal-Sca1-neg,exp4,p2,K10,154088.3438,84739.60938,119169,79292.39844,82305.25,63137,18333.22783,69135.75651,-563.5981256,-1024.951311,760.5984047,250194.2182,luminal,luminal-Sca1-neg
P108,N253,p2-L10-basal-Tspan8-pos-K27-F9739,P108T0232_basal-Tspan8-pos,exp4,p2,L10,141073.9375,86325.13281,107100,145800.6094,87621.28906,109051,88836.46121,3607.742236,229.3372357,1636.198273,1302.917877,5719.506008,basal,basal-Tspan8-pos
P108,N253,p2-A11-basal-Tspan8-neg-K27-F9689,P108T0233_basal-Tspan8-neg,exp4,p2,A11,118834.8047,85831.90625,90735,112713.7031,95203.0625,77590,82119.59435,5205.137607,159.1277669,848.5514244,580.6306382,638.2827335,basal,basal-Tspan8-neg
P108,N253,p2-B11-basal-Tspan8-neg-K27-F9689,P108T0234_basal-Tspan8-neg,exp4,p2,B11,130102.8438,82411.125,103462,89754.5,77914.45313,75495,40970.05038,1000.893846,47.91300098,282.5797278,179.0877415,483.6484943,basal,basal-Tspan8-neg
P108,N253,p2-C11-luminal-Sca1-neg-K27-F9689,P108T0235_luminal-Sca1-neg,exp4,p2,C11,113111.6016,95376.88281,77722,231542.3125,94888.35938,159918,19557.29893,64943.50592,-36.37565721,-200.3921843,810.2732603,70856.02683,luminal,luminal-Sca1-neg
P108,N253,p2-D11-luminal-Sca1-neg-K27-F9689,P108T0236_luminal-Sca1-neg,exp4,p2,D11,140245.8438,102587.8281,89593,162970.5,112529.8594,94912,4345.632453,17795.47511,-4.777365854,587.7587927,265.1619464,5279.449314,luminal,luminal-Sca1-neg
P108,N253,p2-E11-luminal-Sca1-pos-K27-F9689,P108T0237_luminal-Sca1-pos,exp4,p2,E11,113659.4219,98261.14844,75806,203937.7969,101837.5938,131241,1817.324224,15174.6556,-9.551465821,990.410308,14086.57237,1344.876407,luminal,luminal-Sca1-pos
P108,N253,p2-F11-luminal-Sca1-pos-K27-F9689,P108T0238_luminal-Sca1-pos,exp4,p2,F11,228378.2188,98224.10156,152376,151171.9063,97016.24219,102119,42786.55339,95487.40839,-33.27190058,788.7326632,2610.570118,168590.306,luminal,luminal-Sca1-pos
P108,N253,p2-H11-luminal-Sca1-pos-K27-F9739,P108T0239_luminal-Sca1-pos,exp4,p2,H11,100572.5,89418.39063,73711,116938.8047,87399.38281,87686,10500.36484,27409.46451,-134.3072063,581.1825342,2590.672052,117430.9838,luminal,luminal-Sca1-pos
P108,N253,p2-I11-luminal-Sca1-neg-K27-F9739,P108T0240_luminal-Sca1-neg,exp4,p2,I11,217702.1094,94957.24219,150250,132957,91675.38281,95047,6386.63661,56038.38662,-537.1051322,13.06287428,720.5755244,54993.65845,luminal,luminal-Sca1-neg
P108,N253,p2-J11-luminal-Sca1-pos-K27-F9739,P108T0241_luminal-Sca1-pos,exp4,p2,J11,60873.67969,86936.24219,45889,128398.6016,81852.96875,102803,8409.560549,36081.88869,338.1349705,1183.96914,2511.229504,24787.85353,luminal,luminal-Sca1-pos
P108,N253,p2-K11-luminal-Sca1-neg-K27-F9739,P108T0242_luminal-Sca1-neg,exp4,p2,K11,183001.2813,94851.17188,126442,102887.3984,85182.97656,79157,14605.22808,42081.25483,-342.5196163,-27.4549104,688.6955382,171798.2409,luminal,luminal-Sca1-neg
P108,N253,p2-L11-basal-Tspan8-pos-K27-F9739,P108T0243_basal-Tspan8-pos,exp4,p2,L11,117796.9844,88749.25781,86986,200792.9063,88906.0625,148012,139449.391,12639.78144,137.4365402,164.8562692,157.2614502,14337.26665,basal,basal-Tspan8-pos
P108,N253,p2-A12-basal-Tspan8-neg-K27-F9689,P108T0244_basal-Tspan8-neg,exp4,p2,A12,101254.5781,91058.8125,72874,106632.8984,97610.05469,71594,63045.25192,9331.544405,72.90004201,30.80002805,221.2854402,1752.421691,basal,basal-Tspan8-neg
P108,N253,p2-B12-basal-Tspan8-neg-K27-F9689,P108T0245_basal-Tspan8-neg,exp4,p2,B12,150745.5625,90388.3125,109298,119501.8047,84572.53906,92603,44574.74574,3960.606237,94.0308559,707.6656558,147.608045,216.8230124,basal,basal-Tspan8-neg
P108,N253,p2-C12-luminal-Sca1-neg-K27-F9689,P108T0246_luminal-Sca1-neg,exp4,p2,C12,102575.625,92335.53906,72804,203454.9063,97259.67969,137093,21357.87023,83923.86193,-247.0843669,-292.9280237,358.6466445,84805.0763,luminal,luminal-Sca1-neg
P108,N253,p2-D12-luminal-Sca1-neg-K27-F9689,P108T0247_luminal-Sca1-neg,exp4,p2,D12,217755.0313,95075.875,150099,197646.9063,98317.88281,131746,26326.15629,64374.74686,29.55300275,642.775538,858.2800275,5905.28575,luminal,luminal-Sca1-neg
P108,N253,p2-E12-luminal-Sca1-pos-K27-F9689,P108T0248_luminal-Sca1-pos,exp4,p2,E12,115710.5625,105056.7656,72182,132040.7031,108894.6172,79466,15830.33104,73173.97013,-316.6772333,-942.0109263,3016.342382,69909.67954,luminal,luminal-Sca1-pos
P108,N253,p2-F12-luminal-Sca1-pos-K27-F9689,P108T0249_luminal-Sca1-pos,exp4,p2,F12,182180.0469,87945.84375,135758,106995.8984,82284.07031,85218,15946.27073,79646.3918,-259.5688467,-158.4301519,1835.414509,22266.08519,luminal,luminal-Sca1-pos
P108,N253,p2-H12-luminal-Sca1-pos-K27-F9739,P108T0250_luminal-Sca1-pos,exp4,p2,H12,179790.7969,91768.97656,128396,220537.9063,85611.91406,168822,13257.29949,50819.57324,-107.2220099,4302.380144,2400.378507,55669.53505,luminal,luminal-Sca1-pos
P108,N253,p2-I12-luminal-Sca1-neg-K27-F9739,P108T0251_luminal-Sca1-neg,exp4,p2,I12,175557.2031,87088.91406,132110,91807.10156,85076.15625,70721,13289.42516,47330.20482,-314.2116182,7.048640185,963.3094125,74830.28454,luminal,luminal-Sca1-neg
P108,N253,p2-J12-luminal-Sca1-pos-K27-F9739,P108T0252_luminal-Sca1-pos,exp4,p2,J12,108502.6641,85859.89844,82819,175362,80614.78906,142561,10119.55372,65413.8462,-108.5878148,-577.9687448,7027.213606,145805.4432,luminal,luminal-Sca1-pos
P108,N253,p2-K12-luminal-Sca1-neg-K27-F9739,P108T0253_luminal-Sca1-neg,exp4,p2,K12,208782.1406,104864.6953,130480,136263.6094,117378.7109,76080,29207.65464,70066.75312,-506.396396,-863.3822957,494.5640961,222182.081,luminal,luminal-Sca1-neg
P108,N253,p2-L12-basal-Tspan8-pos-K27-F9739,P108T0254_basal-Tspan8-pos,exp4,p2,L12,83318.625,86994.27344,62767,131936.2031,85889.39063,100671,42281.54816,4361.600387,97.25068666,2036.194107,134.4809477,6402.349893,basal,basal-Tspan8-pos
P108,N253,p2-M12-basal-Tspan8-neg-K27-F9739,P108T0255_basal-Tspan8-neg,exp4,p2,M12,NA,NA,NA,NA,NA,NA,NA,NA,NA,NA,NA,NA,basal,basal-Tspan8-neg
P108,N253,p3-A01-luminal-Sca1-neg-K4-F9724,P108T0304_luminal-Sca1-neg,exp5,p3,A01,138327.9844,103934.3125,87223,189624.6094,110212.5703,112757,7831.509157,28626.46704,223.3797896,301.4506111,311.4682576,39212.4015,luminal,luminal-Sca1-neg
P108,N253,p3-B01-luminal-Sca1-neg-K4-F9724,P108T0305_luminal-Sca1-neg,exp5,p3,B01,85534.39844,81252.10938,68990,53158.60156,80744.5,43146,1033.742812,6111.746592,318.3178059,460.3550089,101.6444786,2764.883936,luminal,luminal-Sca1-neg
P108,N253,p3-C01-luminal-Sca1-neg-K4-F9724,P108T0306_luminal-Sca1-neg,exp5,p3,C01,124192.4609,83073.84375,97974,89742.39844,94894.28906,61978,5934.477847,22004.87618,362.7942027,1803.428697,591.4773411,7274.06241,luminal,luminal-Sca1-neg
P108,N253,p3-D01-luminal-Sca1-neg-K4-F9724,P108T0307_luminal-Sca1-neg,exp5,p3,D01,226967.0313,92180.4375,161363,91237.30469,87103.80469,68646,6684.716288,36408.21263,5.379135911,1221.717659,310.9682747,15303.20996,luminal,luminal-Sca1-neg
P108,N253,p3-E01-luminal-Sca1-neg-K4-F9724,P108T0308_luminal-Sca1-neg,exp5,p3,E01,43797.17969,85427.90625,33599,46730.19922,99668.38281,30727,11366.27778,40348.21368,294.8686186,231.4139946,184.0026439,13608.75847,luminal,luminal-Sca1-neg
P108,N253,p3-F01-luminal-Sca1-neg-K4-F9724,P108T0309_luminal-Sca1-neg,exp5,p3,F01,139537.2969,87437.29688,104586,150304,88778.44531,110954,8155.038129,29245.84527,150.0169096,1004.706995,178.2231902,1600.167231,luminal,luminal-Sca1-neg
P108,N253,p3-G01-luminal-Sca1-neg-K4-F9724,P108T0310_luminal-Sca1-neg,exp5,p3,G01,178910.7656,99936.03906,117326,156213.2031,106558.3047,96075,13872.01244,50267.74404,278.555548,966.9775285,914.686581,20613.67601,luminal,luminal-Sca1-neg
P108,N253,p3-H01-luminal-Sca1-neg-K4-F9724,P108T0311_luminal-Sca1-neg,exp5,p3,H01,71173.48438,80455.8125,57975,16658.40039,77072,14165,7412.393166,16069.51796,44.58280545,411.3315068,155.1916892,1238.651478,luminal,luminal-Sca1-neg
P108,N253,p3-I01-luminal-Sca1-pos-K4-F9724,P108T0312_luminal-Sca1-pos,exp5,p3,I01,73551.94531,79556.03125,60590,72077.5,83659.58594,56463,1196.636641,7046.613555,72.8476136,570.4317745,12499.62755,316.2207496,luminal,luminal-Sca1-pos
P108,N253,p3-J01-luminal-Sca1-pos-K4-F9724,P108T0313_luminal-Sca1-pos,exp5,p3,J01,132940.9219,81480.03125,106927,48380.19922,77298.86719,41018,4464.049631,16401.06285,4.238648139,2309.539664,2060.480603,1271.696185,luminal,luminal-Sca1-pos
P108,N253,p3-K01-luminal-Sca1-pos-K4-F9724,P108T0314_luminal-Sca1-pos,exp5,p3,K01,208493.0469,92363.54688,147935,135440.7969,96219.5,92250,53412.15527,70290.0217,-277.2875445,693.919527,6508.618562,17614.61061,luminal,luminal-Sca1-pos
P108,N253,p3-L01-luminal-Sca1-pos-K4-F9724,P108T0315_luminal-Sca1-pos,exp5,p3,L01,150831.7969,86227.1875,114638,89820.5,78321.35938,75158,38454.32388,65566.31613,-448.058845,1589.457138,1954.434576,17294.48176,luminal,luminal-Sca1-pos
P108,N253,p3-M01-luminal-Sca1-pos-K4-F9724,P108T0316_luminal-Sca1-pos,exp5,p3,M01,111680.8047,84537.79688,86578,191042.5,79738.64063,157015,41441.73353,78018.57301,178.8010357,680.5410888,1660.194869,14014.03767,luminal,luminal-Sca1-pos
P108,N253,p3-N01-luminal-Sca1-pos-K4-F9724,P108T0317_luminal-Sca1-pos,exp5,p3,N01,,,,,,,,,,,,,luminal,luminal-Sca1-pos
P108,N253,p3-O01-luminal-Sca1-pos-K4-F9724,P108T0318_luminal-Sca1-pos,exp5,p3,O01,,,,,,,,,,,,,luminal,luminal-Sca1-pos
P108,N253,p3-A02-luminal-Sca1-neg-K4-F9724,P108T0319_luminal-Sca1-neg,exp5,p3,A02,89990.46094,83957.78125,70245,114895,80787.07031,93205,4443.226897,19218.36903,158.1470356,691.7913724,97.03605839,6113.257092,luminal,luminal-Sca1-neg
P108,N253,p3-B02-luminal-Sca1-neg-K4-F9724,P108T0320_luminal-Sca1-neg,exp5,p3,B02,108650.6406,95763.95313,74355,173961.7031,98351.03906,115919,13793.34353,41422.33272,146.5604292,482.3610227,401.1596849,24720.74508,luminal,luminal-Sca1-neg
P108,N253,p3-C02-luminal-Sca1-neg-K4-F9724,P108T0321_luminal-Sca1-neg,exp5,p3,C02,108973.0625,97769.33594,73046,119607.4063,92896.32031,84380,7963.48578,27851.69799,74.06526234,522.5483874,525.2621544,16759.81806,luminal,luminal-Sca1-neg
P108,N253,p3-D02-luminal-Sca1-neg-K4-F9724,P108T0322_luminal-Sca1-neg,exp5,p3,D02,141980.4375,84477.23438,110146,167157.1094,83977.71875,130449,22162.70887,54047.35077,219.8212921,1201.921026,558.9767443,4653.539199,luminal,luminal-Sca1-neg
P108,N253,p3-E02-luminal-Sca1-neg-K4-F9724,P108T0323_luminal-Sca1-neg,exp5,p3,E02,217728.5625,89738,159008,127516.4063,85610.10156,97616,7075.369893,31108.23249,-36.39244963,712.3785185,421.9829019,7216.868749,luminal,luminal-Sca1-neg
P108,N253,p3-F02-luminal-Sca1-neg-K4-F9724,P108T0324_luminal-Sca1-neg,exp5,p3,F02,131291.5781,88075.14063,97693,112534.4063,95885.78125,76915,7890.528654,32474.658,165.2774698,2578.179369,344.7302228,25641.16071,luminal,luminal-Sca1-neg
P108,N253,p3-G02-luminal-Sca1-neg-K4-F9724,P108T0325_luminal-Sca1-neg,exp5,p3,G02,201394.9063,88092.96875,149826,135286.7969,79873.11719,111003,19397.62843,51014.33607,-47.52067433,919.7879521,626.850944,30961.45872,luminal,luminal-Sca1-neg
P108,N253,p3-H02-luminal-Sca1-neg-K4-F9724,P108T0326_luminal-Sca1-neg,exp5,p3,H02,169935.9219,85087.41406,130888,112829.2031,85480.14063,86504,8555.886195,44257.74859,86.21876442,1471.537453,726.337941,12333.63453,luminal,luminal-Sca1-neg
P108,N253,p3-I02-luminal-Sca1-pos-K4-F9724,P108T0327_luminal-Sca1-pos,exp5,p3,I02,129668.7031,90010.375,94411,188970.1094,90485.1875,136866,10767.30158,62340.36424,-129.8876785,1030.647481,1362.169349,29988.93785,luminal,luminal-Sca1-pos
P108,N253,p3-J02-luminal-Sca1-pos-K4-F9724,P108T0328_luminal-Sca1-pos,exp5,p3,J02,170925.7188,84599.25781,132410,67840.30469,101298.2969,43890,5014.308572,8327.231914,143.5563213,4075.619847,2400.298615,4811.144732,luminal,luminal-Sca1-pos
P108,N253,p3-K02-luminal-Sca1-pos-K4-F9724,P108T0329_luminal-Sca1-pos,exp5,p3,K02,211288,90394.96094,153183,90670.80469,84606.97656,70233,16102.70486,36337.2651,52.83391962,2880.331345,1924.310899,7539.992235,luminal,luminal-Sca1-pos
P108,N253,p3-L02-luminal-Sca1-pos-K4-F9724,P108T0330_luminal-Sca1-pos,exp5,p3,L02,144711.7031,85891.76563,110416,216914.5,80208.24219,177235,25307.04515,77875.15912,-257.8394534,540.0107234,2840.808699,23194.6771,luminal,luminal-Sca1-pos
P108,N253,p3-M02-luminal-Sca1-pos-K4-F9724,P108T0331_luminal-Sca1-pos,exp5,p3,M02,231398.5781,99033.73438,153129,222238.5,98385.01563,148037,29214.17751,85439.81447,-493.4892589,487.8312541,1352.281794,101969.9177,luminal,luminal-Sca1-pos
P108,N253,p3-N02-luminal-Sca1-pos-K4-F9724,P108T0332_luminal-Sca1-pos,exp5,p3,N02,,,,,,,,,,,,,luminal,luminal-Sca1-pos
P108,N253,p3-O02-luminal-Sca1-pos-K4-F9724,P108T0333_luminal-Sca1-pos,exp5,p3,O02,,,,,,,,,,,,,luminal,luminal-Sca1-pos
P108,N253,p3-A03-luminal-Sca1-neg-K4-F9724,P108T0334_luminal-Sca1-neg,exp5,p3,A03,231982.6719,93399.61719,162776,110591.8047,83836.44531,86451,6442.552529,25114.74357,201.5678472,1518.549844,515.0598129,10316.18312,luminal,luminal-Sca1-neg
P108,N253,p3-B03-luminal-Sca1-neg-K4-F9724,P108T0335_luminal-Sca1-neg,exp5,p3,B03,81445.84375,77700.49219,68695,101675.2031,76147.76563,87506,2302.374394,5816.804101,58.46633119,2730.760653,88.37775693,639.0225856,luminal,luminal-Sca1-neg
P108,N253,p3-C03-luminal-Sca1-neg-K4-F9724,P108T0336_luminal-Sca1-neg,exp5,p3,C03,127387.2656,89369.5,93415,85369.89844,86862.3125,64410,5337.763521,13901.43453,127.8184999,413.6668838,131.8253919,2541.090595,luminal,luminal-Sca1-neg
P108,N253,p3-D03-luminal-Sca1-neg-K4-F9724,P108T0337_luminal-Sca1-neg,exp5,p3,D03,56219.66016,76801.78906,47973,12447.60059,81356.92969,10027,10231.91051,18876.25209,112.6078157,94.26896773,492.20311,3573.405799,luminal,luminal-Sca1-neg
P108,N253,p3-E03-luminal-Sca1-neg-K4-F9724,P108T0338_luminal-Sca1-neg,exp5,p3,E03,228333.1406,96592.67969,154919,112011.9063,101349.0469,72431,2290.634863,12830.03842,34.90676695,5458.097538,109.0477258,2760.084277,luminal,luminal-Sca1-neg
P108,N253,p3-F03-luminal-Sca1-neg-K4-F9724,P108T0339_luminal-Sca1-neg,exp5,p3,F03,227412.9219,95886.49219,155431,154364.1094,95000.44531,106488,1785.00239,15214.87105,-1.992697522,1063.570985,216.199767,1554.631046,luminal,luminal-Sca1-neg
P108,N253,p3-G03-luminal-Sca1-neg-K4-F9724,P108T0340_luminal-Sca1-neg,exp5,p3,G03,114829.5391,98580.89844,76338,174391.7969,107114.8594,106698,2669.607768,56431.05327,29.68205385,6098.74219,346.2287663,22649.78358,luminal,luminal-Sca1-neg
P108,N253,p3-H03-luminal-Sca1-neg-K4-F9724,P108T0341_luminal-Sca1-neg,exp5,p3,H03,161411.8906,92197.57813,114735,231327.8125,92928.15625,163140,3898.902316,23786.55982,78.59829543,777.8134457,14.94026845,6912.072129,luminal,luminal-Sca1-neg
P108,N253,p3-I03-luminal-Sca1-pos-K4-F9724,P108T0342_luminal-Sca1-pos,exp5,p3,I03,152192.0469,92703.46875,107591,206103.7031,95719.79688,141112,12973.35805,49355.81426,37.27352681,495.6411871,2110.785538,47657.22505,luminal,luminal-Sca1-pos
P108,N253,p3-J03-luminal-Sca1-pos-K4-F9724,P108T0343_luminal-Sca1-pos,exp5,p3,J03,105305.8984,91163.20313,75703,124492.5,108128.6797,75454,4215.22339,15347.46693,-48.08314737,709.8337257,1548.55787,2829.545405,luminal,luminal-Sca1-pos
P108,N253,p3-K03-luminal-Sca1-pos-K4-F9724,P108T0344_luminal-Sca1-pos,exp5,p3,K03,173892.1875,88031.44531,129456,146410,95464.39063,100510,32050.62695,84287.47688,200.3403165,3379.100891,1842.131706,29520.97943,luminal,luminal-Sca1-pos
P108,N253,p3-L03-luminal-Sca1-pos-K4-F9724,P108T0345_luminal-Sca1-pos,exp5,p3,L03,154401.9375,84347.24219,119967,199962.4063,91773.07813,142795,5255.047211,23610.40239,-156.6875745,760.1993281,24209.86903,894.4834884,luminal,luminal-Sca1-pos
P108,N253,p3-M03-luminal-Sca1-pos-K4-F9724,P108T0346_luminal-Sca1-pos,exp5,p3,M03,159915.4219,86814.25781,120720,106113.7031,82598.13281,84194,33114.66708,77335.94801,-516.0510164,2227.839133,3906.297141,44763.15332,luminal,luminal-Sca1-pos
P108,N253,p3-N03-luminal-Sca1-pos-K4-F9724,P108T0347_luminal-Sca1-pos,exp5,p3,N03,,,,,,,,,,,,,luminal,luminal-Sca1-pos
P108,N253,p3-O03-luminal-Sca1-pos-K4-F9724,P108T0348_luminal-Sca1-pos,exp5,p3,O03,,,,,,,,,,,,,luminal,luminal-Sca1-pos
P108,N253,p3-A04-luminal-Sca1-neg-K4-F9724,P108T0349_luminal-Sca1-neg,exp5,p3,A04,137277.4219,94088.13281,95619,161318.2969,92029.42188,114878,16926.44597,55420.49125,301.1673016,335.9699548,511.7389417,53505.47432,luminal,luminal-Sca1-neg
P108,N253,p3-B04-luminal-Sca1-neg-K4-F9724,P108T0350_luminal-Sca1-neg,exp5,p3,B04,239239.5625,92326.5625,169819,143127.6094,92820.85156,101055,12330.01814,36035.55038,6.641804164,1268.643484,717.8698158,4476.952796,luminal,luminal-Sca1-neg
P108,N253,p3-C04-luminal-Sca1-neg-K4-F9724,P108T0351_luminal-Sca1-neg,exp5,p3,C04,187459.2969,84125.95313,146035,71801.39844,81843.22656,57495,9074.807097,34530.83147,247.9207149,1810.485036,323.9547698,12257.59495,luminal,luminal-Sca1-neg
P108,N253,p3-D04-luminal-Sca1-neg-K4-F9724,P108T0352_luminal-Sca1-neg,exp5,p3,D04,216436.9219,90759.32031,156286,78106.60156,86615.35938,59098,11434.91925,28328.85315,56.72825284,651.6536378,543.4410611,4293.179916,luminal,luminal-Sca1-neg
P108,N253,p3-E04-luminal-Sca1-neg-K4-F9724,P108T0353_luminal-Sca1-neg,exp5,p3,E04,225914.5,102502.2891,144441,183367.7969,107103.1875,112202,22408.51644,62998.90637,166.2204654,302.8069672,549.8414947,91950.27723,luminal,luminal-Sca1-neg
P108,N253,p3-F04-luminal-Sca1-neg-K4-F9724,P108T0354_luminal-Sca1-neg,exp5,p3,F04,145600.5625,83090.92969,114839,56017.5,82274.32813,44621,5853.962315,16044.00881,113.6877467,6660.971808,394.3669592,437.2233005,luminal,luminal-Sca1-neg
P108,N253,p3-G04-luminal-Sca1-neg-K4-F9724,P108T0355_luminal-Sca1-neg,exp5,p3,G04,157461.5,86036.5625,119942,131838.2969,92334.99219,93574,1656.967064,18215.22624,69.45114555,570.3799797,451.2650039,15244.52889,luminal,luminal-Sca1-neg
P108,N253,p3-H04-luminal-Sca1-neg-K4-F9724,P108T0356_luminal-Sca1-neg,exp5,p3,H04,114560.0391,100823.2969,74465,182778.2031,99454.94531,120442,9877.866928,35730.39961,-138.6916218,1088.728761,764.2892202,19949.79992,luminal,luminal-Sca1-neg
P108,N253,p3-I04-luminal-Sca1-pos-K4-F9724,P108T0357_luminal-Sca1-pos,exp5,p3,I04,208619.4688,92415.17969,147942,179423.2031,101069.9375,116342,29357.43159,117556.3679,13.82104162,1510.456679,2322.106602,93129.21168,luminal,luminal-Sca1-pos
P108,N253,p3-J04-luminal-Sca1-pos-K4-F9724,P108T0358_luminal-Sca1-pos,exp5,p3,J04,111039.8828,82755.5625,87935,202155.7969,81906.64844,161751,13370.6271,36280.95838,22.43590821,915.3288218,2789.515882,14108.24977,luminal,luminal-Sca1-pos
P108,N253,p3-K04-luminal-Sca1-pos-K4-F9724,P108T0359_luminal-Sca1-pos,exp5,p3,K04,145748.5469,89333.22656,106923,131981.2969,109231.875,79185,16978.83569,36213.07301,-71.89520394,1079.57387,3337.402992,5621.614203,luminal,luminal-Sca1-pos
P108,N253,p3-L04-luminal-Sca1-pos-K4-F9724,P108T0360_luminal-Sca1-pos,exp5,p3,L04,200242.4219,86888.875,151033,128946.4063,85745.34375,98555,14946.34232,67166.65624,-391.5807779,693.493463,1726.171144,101363.5368,luminal,luminal-Sca1-pos
P108,N253,p3-M04-luminal-Sca1-pos-K4-F9724,P108T0361_luminal-Sca1-pos,exp5,p3,M04,146480.6094,83025.60938,115624,185042,83878.57031,144577,3108.849227,5089.744758,-45.59160869,1112.877524,4549.002119,640.574346,luminal,luminal-Sca1-pos
P108,N253,p3-N04-luminal-Sca1-pos-K4-F9724,P108T0362_luminal-Sca1-pos,exp5,p3,N04,,,,,,,,,,,,,luminal,luminal-Sca1-pos
P108,N253,p3-O04-luminal-Sca1-pos-K4-F9724,P108T0363_luminal-Sca1-pos,exp5,p3,O04,,,,,,,,,,,,,luminal,luminal-Sca1-pos
P108,N253,p3-A05-luminal-Sca1-neg-K4-F9724,P108T0364_luminal-Sca1-neg,exp5,p3,A05,71706.60156,78728.17188,59691,130157.5,79589.46875,107175,4849.306463,11534.23572,46.11462266,735.0493921,62.04179531,1110.830112,luminal,luminal-Sca1-neg
P108,N253,p3-B05-luminal-Sca1-neg-K4-F9724,P108T0365_luminal-Sca1-neg,exp5,p3,B05,199738.7031,90934.24219,143951,109112.3047,82842.33594,86318,6890.652763,29876.81118,94.96620589,1077.033627,280.3536577,7624.744297,luminal,luminal-Sca1-neg
P108,N253,p3-C05-luminal-Sca1-neg-K4-F9724,P108T0366_luminal-Sca1-neg,exp5,p3,C05,234328.7813,98874.36719,155318,217595.4063,106231.7109,134238,7672.346787,80205.74635,185.3735964,1876.050487,735.2708934,20428.13913,luminal,luminal-Sca1-neg
P108,N253,p3-D05-luminal-Sca1-neg-K4-F9724,P108T0367_luminal-Sca1-neg,exp5,p3,D05,216966.125,104051.7813,136654,181152.4063,102676.7891,115625,6805.773465,17424.32063,22.08720896,3216.402486,132.1667524,1328.939346,luminal,luminal-Sca1-neg
P108,N253,p3-E05-luminal-Sca1-neg-K4-F9724,P108T0368_luminal-Sca1-neg,exp5,p3,E05,125189.125,96501.85156,85018,139305.1094,95134.63281,95964,3155.666685,6441.382707,1.451247501,491.9165487,2.920738556,6967.687095,luminal,luminal-Sca1-neg
P108,N253,p3-F05-luminal-Sca1-neg-K4-F9724,P108T0369_luminal-Sca1-neg,exp5,p3,F05,241812.0625,93127.39063,170169,145757.7031,103580.2422,92222,10545.46665,29675.4817,68.45551252,454.8602938,682.9729709,22182.8711,luminal,luminal-Sca1-neg
P108,N253,p3-G05-luminal-Sca1-neg-K4-F9724,P108T0370_luminal-Sca1-neg,exp5,p3,G05,220540.1875,92978.50781,155448,90066.89844,87034.96875,67819,10739.03461,40327.76895,54.99784406,845.1175925,238.2773289,2297.907584,luminal,luminal-Sca1-neg
P108,N253,p3-H05-luminal-Sca1-neg-K4-F9724,P108T0371_luminal-Sca1-neg,exp5,p3,H05,239221.9219,93326.5625,167987,130102.5,89190.125,95598,20533.52428,51825.12981,330.5089042,505.7339138,502.1937307,42297.76176,luminal,luminal-Sca1-neg
P108,N253,p3-I05-luminal-Sca1-pos-K4-F9724,P108T0372_luminal-Sca1-pos,exp5,p3,I05,178959.7656,89684.46875,130773,218237.8125,98583.75781,145079,8763.920335,31088.00471,-109.6373261,1064.880716,4452.097637,714.557028,luminal,luminal-Sca1-pos
P108,N253,p3-J05-luminal-Sca1-pos-K4-F9724,P108T0373_luminal-Sca1-pos,exp5,p3,J05,118954.3594,103229.5625,75519,209641.2969,120368.0625,114142,30627.49299,68702.63614,-143.2719125,802.9995208,1354.197931,16168.93495,luminal,luminal-Sca1-pos
P108,N253,p3-K05-luminal-Sca1-pos-K4-F9724,P108T0374_luminal-Sca1-pos,exp5,p3,K05,165725.8438,85345.03906,127260,112424.4063,82975.89844,88795,2575.804872,4765.270696,72.05554019,3644.410481,1914.499609,2260.068508,luminal,luminal-Sca1-pos
P108,N253,p3-L05-luminal-Sca1-pos-K4-F9724,P108T0375_luminal-Sca1-pos,exp5,p3,L05,38023.01953,71286.09375,34956,13765.40039,65580.78906,13756,1693.442804,9341.019073,-61.30274197,70.15764966,1310.935958,82.67287758,luminal,luminal-Sca1-pos
P108,N253,p3-M05-luminal-Sca1-pos-K4-F9724,P108T0376_luminal-Sca1-pos,exp5,p3,M05,122639.1641,88568.98438,90746,156244,98235.77344,104235,39989.90746,76601.29101,-568.3889503,1610.155958,1615.606311,1663.843237,luminal,luminal-Sca1-pos
P108,N253,p3-N05-luminal-Sca1-pos-K4-F9724,P108T0377_luminal-Sca1-pos,exp5,p3,N05,,,,,,,,,,,,,luminal,luminal-Sca1-pos
P108,N253,p3-O05-luminal-Sca1-pos-K4-F9724,P108T0378_luminal-Sca1-pos,exp5,p3,O05,,,,,,,,,,,,,luminal,luminal-Sca1-pos
P108,N253,p3-A06-luminal-Sca1-neg-K4-F9724,P108T0379_luminal-Sca1-neg,exp5,p3,A06,240324.4219,92874.30469,169583,152861.5,94684.76563,105803,2435.404216,4409.927753,52.51224797,2126.419586,407.2961601,9376.198959,luminal,luminal-Sca1-neg
P108,N253,p3-B06-luminal-Sca1-neg-K4-F9724,P108T0380_luminal-Sca1-neg,exp5,p3,B06,193800.8906,87286.85156,145508,131008.9063,83046.85938,103385,2442.655157,8896.65536,5.615181651,1348.338019,226.5635824,1454.262005,luminal,luminal-Sca1-neg
P108,N253,p3-C06-luminal-Sca1-neg-K4-F9724,P108T0381_luminal-Sca1-neg,exp5,p3,C06,121174.0625,95513.32031,83143,102368.2031,92470.16406,72551,1576.381925,7261.644729,24.35761357,738.663089,62.39735094,2170.209992,luminal,luminal-Sca1-neg
P108,N253,p3-D06-luminal-Sca1-neg-K4-F9724,P108T0382_luminal-Sca1-neg,exp5,p3,D06,120639.9609,101318.1484,78034,162762.6094,104234.2344,102335,5092.107791,21776.17291,120.0368093,530.9520119,-60.11906144,17467.15661,luminal,luminal-Sca1-neg
P108,N253,p3-E06-luminal-Sca1-neg-K4-F9724,P108T0383_luminal-Sca1-neg,exp5,p3,E06,122780.2813,81295.32031,98979,116424,83708.6875,91149,7311.817097,17996.85224,2.991244444,1332.821877,327.5434597,8263.292434,luminal,luminal-Sca1-neg
P108,N253,p3-F06-luminal-Sca1-neg-K4-F9724,P108T0384_luminal-Sca1-neg,exp5,p3,F06,203305.9063,115100.9453,115758,178449.7031,118333.3047,98830,10668.45619,59125.1716,89.14148705,456.8751133,372.6042012,56537.26542,luminal,luminal-Sca1-neg
P108,N253,p3-G06-luminal-Sca1-neg-K4-F9724,P108T0385_luminal-Sca1-neg,exp5,p3,G06,173567.7969,89296.45313,127384,112622.4063,80501.07813,91686,3937.878136,7371.617576,97.17191187,2516.272233,675.1618157,7854.853381,luminal,luminal-Sca1-neg
P108,N253,p3-H06-luminal-Sca1-neg-K4-F9724,P108T0386_luminal-Sca1-neg,exp5,p3,H06,223195.9844,99250.03906,147379,169786.1094,95110.75781,116991,9324.338101,22344.50119,81.49489533,584.7804156,476.1079906,8791.094881,luminal,luminal-Sca1-neg
P108,N253,p3-I06-luminal-Sca1-pos-K4-F9724,P108T0387_luminal-Sca1-pos,exp5,p3,I06,199773,98138.94531,133406,172389.7969,99042.14844,114070,8288.618972,28105.74987,32.48556264,966.7186767,3112.043086,5111.712926,luminal,luminal-Sca1-pos
P108,N253,p3-J06-luminal-Sca1-pos-K4-F9724,P108T0388_luminal-Sca1-pos,exp5,p3,J06,156831.3594,88211.92188,116516,242872.3125,99753.57031,159562,9518.69876,30231.30664,-154.9949107,1113.052337,41644.11066,861.3006117,luminal,luminal-Sca1-pos
P108,N253,p3-K06-luminal-Sca1-pos-K4-F9724,P108T0389_luminal-Sca1-pos,exp5,p3,K06,169606.6406,110252.6328,100817,160409.7031,105217.6406,99913,24358.73198,62931.34873,-270.6611255,853.3113267,2326.418296,3300.828156,luminal,luminal-Sca1-pos
P108,N253,p3-L06-luminal-Sca1-pos-K4-F9724,P108T0390_luminal-Sca1-pos,exp5,p3,L06,127084.4453,88306.28125,94315,143456.5,105231.1953,89342,14212.53872,65492.98336,-285.9334798,673.9304941,4587.863849,32999.79568,luminal,luminal-Sca1-pos
P108,N253,p3-M06-luminal-Sca1-pos-K4-F9724,P108T0391_luminal-Sca1-pos,exp5,p3,M06,152306.7031,87601.44531,113943,185032.1094,90698.25781,133699,6786.088163,58266.48636,83.48070076,1917.950827,3165.260726,7741.079069,luminal,luminal-Sca1-pos
P108,N253,p3-N06-luminal-Sca1-pos-K4-F9724,P108T0392_luminal-Sca1-pos,exp5,p3,N06,,,,,,,,,,,,,luminal,luminal-Sca1-pos
P108,N253,p3-O06-luminal-Sca1-pos-K4-F9724,P108T0393_luminal-Sca1-pos,exp5,p3,O06,,,,,,,,,,,,,luminal,luminal-Sca1-pos
P108,N253,p3-A07-basal-Tspan8-neg-K4-F9724,P108T0394_basal-Tspan8-neg,exp5,p3,A07,176048.1875,91108.25781,126635,211297.9063,87126.47656,158937,14498.53998,1056.697581,237.6326713,3107.348457,362.5100726,848.6399814,basal,basal-Tspan8-neg
P108,N253,p3-B07-basal-Tspan8-neg-K4-F9724,P108T0395_basal-Tspan8-neg,exp5,p3,B07,228971.125,93977.46875,159675,149510.9063,87585.34375,111872,28857.92477,5762.53711,47.51308087,654.4977753,198.4241914,1069.65941,basal,basal-Tspan8-neg
P108,N253,p3-C07-basal-Tspan8-neg-K4-F9724,P108T0396_basal-Tspan8-neg,exp5,p3,C07,143747.375,88725.69531,106177,194538.2969,100646.2422,126674,33006.69434,3943.329381,86.72730933,674.7768757,345.2982822,749.8516745,basal,basal-Tspan8-pos
P108,N253,p3-D07-basal-Tspan8-neg-K4-F9724,P108T0397_basal-Tspan8-neg,exp5,p3,D07,194477.0781,95573.85156,133355,218007.9063,94155.65625,151742,74535.99869,2149.770187,359.7047923,1076.399304,495.1758781,606.7522109,basal,basal-Tspan8-neg
P108,N253,p3-E07-basal-Tspan8-neg-K4-F9724,P108T0398_basal-Tspan8-neg,exp5,p3,E07,118048.8438,81907.05469,94454,123956.8047,85440.86719,95079,36109.15283,2054.999849,144.652615,524.1658306,-21.26103028,524.9024569,basal,basal-Tspan8-pos
P108,N253,p3-F07-basal-Tspan8-neg-K4-F9724,P108T0399_basal-Tspan8-neg,exp5,p3,F07,208457.7656,96485.57031,141591,118885.8047,117358.2969,66389,71787.9505,3330.228313,369.0433604,1543.225854,522.0242371,959.3762174,basal,basal-Tspan8-pos
P108,N253,p3-G07-basal-Tspan8-neg-K4-F9724,P108T0400_basal-Tspan8-neg,exp5,p3,G07,188290.3438,90812.58594,135882,144607.1094,89946.76563,105362,7231.823556,2530.710737,164.1462159,1213.43497,194.2630193,778.6324274,basal,basal-Tspan8-neg
P108,N253,p3-H07-basal-Tspan8-neg-K4-F9724,P108T0401_basal-Tspan8-neg,exp5,p3,H07,152011.7188,91785.74219,108538,154159.5,95406.69531,105894,9335.44959,3468.089158,43.09812287,607.7617419,-126.0534247,1017.834234,basal,basal-Tspan8-neg
P108,N253,p3-I07-basal-Tspan8-pos-K4-F9724,P108T0402_basal-Tspan8-pos,exp5,p3,I07,200977.4219,91256.65625,144332,166183.6094,84486.67969,128908,21778.40046,7243.700787,150.4037794,1111.318319,-459.0252609,3309.904077,basal,basal-Tspan8-pos
P108,N253,p3-J07-basal-Tspan8-pos-K4-F9724,P108T0403_basal-Tspan8-pos,exp5,p3,J07,170334.7813,85253.89844,130939,132134.2031,84614.65625,102341,78996.79158,16181.13232,205.1969584,666.7278622,232.1574341,19766.66187,basal,basal-Tspan8-pos
P108,N253,p3-K07-basal-Tspan8-pos-K4-F9724,P108T0404_basal-Tspan8-pos,exp5,p3,K07,121172.1016,88917.52344,89309,160174.2969,86005.82031,122052,74702.8462,5779.134854,147.0414589,245.8103681,16.08194465,3363.064982,basal,basal-Tspan8-pos
P108,N253,p3-L07-basal-Tspan8-pos-K4-F9724,P108T0405_basal-Tspan8-pos,exp5,p3,L07,176665.5781,92778.77344,124791,173270.9063,94589.60938,120050,62099.74074,9035.356895,64.04975546,1597.402554,780.4575825,11140.68543,basal,basal-Tspan8-pos
P108,N253,p3-M07-basal-Tspan8-pos-K4-F9724,P108T0406_basal-Tspan8-pos,exp5,p3,M07,115150,83519.30469,90356,101168.1016,84259.82813,78687,19753.39674,1593.422845,50.2192023,953.7649332,361.4351954,28414.07288,basal,basal-Tspan8-pos
P108,N253,p3-N07-basal-Tspan8-pos-K4-F9724,P108T0407_basal-Tspan8-pos,exp5,p3,N07,85416.80469,89891.0625,62274,151858.2969,89142.9375,111643,102232.6493,8002.678239,97.44920028,1775.770871,1607.800508,4752.065528,basal,basal-Tspan8-pos
P108,N253,p3-A08-basal-Tspan8-neg-K4-F9724,P108T0408_basal-Tspan8-neg,exp5,p3,A08,189587.8594,94590.42188,131354,72591.20313,87991.28906,54066,9593.714409,2038.768345,76.59563625,659.5292976,21.30491145,288.9254455,basal,basal-Tspan8-neg
P108,N253,p3-B08-basal-Tspan8-neg-K4-F9724,P108T0409_basal-Tspan8-neg,exp5,p3,B08,183814.6875,90773.64063,132709,153620.5,86639.41406,116202,48035.61459,2393.490371,47.89927249,471.2986239,250.9427374,854.5601003,basal,basal-Tspan8-neg
P108,N253,p3-C08-basal-Tspan8-neg-K4-F9724,P108T0410_basal-Tspan8-neg,exp5,p3,C08,204307.4688,89675.19531,149311,228369.9063,89913.97656,166453,17061.98403,1084.087508,221.6296989,1510.547007,-126.3986607,1020.120963,basal,basal-Tspan8-pos
P108,N253,p3-D08-basal-Tspan8-neg-K4-F9724,P108T0411_basal-Tspan8-neg,exp5,p3,D08,128862.1641,96345.98438,87654,214118.2969,108741.6406,129044,88029.2646,4331.143995,276.4416599,340.4989297,339.5966621,783.7996722,basal,basal-Tspan8-neg
P108,N253,p3-E08-basal-Tspan8-neg-K4-F9724,P108T0412_basal-Tspan8-neg,exp5,p3,E08,162772.125,91233.91406,116924,158096.4063,85173.42188,121646,59158.29509,6368.982684,222.4417508,555.549678,441.1480745,1654.663284,basal,basal-Tspan8-pos
P108,N253,p3-F08-basal-Tspan8-neg-K4-F9724,P108T0413_basal-Tspan8-neg,exp5,p3,F08,142210.75,80048.82031,116428,72670.39844,71741.01563,66385,9282.532013,1428.534868,136.6567922,5193.28594,42.8699924,434.3773178,basal,basal-Tspan8-pos
P108,N253,p3-G08-basal-Tspan8-neg-K4-F9724,P108T0414_basal-Tspan8-neg,exp5,p3,G08,176620.5,85589.85938,135238,146506.7969,93122.32031,103106,68431.41552,6063.099782,226.639534,167.4837331,675.7286966,1414.090012,basal,basal-Tspan8-neg
P108,N253,p3-H08-basal-Tspan8-neg-K4-F9724,P108T0415_basal-Tspan8-neg,exp5,p3,H08,94107.44531,84407.8125,73067,151616.2969,82260.48438,120791,11906.721,4811.478804,86.8614643,781.0303879,273.208247,804.0374124,basal,basal-Tspan8-neg
P108,N253,p3-I08-basal-Tspan8-pos-K4-F9724,P108T0416_basal-Tspan8-pos,exp5,p3,I08,130059.7188,85855.8125,99278,121732.6016,83574.64063,95458,9732.888132,2690.487358,28.78698954,492.7667476,109.7927231,18332.16591,basal,basal-Tspan8-pos
P108,N253,p3-J08-basal-Tspan8-pos-K4-F9724,P108T0417_basal-Tspan8-pos,exp5,p3,J08,152459.5781,89856.47656,111195,142810.7969,109232.3672,85682,52070.28942,12838.47615,478.3744513,1804.599416,937.5264872,6272.02668,basal,basal-Tspan8-pos
P108,N253,p3-K08-basal-Tspan8-pos-K4-F9724,P108T0418_basal-Tspan8-pos,exp5,p3,K08,154841.9688,90344.125,112323,128372.2031,112333.6094,74893,73729.7654,24370.01324,40.97727362,206.4307673,694.1834402,13122.0497,basal,basal-Tspan8-pos
P108,N253,p3-L08-basal-Tspan8-pos-K4-F9724,P108T0419_basal-Tspan8-pos,exp5,p3,L08,111137.8828,93375.02344,78003,164367.5,85730.11719,125650,66499.94331,2088.082137,74.65600969,166.8995613,32.2083914,37091.55497,basal,basal-Tspan8-pos
P108,N253,p3-M08-basal-Tspan8-pos-K4-F9724,P108T0420_basal-Tspan8-pos,exp5,p3,M08,89801.32031,79150.28906,74355,128757.2031,83913.25,100559,46023.0232,5575.394368,50.46302417,796.9518639,218.8599365,3270.267,basal,basal-Tspan8-pos
P108,N253,p3-N08-basal-Tspan8-pos-K4-F9724,P108T0421_basal-Tspan8-pos,exp5,p3,N08,220669.5469,93048.00781,155423,134129.6094,92092.47656,95451,20931.23164,3881.485192,168.5520393,1691.267044,-339.8979413,10238.53311,basal,basal-Tspan8-pos
P108,N253,p3-A09-basal-Tspan8-neg-K4-F9724,P108T0422_basal-Tspan8-neg,exp5,p3,A09,150978.7969,88386.78125,111946,156671.9063,94040.74219,109183,7738.016997,1958.564458,325.0943794,752.2202653,86.89909924,667.2051526,basal,basal-Tspan8-neg
P108,N253,p3-B09-basal-Tspan8-neg-K4-F9724,P108T0423_basal-Tspan8-neg,exp5,p3,B09,135320.3594,87769.86719,101041,111426.7031,98567.35156,74086,38254.77213,1389.722086,166.0941639,403.737778,-127.4149768,430.7122036,basal,basal-Tspan8-neg
P108,N253,p3-C09-basal-Tspan8-neg-K4-F9724,P108T0424_basal-Tspan8-neg,exp5,p3,C09,142341.0781,80811.40625,115435,57184.60156,75774.39844,49458,14487.08097,3785.908989,150.3618833,4877.646396,-240.7323036,225.611472,basal,basal-Tspan8-pos
P108,N253,p3-D09-basal-Tspan8-neg-K4-F9724,P108T0425_basal-Tspan8-neg,exp5,p3,D09,153139.7031,81665.21094,122894,60546.20313,80052.375,49567,12202.80563,1754.903537,88.20353027,5884.338273,4430.344969,363.0107048,basal,basal-Tspan8-neg
P108,N253,p3-E09-basal-Tspan8-neg-K4-F9724,P108T0426_basal-Tspan8-neg,exp5,p3,E09,140705.4688,87549.00781,105327,144167.1094,88913.59375,106262,7386.860839,1849.188793,25.47155454,502.176707,48.68586864,389.6670866,basal,basal-Tspan8-pos
P108,N253,p3-F09-basal-Tspan8-neg-K4-F9724,P108T0427_basal-Tspan8-neg,exp5,p3,F09,167856.3594,95925.44531,114679,185859.2969,103072.375,118174,34292.87541,2718.87907,103.4914459,859.8059707,174.9261791,1129.702656,basal,basal-Tspan8-pos
P108,N253,p3-G09-basal-Tspan8-neg-K4-F9724,P108T0428_basal-Tspan8-neg,exp5,p3,G09,115016.7188,83772.17188,89979,132660,81122.74219,107171,39222.27814,4681.161416,123.2070962,482.0071706,-15.07121369,679.9025713,basal,basal-Tspan8-neg
P108,N253,p3-H09-basal-Tspan8-neg-K4-F9724,P108T0429_basal-Tspan8-neg,exp5,p3,H09,206784.9063,91577.73438,147982,140220.2969,92951.63281,98863,102606.2276,4642.002476,332.45469,838.4755356,240.1149819,842.9410776,basal,basal-Tspan8-neg
P108,N253,p3-I09-basal-Tspan8-pos-K4-F9724,P108T0430_basal-Tspan8-pos,exp5,p3,I09,105382.3438,85286.59375,80978,186840.5,98823.13281,123906,74921.14031,5935.416456,331.9543798,1106.82362,-164.4331123,4482.666282,basal,basal-Tspan8-pos
P108,N253,p3-J09-basal-Tspan8-pos-K4-F9724,P108T0431_basal-Tspan8-pos,exp5,p3,J09,147495.8906,104453.0156,92542,195994.7031,117737.6719,109096,117038.6165,28224.6654,343.6812414,711.1676445,634.2803849,3471.677139,basal,basal-Tspan8-pos
P108,N253,p3-K09-basal-Tspan8-pos-K4-F9724,P108T0432_basal-Tspan8-pos,exp5,p3,K09,197937.4688,105509.9922,122946,244662,131263,122153,50041.51248,14796.6788,75.7080775,820.1732017,531.1056373,4263.339645,basal,basal-Tspan8-pos
P108,N253,p3-L09-basal-Tspan8-pos-K4-F9724,P108T0433_basal-Tspan8-pos,exp5,p3,L09,112277.625,83223.73438,88415,107366.6016,89780.63281,78373,40665.47229,1836.136543,98.81167274,317.4826113,-53.34930754,19323.04511,basal,basal-Tspan8-pos
P108,N253,p3-M09-basal-Tspan8-pos-K4-F9724,P108T0434_basal-Tspan8-pos,exp5,p3,M09,112358.9609,104762.6484,70288,190137.2031,106283,117242,15715.26791,6797.657719,23.54085518,828.138631,1248.781629,103289.1178,basal,basal-Tspan8-pos
P108,N253,p3-N09-basal-Tspan8-pos-K4-F9724,P108T0435_basal-Tspan8-pos,exp5,p3,N09,212529.6719,88970.59375,156550,98100.20313,87928.86719,73117,12143.80471,6384.03857,-48.95644847,2366.775366,38.56886907,3264.099619,basal,basal-Tspan8-pos
P108,N253,p3-A10-basal-Tspan8-neg-K27-F9724,P108T0436_basal-Tspan8-neg,exp5,p3,A10,133561.2656,82743.96875,105785,127033.5,86140.96875,96647,47461.83268,2432.126939,346.4403505,127.584053,132.6515329,1323.005122,basal,basal-Tspan8-neg
P108,N253,p3-B10-basal-Tspan8-neg-K27-F9724,P108T0437_basal-Tspan8-neg,exp5,p3,B10,142125.4844,86490.51563,107692,133067,82686.33594,105467,56974.66453,10329.68162,167.9747267,584.1420341,1966.820973,760.6416919,basal,basal-Tspan8-neg
P108,N253,p3-C10-basal-Tspan8-neg-K27-F9724,P108T0438_basal-Tspan8-neg,exp5,p3,C10,214398.5313,93791.57813,149809,239912.2031,91874.70313,171134,20023.11271,3433.404301,522.8315093,4648.793341,1342.340871,1252.56332,basal,basal-Tspan8-pos
P108,N253,p3-D10-basal-Tspan8-neg-K27-F9724,P108T0439_basal-Tspan8-neg,exp5,p3,D10,104883.5234,83355.32813,82462,151165.2969,85505.63281,115861,30037.26849,1670.607987,116.9306077,1667.522255,186.561985,300.2975452,basal,basal-Tspan8-neg
P108,N253,p3-E10-basal-Tspan8-neg-K27-F9724,P108T0440_basal-Tspan8-neg,exp5,p3,E10,162542.7969,96395.75781,110507,164429.1094,93010.64063,115858,42287.12834,2804.171802,68.19217949,171.363882,80.74450019,1476.281022,basal,basal-Tspan8-pos
P108,N253,p3-F10-basal-Tspan8-neg-K27-F9724,P108T0441_basal-Tspan8-neg,exp5,p3,F10,166645.0781,90247.09375,121015,117506.4063,102275.0156,75296,22686.07982,4862.986252,147.980262,719.6667404,68.4746463,1574.984663,basal,basal-Tspan8-pos
P108,N253,p3-G10-basal-Tspan8-neg-K27-F9724,P108T0442_basal-Tspan8-neg,exp5,p3,G10,122042.3438,82794.1875,96603,113591.5,91742.25,81144,64897.15498,2868.30578,149.9861264,37.26095934,-46.41342275,1243.582015,basal,basal-Tspan8-neg
P108,N253,p3-H10-basal-Tspan8-neg-K27-F9724,P108T0443_basal-Tspan8-neg,exp5,p3,H10,193323.625,91560.30469,138375,136464.9063,84800.96875,105463,17524.58859,2027.064758,98.08705044,496.6124539,20.42925362,719.3473566,basal,basal-Tspan8-neg
P108,N253,p3-I10-basal-Tspan8-pos-K27-F9724,P108T0444_basal-Tspan8-pos,exp5,p3,I10,125857.4844,95218.375,86624,169716.7969,101925.8828,109124,25912.25125,3062.944603,144.3440816,541.0255666,148.3923519,4750.671168,basal,basal-Tspan8-pos
P108,N253,p3-J10-basal-Tspan8-pos-K27-F9724,P108T0445_basal-Tspan8-pos,exp5,p3,J10,193497.0781,89235.75,142107,147079.9063,95570.29688,100858,129469.9874,11776.61608,437.9365246,423.7337494,672.7198428,4263.979046,basal,basal-Tspan8-pos
P108,N253,p3-K10-basal-Tspan8-pos-K27-F9724,P108T0446_basal-Tspan8-pos,exp5,p3,K10,155093.8281,90189.97656,112698,163053,98465.24219,108524,15421.90919,4156.783329,108.2792979,1348.260242,-78.76991878,5893.984567,basal,basal-Tspan8-pos
P108,N253,p3-L10-basal-Tspan8-pos-K27-F9724,P108T0447_basal-Tspan8-pos,exp5,p3,L10,111759.2031,82783.28125,88475,95899.10156,77810.64844,80771,25397.29314,1307.341588,311.7601605,238.7562621,3.125859957,4298.067615,basal,basal-Tspan8-pos
P108,N253,p3-M10-basal-Tspan8-pos-K27-F9724,P108T0448_basal-Tspan8-pos,exp5,p3,M10,112351.125,81307.49219,90558,138327.2031,82608.83594,109739,30890.3407,1941.925799,66.73112812,48.83252811,501.0213997,12701.83169,basal,basal-Tspan8-pos
P108,N253,p3-N10-basal-Tspan8-pos-K27-F9724,P108T0449_basal-Tspan8-pos,exp5,p3,N10,87379.74219,77349.84375,74034,120914.2031,81590.50781,97122,10658.88264,1315.083963,63.8461197,46.42468418,314.7844228,26431.93713,basal,basal-Tspan8-pos
P108,N253,p3-A11-basal-Tspan8-neg-K27-F9724,P108T0450_basal-Tspan8-neg,exp5,p3,A11,172931.7813,93511.03906,121197,170581.4063,92318.5625,121094,7674.504434,2230.856188,110.8098742,907.804884,32.84902034,464.3088115,basal,basal-Tspan8-neg
P108,N253,p3-B11-basal-Tspan8-neg-K27-F9724,P108T0451_basal-Tspan8-neg,exp5,p3,B11,156590.2813,83634.60156,122704,49651.80078,80460.42969,40442,10490.48435,2083.008944,159.1881433,3236.200119,-42.4797241,1459.176693,basal,basal-Tspan8-neg
P108,N253,p3-C11-basal-Tspan8-neg-K27-F9724,P108T0452_basal-Tspan8-neg,exp5,p3,C11,134006.1875,85152.75781,103135,139279.7969,78014.39844,117002,11746.25688,1326.553016,155.5799532,4046.525529,2.824000326,998.8982369,basal,basal-Tspan8-pos
P108,N253,p3-D11-basal-Tspan8-neg-K27-F9724,P108T0453_basal-Tspan8-neg,exp5,p3,D11,178753.9688,87999.97656,133123,183879.2969,89797.34375,134199,7985.202727,1814.996446,98.41438661,3932.347379,568.5870485,855.1674525,basal,basal-Tspan8-neg
P108,N253,p3-E11-basal-Tspan8-neg-K27-F9724,P108T0454_basal-Tspan8-neg,exp5,p3,E11,136000.4844,86440.96094,103110,121137.5,85514.05469,92837,29684.61151,2064.739211,105.9425702,247.7966456,167.6206051,554.3509491,basal,basal-Tspan8-pos
P108,N253,p3-F11-basal-Tspan8-neg-K27-F9724,P108T0455_basal-Tspan8-neg,exp5,p3,F11,108829.9844,83229.65625,85694,153150.7969,85715.79688,117095,47820.47588,1566.280257,299.0687965,283.9851033,9.902755949,1089.595652,basal,basal-Tspan8-pos
P108,N253,p3-G11-basal-Tspan8-neg-K27-F9724,P108T0456_basal-Tspan8-neg,exp5,p3,G11,92955.94531,76486.04688,79648,70150.30469,74870.86719,61404,25029.97985,1930.061965,163.136621,297.3039244,61.89189708,270.505702,basal,basal-Tspan8-neg
P108,N253,p3-H11-basal-Tspan8-neg-K27-F9724,P108T0457_basal-Tspan8-neg,exp5,p3,H11,182023.25,91380.4375,130543,240483.1094,86232.13281,182766,9129.154776,1524.323859,164.9600677,5247.870397,220.8628847,1233.98104,basal,basal-Tspan8-neg
P108,N253,p3-I11-basal-Tspan8-pos-K27-F9724,P108T0458_basal-Tspan8-pos,exp5,p3,I11,130941.7188,83123.25781,103237,157973.2031,82396.96875,125647,22105.41319,6511.876214,244.0239654,239.1921287,264.0967815,41988.20599,basal,basal-Tspan8-pos
P108,N253,p3-J11-basal-Tspan8-pos-K27-F9724,P108T0459_basal-Tspan8-pos,exp5,p3,J11,209265.2813,92523.02344,148227,109225.6016,94136.17969,76041,37156.04227,25288.96225,334.4274291,875.9829497,3088.741923,9809.862939,basal,basal-Tspan8-pos
P108,N253,p3-K11-basal-Tspan8-pos-K27-F9724,P108T0460_basal-Tspan8-pos,exp5,p3,K11,118498.6641,85316.4375,91025,132617.1094,91604.875,94877,61410.15703,5462.715431,104.0132061,2138.283165,2727.133106,12068.856,basal,basal-Tspan8-pos
P108,N253,p3-L11-basal-Tspan8-pos-K27-F9724,P108T0461_basal-Tspan8-pos,exp5,p3,L11,127383.3438,82210.16406,101547,123167,84942.9375,95027,7163.853484,4358.603336,302.7085074,559.5055415,525.2083844,12404.6497,basal,basal-Tspan8-pos
P108,N253,p3-M11-basal-Tspan8-pos-K27-F9724,P108T0462_basal-Tspan8-pos,exp5,p3,M11,128229.0859,86165.35156,97529,157884.1094,92536.78125,111816,80601.2408,7089.263081,130.793426,86.90747031,377.9633822,5097.0637,basal,basal-Tspan8-pos
P108,N253,p3-N11-basal-Tspan8-pos-K27-F9724,P108T0463_basal-Tspan8-pos,exp5,p3,N11,220760.6875,93664.96875,154463,156630.1094,91290.71875,112442,11340.82755,3666.254185,141.5112227,3242.868725,4429.849352,4638.424114,basal,basal-Tspan8-pos
P108,N253,p3-O11-basal-Tspan8-pos-K27-F9724,P108T0464_basal-Tspan8-pos,exp5,p3,O11,,,,,,,,,,,,,basal,basal-Tspan8-pos
P108,N253,p3-A12-basal-Tspan8-neg-K27-F9724,P108T0465_basal-Tspan8-neg,exp5,p3,A12,122719.5234,88442.8125,90935,166163.7969,80420.28125,135410,45532.26303,3110.81299,237.2109883,678.4114657,63.04839929,795.1188719,basal,basal-Tspan8-neg
P108,N253,p3-B12-basal-Tspan8-neg-K27-F9724,P108T0466_basal-Tspan8-neg,exp5,p3,B12,142880.0781,89972.41406,104074,216157.7031,90765.35156,156074,8363.058343,2140.210328,356.6042563,589.3383998,-71.93892213,637.6687818,basal,basal-Tspan8-neg
P108,N253,p3-C12-basal-Tspan8-neg-K27-F9724,P108T0467_basal-Tspan8-neg,exp5,p3,C12,138451.4688,90131.67969,100670,209587.4063,92039.53906,149235,25668.20249,2173.634877,294.5754244,946.5285957,730.2872424,997.9260614,basal,basal-Tspan8-neg
P108,N253,p3-D12-basal-Tspan8-neg-K27-F9724,P108T0468_basal-Tspan8-neg,exp5,p3,D12,138052.6094,80362.17969,112583,46972.19922,76646.91406,40163,12778.53905,2050.060954,94.53244225,6935.248652,296.3176402,779.5637269,basal,basal-Tspan8-neg
P108,N253,p3-E12-basal-Tspan8-neg-K27-F9724,P108T0469_basal-Tspan8-neg,exp5,p3,E12,194238.9375,93075.40625,136767,235230.6094,92758.39063,166196,18005.50016,1235.716307,198.5123079,4201.667625,-282.3879565,1549.585311,basal,basal-Tspan8-neg
P108,N253,p3-F12-basal-Tspan8-neg-K27-F9724,P108T0470_basal-Tspan8-neg,exp5,p3,F12,210570.6406,90883.67188,151842,123636.7031,90786.04688,89250,19314.31665,1913.940737,260.9932388,4392.48687,282.3024409,1406.673679,basal,basal-Tspan8-neg
P108,N253,p3-G12-basal-Tspan8-neg-K27-F9724,P108T0471_basal-Tspan8-neg,exp5,p3,G12,227135.5781,100130.8906,148661,151976,112916.3438,88206,26089.98512,1200.537879,229.9844746,986.699554,-166.3192824,445.8533696,basal,basal-Tspan8-neg
P108,N253,p3-H12-basal-Tspan8-neg-K27-F9724,P108T0472_basal-Tspan8-neg,exp5,p3,H12,179988.7656,99550.54688,118490,121137.5,101462.9453,78244,87474.72906,5534.973508,223.8828562,168.0549814,23.90659785,521.2153965,basal,basal-Tspan8-neg
P108,N253,p3-I12-basal-Tspan8-pos-K27-F9724,P108T0473_basal-Tspan8-pos,exp5,p3,I12,137945.7813,81442.25,111004,115049,78356.46094,96225,64055.15621,7004.536383,199.4011044,1605.627488,491.2292746,7293.695494,basal,basal-Tspan8-pos
P108,N253,p3-J12-basal-Tspan8-pos-K27-F9724,P108T0474_basal-Tspan8-pos,exp5,p3,J12,164934,95012.65625,113765,167926,102037.9219,107854,12953.22275,1968.232975,240.1417453,1091.274822,170.5478789,4904.078239,basal,basal-Tspan8-pos
P108,N253,p3-K12-basal-Tspan8-pos-K27-F9724,P108T0475_basal-Tspan8-pos,exp5,p3,K12,122113.8828,87393.17969,91573,127999.3047,101825.1797,82382,55679.52083,16408.0404,-58.49027655,979.7895199,27.14021409,8254.34907,basal,basal-Tspan8-pos
P108,N253,p4-A01-luminal-Sca1-neg-K4-F9717,P108T0476_luminal-Sca1-neg,exp5,p4,A01,138297.6094,83216.01563,108915,133982.2031,85840.82031,102290,1004.288438,7523.110483,78.45216166,1087.158408,338.3885003,3564.953493,luminal,luminal-Sca1-neg
P108,N253,p4-B01-luminal-Sca1-neg-K4-F9717,P108T0477_luminal-Sca1-neg,exp5,p4,B01,120629.1797,81508.10938,96991,143325.6094,92711.64844,101314,4555.152346,12158.75644,141.672689,1082.972565,457.6841933,2787.904934,luminal,luminal-Sca1-neg
P108,N253,p4-C01-luminal-Sca1-neg-K4-F9717,P108T0478_luminal-Sca1-neg,exp5,p4,C01,189946.5469,90930.14844,136900,169956.6094,85306.97656,130567,8874.647578,72311.7125,125.5290176,1190.485685,260.7761603,9962.106095,luminal,luminal-Sca1-neg
P108,N253,p4-D01-luminal-Sca1-neg-K4-F9717,P108T0479_luminal-Sca1-neg,exp5,p4,D01,104681.6406,111141.25,61727,116911.3047,91295.6875,83924,4022.482175,17496.87041,350.9180768,1400.258435,524.7319363,3515.318643,luminal,luminal-Sca1-neg
P108,N253,p4-E01-luminal-Sca1-neg-K4-F9717,P108T0480_luminal-Sca1-neg,exp5,p4,E01,124149.3438,80395.35938,101203,102597,80066.17188,83978,6084.136285,28282.76205,99.85813828,536.6515064,776.2977841,15372.84211,luminal,luminal-Sca1-neg
P108,N253,p4-F01-luminal-Sca1-neg-K4-F9717,P108T0481_luminal-Sca1-neg,exp5,p4,F01,203943.8906,86838.53906,153914,106090.6016,85052.09375,81747,3985.218654,24825.67281,36.77444074,893.7923529,327.7118133,10672.05594,luminal,luminal-Sca1-neg
P108,N253,p4-G01-luminal-Sca1-neg-K4-F9717,P108T0482_luminal-Sca1-neg,exp5,p4,G01,216464.3594,91662.89844,154765,140474.4063,89506.78125,102854,1284.81397,7134.807736,-19.61391581,1447.973671,556.7764824,4045.522212,luminal,luminal-Sca1-neg
P108,N253,p4-H01-luminal-Sca1-neg-K4-F9717,P108T0483_luminal-Sca1-neg,exp5,p4,H01,146006.2813,103357.9063,92578,233117.5,97853.59375,156127,2815.743674,5271.221409,46.35096072,5464.504267,240.1097621,1200.188034,luminal,luminal-Sca1-neg
P108,N253,p4-I01-luminal-Sca1-pos-K4-F9717,P108T0484_luminal-Sca1-pos,exp5,p4,I01,144119.7813,88377.07031,106872,139749.5,87676.72656,104459,27592.94531,94050.04868,357.8824654,1644.320666,2313.415687,27744.23585,luminal,luminal-Sca1-pos
P108,N253,p4-J01-luminal-Sca1-pos-K4-F9717,P108T0485_luminal-Sca1-pos,exp5,p4,J01,169479.25,85584.5625,129778,186272.9063,84389.26563,144658,26813.24785,62101.61622,13.18782947,247.3699506,2619.600892,77015.32388,luminal,luminal-Sca1-pos
P108,N253,p4-K01-luminal-Sca1-pos-K4-F9717,P108T0486_luminal-Sca1-pos,exp5,p4,K01,227713.7813,97862.53906,152494,160873.9063,91856.66406,114777,24229.80376,90611.11106,-53.94111622,1064.803258,10722.14384,17673.35629,luminal,luminal-Sca1-pos
P108,N253,p4-L01-luminal-Sca1-pos-K4-F9717,P108T0487_luminal-Sca1-pos,exp5,p4,L01,203530.3281,103043.4609,129446,230552.3125,110888.7266,136258,6812.345983,52253.1598,-37.63141003,1152.441507,27010.39697,2526.632832,luminal,luminal-Sca1-pos
P108,N253,p4-M01-luminal-Sca1-pos-K4-F9717,P108T0488_luminal-Sca1-pos,exp5,p4,M01,193065.8906,97576.66406,129670,211269.2969,100211.6641,138165,8786.775821,43721.16415,40.1682923,1324.583623,24588.79736,1047.294133,luminal,luminal-Sca1-pos
P108,N253,p4-N01-luminal-Sca1-pos-K4-F9717,P108T0489_luminal-Sca1-pos,exp5,p4,N01,174004.8906,86715.32031,131506,134741.2031,84990.22656,103899,18364.77342,63294.41425,-14.02243304,973.7999996,2256.485067,29842.08366,luminal,luminal-Sca1-pos
P108,N253,p4-O01-luminal-Sca1-pos-K4-F9717,P108T0490_luminal-Sca1-pos,exp5,p4,O01,187220.1875,87462.39063,140285,157550.7969,88629.50781,116499,12206.75924,58727.39805,94.61829652,1343.079662,6558.914986,11210.74624,luminal,luminal-Sca1-pos
P108,N253,p4-P01-luminal-Sca1-pos-K4-F9717,P108T0491_luminal-Sca1-pos,exp5,p4,P01,204527.9688,92321.9375,145187,108460,104044.8828,68317,10980.93777,47769.00731,45.27982257,894.7058411,1727.182439,42276.06164,luminal,luminal-Sca1-pos
P108,N253,p4-A02-luminal-Sca1-neg-K4-F9717,P108T0492_luminal-Sca1-neg,exp5,p4,A02,117226.625,82877.35156,92698,120387.3047,84515.625,93352,13031.71869,64450.18669,301.7606529,443.2615954,540.5986057,39629.03766,luminal,luminal-Sca1-neg
P108,N253,p4-B02-luminal-Sca1-neg-K4-F9717,P108T0493_luminal-Sca1-neg,exp5,p4,B02,159501.8594,82948.71094,126019,57306.70313,77389.85938,48529,5924.813893,28062.23561,41.78953374,126.7666153,774.9524797,34042.37092,luminal,luminal-Sca1-neg
P108,N253,p4-C02-luminal-Sca1-neg-K4-F9717,P108T0494_luminal-Sca1-neg,exp5,p4,C02,39972.24219,71109.98438,36839,15909.30078,65926.78125,15815,4532.021907,20338.08079,63.90743345,380.1038512,255.0799645,17289.53822,luminal,luminal-Sca1-neg
P108,N253,p4-D02-luminal-Sca1-neg-K4-F9717,P108T0495_luminal-Sca1-neg,exp5,p4,D02,158258.25,82876.77344,125145,84664.80469,83744.75781,66256,3762.538744,16782.05002,3.196920585,801.9355502,453.5519304,4229.479297,luminal,luminal-Sca1-neg
P108,N253,p4-E02-luminal-Sca1-neg-K4-F9717,P108T0496_luminal-Sca1-neg,exp5,p4,E02,166183.5,84013.47656,129634,77291.5,80801.67188,62689,1828.466627,6285.78636,-58.61908349,1821.428674,680.2478214,1464.907556,luminal,luminal-Sca1-neg
P108,N253,p4-F02-luminal-Sca1-neg-K4-F9717,P108T0497_luminal-Sca1-neg,exp5,p4,F02,106715.1406,98444.35156,71042,167368.2969,97146.78125,112908,890.5779998,11195.3044,67.01663518,1947.453811,326.1475951,3713.157294,luminal,luminal-Sca1-neg
P108,N253,p4-G02-luminal-Sca1-neg-K4-F9717,P108T0498_luminal-Sca1-neg,exp5,p4,G02,149477.4375,87012.72656,112583,86482,87714.6875,64615,7036.211816,25708.02698,61.98820576,694.6929057,311.3931024,13976.53836,luminal,luminal-Sca1-neg
P108,N253,p4-H02-luminal-Sca1-neg-K4-F9717,P108T0499_luminal-Sca1-neg,exp5,p4,H02,114800.1406,79821.99219,94254,72829.89844,75672.70313,63074,1852.099366,12249.46663,6.271494809,239.8278851,186.6944974,6357.753745,luminal,luminal-Sca1-neg
P108,N253,p4-I02-luminal-Sca1-pos-K4-F9717,P108T0500_luminal-Sca1-pos,exp5,p4,I02,158237.6563,88488.75781,117193,59665.10156,82964.75781,47131,3198.705104,8814.30649,-27.35720322,3642.352021,4202.714149,501.2443355,luminal,luminal-Sca1-pos
P108,N253,p4-J02-luminal-Sca1-pos-K4-F9717,P108T0501_luminal-Sca1-pos,exp5,p4,J02,169329.2969,88755.3125,125031,148633.1094,89955.39063,108285,33111.8173,107766.5606,213.7512624,1192.592104,2419.652396,42530.59367,luminal,luminal-Sca1-pos
P108,N253,p4-K02-luminal-Sca1-pos-K4-F9717,P108T0502_luminal-Sca1-pos,exp5,p4,K02,224722.8281,93581.79688,157375,205729.7031,90449.69531,149063,13987.86755,44348.13188,76.82498708,2490.584617,41520.9791,1494.021696,luminal,luminal-Sca1-pos
P108,N253,p4-L02-luminal-Sca1-pos-K4-F9717,P108T0503_luminal-Sca1-pos,exp5,p4,L02,230292.1719,96467.44531,156451,193762.7969,88132.80469,144083,13490.78865,40987.73583,33.2373318,483.0974335,3510.566412,27235.03853,luminal,luminal-Sca1-pos
P108,N253,p4-M02-luminal-Sca1-pos-K4-F9717,P108T0504_luminal-Sca1-pos,exp5,p4,M02,54810.42188,75479.21875,47590,13469.5,71131.11719,12410,8669.401846,24110.35056,88.01847943,40.52837359,9469.635466,288.0817747,luminal,luminal-Sca1-pos
P108,N253,p4-N02-luminal-Sca1-pos-K4-F9717,P108T0505_luminal-Sca1-pos,exp5,p4,N02,237410.8906,98077.15625,158640,161577.9063,114973.4375,92101,20335.2985,91973.54939,115.3101247,193.4735507,2907.431179,51604.02682,luminal,luminal-Sca1-pos
P108,N253,p4-O02-luminal-Sca1-pos-K4-F9717,P108T0506_luminal-Sca1-pos,exp5,p4,O02,226397.6406,99113.53125,149699,163047.5,94143.54688,113502,18244.16538,81534.42754,91.50414462,204.7043105,3995.703083,77202.685,luminal,luminal-Sca1-pos
P108,N253,p4-P02-luminal-Sca1-pos-K4-F9717,P108T0507_luminal-Sca1-pos,exp5,p4,P02,239644.2969,92566.15625,169666,171666,93819.77344,119914,30738.93049,92034.48516,-141.8846657,1305.137634,2474.207631,27265.54398,luminal,luminal-Sca1-pos
P108,N253,p4-A03-luminal-Sca1-neg-K4-F9717,P108T0508_luminal-Sca1-neg,exp5,p4,A03,197619.9375,88571.70313,146223,178094.4063,90944.89844,128337,12362.76421,72111.21806,121.1599027,524.6232019,593.2497421,20409.87017,luminal,luminal-Sca1-neg
P108,N253,p4-B03-luminal-Sca1-neg-K4-F9717,P108T0509_luminal-Sca1-neg,exp5,p4,B03,237894.0313,102737.5078,151752,157917.1094,86188.5,120077,6711.738524,30811.43816,132.6625749,1526.895717,273.3947242,20401.96315,luminal,luminal-Sca1-neg
P108,N253,p4-C03-luminal-Sca1-neg-K4-F9717,P108T0510_luminal-Sca1-neg,exp5,p4,C03,177716.1406,89377.67969,130310,213175.6094,75156.82031,185887,6487.505468,51429.2253,195.8657499,1900.537422,218.9990347,13336.34803,luminal,luminal-Sca1-neg
P108,N253,p4-D03-luminal-Sca1-neg-K4-F9717,P108T0511_luminal-Sca1-neg,exp5,p4,D03,154651.8438,87437.78906,115914,224727.8125,87922.21875,167509,9619.941491,40039.84981,299.6740052,1737.701319,375.6858992,23469.99786,luminal,luminal-Sca1-neg
P108,N253,p4-E03-luminal-Sca1-neg-K4-F9717,P108T0512_luminal-Sca1-neg,exp5,p4,E03,117037.4844,82698.13281,92749,136449.5,83661.75781,106887,3516.231707,26683.52297,352.8336177,937.6458801,237.2651072,14666.82575,luminal,luminal-Sca1-neg
P108,N253,p4-F03-luminal-Sca1-neg-K4-F9717,P108T0513_luminal-Sca1-neg,exp5,p4,F03,211475.1875,88678.125,156287,159137,89681.9375,116291,18574.17018,87922.18124,244.3585874,1005.36906,768.4307964,18883.2156,luminal,luminal-Sca1-neg
P108,N253,p4-G03-luminal-Sca1-neg-K4-F9717,P108T0514_luminal-Sca1-neg,exp5,p4,G03,228815.2969,93944.69531,159622,215490,85553.21094,165071,24418.35933,82758.53273,159.7140195,338.221206,401.1957661,59892.97787,luminal,luminal-Sca1-neg
P108,N253,p4-H03-luminal-Sca1-neg-K4-F9717,P108T0515_luminal-Sca1-neg,exp5,p4,H03,138750.3594,80937.30469,112348,60087.5,76154.91406,51709,5827.755877,16675.32475,10.99521759,3400.061525,528.1427239,375.2995821,luminal,luminal-Sca1-neg
P108,N253,p4-I03-luminal-Sca1-pos-K4-F9717,P108T0516_luminal-Sca1-pos,exp5,p4,I03,161272.7188,98001.51563,107847,156137.2969,90819.33594,112670,5251.520332,35452.51218,287.3717786,3125.519125,4878.735533,4792.616967,luminal,luminal-Sca1-pos
P108,N253,p4-J03-luminal-Sca1-pos-K4-F9717,P108T0517_luminal-Sca1-pos,exp5,p4,J03,177930.7656,98352.51563,118562,247787.1094,107857.8906,150559,7248.177459,40567.64316,99.72405332,1466.855971,33512.57514,852.9560649,luminal,luminal-Sca1-pos
P108,N253,p4-K03-luminal-Sca1-pos-K4-F9717,P108T0518_luminal-Sca1-pos,exp5,p4,K03,98944.71875,81399.42969,79662,196409.4063,76558.67969,168131,2434.242685,18197.2253,71.59188456,769.5948859,2688.795876,2385.290456,luminal,luminal-Sca1-pos
P108,N253,p4-L03-luminal-Sca1-pos-K4-F9717,P108T0519_luminal-Sca1-pos,exp5,p4,L03,170193.6563,86112.53906,129526,136921.4063,86788.9375,103392,22068.42789,90864.88117,95.48236314,1120.998018,2724.620389,40316.7704,luminal,luminal-Sca1-pos
P108,N253,p4-M03-luminal-Sca1-pos-K4-F9717,P108T0520_luminal-Sca1-pos,exp5,p4,M03,151541.3281,90627.48438,109585,130297.2031,86845.36719,98326,11750.17368,63301.08152,247.4587124,286.7089758,3838.345415,43111.91183,luminal,luminal-Sca1-pos
P108,N253,p4-N03-luminal-Sca1-pos-K4-F9717,P108T0521_luminal-Sca1-pos,exp5,p4,N03,193907.7031,94094.51563,135055,150800.1094,100319.1016,98514,21927.50326,78975.38524,280.4451714,704.1007112,2322.700369,58136.68116,luminal,luminal-Sca1-pos
P108,N253,p4-O03-luminal-Sca1-pos-K4-F9717,P108T0522_luminal-Sca1-pos,exp5,p4,O03,181467.5781,94013.10938,126500,184534.9063,97342.05469,124239,7471.806579,29373.18429,26.73024213,1120.916788,25264.05859,1404.381975,luminal,luminal-Sca1-pos
P108,N253,p4-P03-luminal-Sca1-pos-K4-F9717,P108T0523_luminal-Sca1-pos,exp5,p4,P03,233105.75,93238.88281,163846,154863.5,89113.49219,113890,5385.185824,63539.36966,1.422874482,528.1653024,1528.255578,26823.67149,luminal,luminal-Sca1-pos
P108,N253,p4-A04-luminal-Sca1-neg-K27-F9717,P108T0524_luminal-Sca1-neg,exp5,p4,A04,120999.625,81362.48438,97463,83354.70313,86590.49219,63087,5874.704703,26331.24984,110.0671979,352.5067944,476.2869658,9707.282469,luminal,luminal-Sca1-neg
P108,N253,p4-B04-luminal-Sca1-neg-K27-F9717,P108T0525_luminal-Sca1-neg,exp5,p4,B04,183505,99467.22656,120906,223451.8125,104760.3672,139787,19743.7166,51806.89271,171.1318147,986.1244514,833.1972599,27018.73297,luminal,luminal-Sca1-neg
P108,N253,p4-C04-luminal-Sca1-neg-K27-F9717,P108T0526_luminal-Sca1-neg,exp5,p4,C04,157443.8594,89348.57813,115483,135203.2031,92465.34375,95827,14403.04818,35801.19861,191.3640377,1031.119385,702.9743341,46308.82351,luminal,luminal-Sca1-neg
P108,N253,p4-D04-luminal-Sca1-neg-K27-F9717,P108T0527_luminal-Sca1-neg,exp5,p4,D04,55958,82058.21094,44691,17719.90039,77367.85156,15010,4760.075474,31212.72606,102.0701792,410.9118865,701.3693622,150.3995934,luminal,luminal-Sca1-neg
P108,N253,p4-E04-luminal-Sca1-neg-K27-F9717,P108T0528_luminal-Sca1-neg,exp5,p4,E04,189390.8906,85806.57813,144650,133112.1094,83695.21094,104231,12103.80135,45336.78987,249.7753334,1537.890341,423.5807199,35295.23712,luminal,luminal-Sca1-neg
P108,N253,p4-F04-luminal-Sca1-neg-K27-F9717,P108T0529_luminal-Sca1-neg,exp5,p4,F04,173184.625,87711.875,129399,145440.9063,86323.79688,110417,6977.385639,33072.19279,27.05340288,1231.930793,404.8766868,16338.36685,luminal,luminal-Sca1-neg
P108,N253,p4-G04-luminal-Sca1-neg-K27-F9717,P108T0530_luminal-Sca1-neg,exp5,p4,G04,109073.0234,112105.9219,63763,189294.6094,115483.7578,107423,2111.655237,6624.777707,3.961397728,2857.706195,65.46137635,946.6037332,luminal,luminal-Sca1-neg
P108,N253,p4-H04-luminal-Sca1-neg-K27-F9717,P108T0531_luminal-Sca1-neg,exp5,p4,H04,227192.4219,95642.76563,155676,182900.2969,94848.35156,126376,11336.33525,47660.40374,100.3145457,1592.393543,875.6505986,12379.81875,luminal,luminal-Sca1-neg
P108,N253,p4-I04-luminal-Sca1-pos-K27-F9717,P108T0532_luminal-Sca1-pos,exp5,p4,I04,163632.5625,101988.875,105147,226068.7031,95573.05469,155019,17239.81035,65614.19512,-22.43190356,1535.831132,40575.00654,1340.902711,luminal,luminal-Sca1-pos
P108,N253,p4-J04-luminal-Sca1-pos-K27-F9717,P108T0533_luminal-Sca1-pos,exp5,p4,J04,214959.0781,94018.59375,149838,174152,88498.625,128965,11993.44191,65680.24736,31.46251195,858.4834744,2975.988569,54892.19928,luminal,luminal-Sca1-pos
P108,N253,p4-K04-luminal-Sca1-pos-K27-F9717,P108T0534_luminal-Sca1-pos,exp5,p4,K04,155725.9219,89987.42969,113412,179105.2969,94681.42188,123972,10173.29136,52775.30391,-16.37002172,943.4567794,5042.828851,30338.2226,luminal,luminal-Sca1-pos
P108,N253,p4-L04-luminal-Sca1-pos-K27-F9717,P108T0535_luminal-Sca1-pos,exp5,p4,L04,138043.7813,94863.39844,95367,108269.7031,94276.91406,75263,19449.74405,61585.86365,275.4073046,528.7069888,1869.079364,11277.23754,luminal,luminal-Sca1-pos
P108,N253,p4-M04-luminal-Sca1-pos-K27-F9717,P108T0536_luminal-Sca1-pos,exp5,p4,M04,180454.2656,89715.16406,131820,146036,85643.85938,111749,20954.20614,58029.35758,201.3278503,589.1908331,9083.871605,42400.00032,luminal,luminal-Sca1-pos
P108,N253,p4-N04-luminal-Sca1-pos-K27-F9717,P108T0537_luminal-Sca1-pos,exp5,p4,N04,176775.3438,89805.96875,129002,192603.4063,87276.54688,144626,10524.2885,56906.90029,86.03510232,1094.9091,1346.837579,14969.55248,luminal,luminal-Sca1-pos
P108,N253,p4-O04-luminal-Sca1-pos-K27-F9717,P108T0538_luminal-Sca1-pos,exp5,p4,O04,98311.64063,96307.20313,66900,168928.1094,93936.39063,117855,12209.2989,41063.52204,160.912047,1182.20025,3097.43399,40242.87358,luminal,luminal-Sca1-pos
P108,N253,p4-P04-luminal-Sca1-pos-K27-F9717,P108T0539_luminal-Sca1-pos,exp5,p4,P04,217265.0313,108588.6016,131125,211450.7969,116977.6406,118464,32100.18694,92218.01275,229.7166543,2023.431336,3466.652065,54080.8575,luminal,luminal-Sca1-pos
P108,N253,p4-A05-luminal-Sca1-neg-K27-F9717,P108T0540_luminal-Sca1-neg,exp5,p4,A05,46634.28125,71390.42969,42810,27948.80078,65404.48438,28005,1922.075689,10038.95632,59.26963934,289.0020681,138.5527895,5564.723656,luminal,luminal-Sca1-neg
P108,N253,p4-B05-luminal-Sca1-neg-K27-F9717,P108T0541_luminal-Sca1-neg,exp5,p4,B05,187057.5,100844.8359,121563,241987.9063,92014.17188,172353,2093.653053,17128.84412,69.66897483,2240.722261,769.426615,1035.121774,luminal,luminal-Sca1-neg
P108,N253,p4-C05-luminal-Sca1-neg-K27-F9717,P108T0542_luminal-Sca1-neg,exp5,p4,C05,139598.0625,99852.64844,91622,198214.5,100862.5156,128791,2230.707436,10164.26286,137.9009647,3878.222689,-26.78689775,381.8544483,luminal,luminal-Sca1-neg
P108,N253,p4-D05-luminal-Sca1-neg-K27-F9717,P108T0543_luminal-Sca1-neg,exp5,p4,D05,134245.2969,88444.21875,99474,162639.4063,92416.25,115334,2716.58826,18485.71835,331.4463342,8294.175878,770.1943208,11808.48748,luminal,luminal-Sca1-neg
P108,N253,p4-E05-luminal-Sca1-neg-K27-F9717,P108T0544_luminal-Sca1-neg,exp5,p4,E05,81100.88281,88348.20313,60160,134664.2031,94248.69531,93639,4824.501437,23699.52136,102.6629597,669.6416,127.1551471,14572.88476,luminal,luminal-Sca1-neg
P108,N253,p4-F05-luminal-Sca1-neg-K27-F9717,P108T0545_luminal-Sca1-neg,exp5,p4,F05,127690.0859,85118.0625,98314,173384.2031,80449.90625,141242,2828.721712,32022.93032,148.2083334,1086.244964,402.0812136,12614.31455,luminal,luminal-Sca1-neg
P108,N253,p4-G05-luminal-Sca1-neg-K27-F9717,P108T0546_luminal-Sca1-neg,exp5,p4,G05,149695.9844,88747.25781,110544,140175.2031,88810.14844,103440,8540.665422,36219.99467,63.81827653,416.3292864,552.2041445,35295.26893,luminal,luminal-Sca1-neg
P108,N253,p4-H05-luminal-Sca1-neg-K27-F9717,P108T0547_luminal-Sca1-neg,exp5,p4,H05,229257.2813,101190.1094,148479,234218.6094,97802.75781,156946,9963.656603,43214.76718,14.34549342,447.6474996,459.1417705,73178.92097,luminal,luminal-Sca1-neg
P108,N253,p4-I05-luminal-Sca1-pos-K27-F9717,P108T0548_luminal-Sca1-pos,exp5,p4,I05,219394.5625,90042.96094,159682,198195.7969,89333.21875,145399,15223.28574,61765.065,-11.90808478,199.6288045,2048.356989,59840.82962,luminal,luminal-Sca1-pos
P108,N253,p4-J05-luminal-Sca1-pos-K27-F9717,P108T0549_luminal-Sca1-pos,exp5,p4,J05,161031.6406,94868.57031,111242,173241.2031,95476.85938,118914,18427.99989,58339.27238,609.4171627,118.5559923,1475.532959,35109.53982,luminal,luminal-Sca1-pos
P108,N253,p4-K05-luminal-Sca1-pos-K27-F9717,P108T0550_luminal-Sca1-pos,exp5,p4,K05,224410.2031,104804.8359,140327,184564.6094,123971.2422,97568,15083.6545,86856.68462,-116.9470647,290.8908873,1656.607172,56280.91096,luminal,luminal-Sca1-pos
P108,N253,p4-L05-luminal-Sca1-pos-K27-F9717,P108T0551_luminal-Sca1-pos,exp5,p4,L05,158036.7656,98087.86719,105590,186758,95314.0625,128411,14643.95535,62901.10039,-86.13654195,490.6070036,1635.741857,40477.02349,luminal,luminal-Sca1-pos
P108,N253,p4-M05-luminal-Sca1-pos-K27-F9717,P108T0552_luminal-Sca1-pos,exp5,p4,M05,150651.4844,91567.625,107823,189472.7969,96918.45313,128121,16149.11327,62136.62269,-13.24915873,1276.1319,4409.251959,20762.43498,luminal,luminal-Sca1-pos
P108,N253,p4-N05-luminal-Sca1-pos-K27-F9717,P108T0553_luminal-Sca1-pos,exp5,p4,N05,137578.2813,84581.75,106599,211481.6094,79804.10938,173671,27373.21619,74969.61134,29.13352681,590.1502108,2287.477853,13894.20703,luminal,luminal-Sca1-pos
P108,N253,p4-O05-luminal-Sca1-pos-K27-F9717,P108T0554_luminal-Sca1-pos,exp5,p4,O05,243377.125,101689.9219,156849,204818.9063,103015.4219,130301,16102.79758,80718.99449,157.6118748,6028.410673,1794.084217,145606.4716,luminal,luminal-Sca1-pos
P108,N253,p4-P05-luminal-Sca1-pos-K27-F9717,P108T0555_luminal-Sca1-pos,exp5,p4,P05,149082.5,95165.58594,102666,191340.6094,99487.46875,126043,6121.648023,33540.07993,63.39347456,1021.30789,1400.080592,22435.69319,luminal,luminal-Sca1-pos
P108,N253,p4-A06-luminal-Sca1-neg-K27-F9717,P108T0556_luminal-Sca1-neg,exp5,p4,A06,115263.6797,84005.25781,89922,108280.7031,84265.89844,84213,6997.995687,39011.31062,131.4528288,659.6986586,179.2865752,11559.34619,luminal,luminal-Sca1-neg
P108,N253,p4-B06-luminal-Sca1-neg-K27-F9717,P108T0557_luminal-Sca1-neg,exp5,p4,B06,116525.9219,82003.33594,93126,162416.1094,89885.84375,118418,3706.194547,29879.62175,25.31229197,717.2425322,517.5012927,17372.96545,luminal,luminal-Sca1-neg
P108,N253,p4-C06-luminal-Sca1-neg-K27-F9717,P108T0558_luminal-Sca1-neg,exp5,p4,C06,44176.44141,73106.09375,39602,12927.2002,69334.39844,12219,3024.810209,27190.43481,143.6170127,42.98899849,137.1632473,9510.718626,luminal,luminal-Sca1-neg
P108,N253,p4-D06-luminal-Sca1-neg-K27-F9717,P108T0559_luminal-Sca1-neg,exp5,p4,D06,101685.7813,103168.7109,64594,171243.6094,104189.0781,107714,8750.001739,27567.24343,-37.34600021,205.5809584,384.4562653,21405.27984,luminal,luminal-Sca1-neg
P108,N253,p4-E06-luminal-Sca1-neg-K27-F9717,P108T0560_luminal-Sca1-neg,exp5,p4,E06,214424.9844,92064.59375,152638,161301.7969,81911.39063,129055,7352.255831,36318.64338,281.4636012,1512.098464,609.4078245,21212.57124,luminal,luminal-Sca1-neg
P108,N253,p4-F06-luminal-Sca1-neg-K27-F9717,P108T0561_luminal-Sca1-neg,exp5,p4,F06,193889.0781,91595.76563,138726,160188.6094,96506.05469,108782,3524.14719,11451.70168,388.1184614,1025.339743,253.907265,1231.928166,luminal,luminal-Sca1-neg
P108,N253,p4-G06-luminal-Sca1-neg-K27-F9717,P108T0562_luminal-Sca1-neg,exp5,p4,G06,160026.1563,88542.24219,118446,109209.1016,88626.57813,80756,6171.327337,29849.47188,56.37092828,3173.787815,638.7021245,20895.15512,luminal,luminal-Sca1-neg
P108,N253,p4-H06-luminal-Sca1-neg-K27-F9717,P108T0563_luminal-Sca1-neg,exp5,p4,H06,146088.6094,102871.6953,93068,199898.6094,101909.3984,128551,4962.211837,11595.24747,73.02775533,7088.864083,113.4447037,813.3569763,luminal,luminal-Sca1-neg
P108,N253,p4-I06-luminal-Sca1-pos-K27-F9717,P108T0564_luminal-Sca1-pos,exp5,p4,I06,142682.125,86862.32813,107651,59271.30078,85178.69531,45603,5646.877026,15580.21964,63.80379669,5672.711536,2530.040462,4527.90044,luminal,luminal-Sca1-pos
P108,N253,p4-J06-luminal-Sca1-pos-K27-F9717,P108T0565_luminal-Sca1-pos,exp5,p4,J06,128248.6797,91459.07031,91898,180856.5,119094.1953,99523,16178.16887,79849.74469,36.67496894,1276.630639,5010.339561,28022.94493,luminal,luminal-Sca1-pos
P108,N253,p4-K06-luminal-Sca1-pos-K27-F9717,P108T0566_luminal-Sca1-pos,exp5,p4,K06,212308.1875,91193.36719,152575,149337.1094,91382.33594,107099,9278.954268,54207.29399,11.4007747,721.8449676,2877.416796,74200.31029,luminal,luminal-Sca1-pos
P108,N253,p4-L06-luminal-Sca1-pos-K27-F9717,P108T0567_luminal-Sca1-pos,exp5,p4,L06,218381.25,95344.21094,150107,158852.1094,91155.73438,114206,23839.36008,97661.95619,44.51009095,931.5083026,2312.936619,26955.62844,luminal,luminal-Sca1-pos
P108,N253,p4-M06-luminal-Sca1-pos-K27-F9717,P108T0568_luminal-Sca1-pos,exp5,p4,M06,195511.9688,90886.39063,140979,86384.10156,95272.25781,59422,12079.23716,64527.71551,-5.65589912,1746.32571,1570.042834,25393.88283,luminal,luminal-Sca1-pos
P108,N253,p4-N06-luminal-Sca1-pos-K27-F9717,P108T0569_luminal-Sca1-pos,exp5,p4,N06,132795.875,84934.61719,102466,79850.10156,80723.40625,64827,7191.693758,43303.423,-53.07973813,5819.004055,2435.340945,12100.18235,luminal,luminal-Sca1-pos
P108,N253,p4-O06-luminal-Sca1-pos-K27-F9717,P108T0570_luminal-Sca1-pos,exp5,p4,O06,171383.3906,88533.34375,126865,129542.6016,88077.51563,96389,24899.7214,99098.56231,133.9105074,3994.177068,1347.299217,25819.99547,luminal,luminal-Sca1-pos
P108,N253,p4-P06-luminal-Sca1-pos-K27-F9717,P108T0571_luminal-Sca1-pos,exp5,p4,P06,110363.6797,84920.84375,85171,206243.4063,79497.76563,170022,14493.76229,52280.56927,-53.63906757,686.1448584,3043.809282,20378.8244,luminal,luminal-Sca1-pos
P108,N253,p4-A07-basal-Tspan8-neg-K4-F9717,P108T0572_basal-Tspan8-neg,exp5,p4,A07,154284.3438,94057.48438,107500,198260.7031,106965.5625,121471,84403.17298,3786.741894,23.7058498,828.4358812,34.87461554,952.6336446,basal,basal-Tspan8-neg
P108,N253,p4-B07-basal-Tspan8-neg-K4-F9717,P108T0573_basal-Tspan8-neg,exp5,p4,B07,156112.0469,88140.92969,116075,93122.70313,84248.67969,72439,24227.98071,1196.958754,19.05727006,805.2273069,54.16986755,1182.859338,basal,basal-Tspan8-neg
P108,N253,p4-C07-basal-Tspan8-neg-K4-F9717,P108T0574_basal-Tspan8-neg,exp5,p4,C07,187589.6406,91692.64063,134077,90918.30469,89835.39063,66326,64352.44575,2413.170125,35.48536857,633.5568342,146.6379995,241.1279059,basal,basal-Tspan8-neg
P108,N253,p4-D07-basal-Tspan8-neg-K4-F9717,P108T0575_basal-Tspan8-neg,exp5,p4,D07,125685,81296.625,101319,109388.4063,77657.54688,92314,61581.84339,4348.41878,314.754795,617.36736,167.9073093,1723.624491,basal,basal-Tspan8-neg
P108,N253,p4-E07-basal-Tspan8-neg-K4-F9717,P108T0576_basal-Tspan8-neg,exp5,p4,E07,178897.0469,85689.41406,136822,121492.8047,86962.9375,91558,29684.41423,3385.817569,11.51547508,1296.56622,98.56591716,1121.341137,basal,basal-Tspan8-neg
P108,N253,p4-F07-basal-Tspan8-neg-K4-F9717,P108T0577_basal-Tspan8-neg,exp5,p4,F07,174582.1094,89086.76563,128430,158794.9063,94479.14844,110149,88322.66319,3550.152788,150.0846401,874.7619524,108.4358389,1073.785605,basal,basal-Tspan8-neg
P108,N253,p4-G07-basal-Tspan8-neg-K4-F9717,P108T0578_basal-Tspan8-neg,exp5,p4,G07,214033.9688,99040.66406,141628,109293.8047,102435.2031,69924,19100.01549,4082.89032,62.47560202,384.3472646,45.62890439,806.8584768,basal,basal-Tspan8-neg
P108,N253,p4-H07-basal-Tspan8-neg-K4-F9717,P108T0579_basal-Tspan8-neg,exp5,p4,H07,125345.9219,88735.30469,92575,176026.4063,104552.0781,110338,40779.59716,4628.776043,79.07150599,362.5973542,-126.3364547,747.961868,basal,basal-Tspan8-neg
P108,N253,p4-I07-basal-Tspan8-pos-K4-F9717,P108T0580_basal-Tspan8-pos,exp5,p4,I07,178686.3438,97589.82031,119996,217374.3125,93741.15625,151970,124637.3462,15153.79402,162.0416355,421.8672011,-95.47708152,3009.172027,basal,basal-Tspan8-pos
P108,N253,p4-J07-basal-Tspan8-pos-K4-F9717,P108T0581_basal-Tspan8-pos,exp5,p4,J07,136653.1563,91368.85938,98017,177115.4063,89524.86719,129656,51998.78935,10843.40332,153.3352877,784.7319689,1021.970661,5431.348335,basal,basal-Tspan8-pos
P108,N253,p4-A08-basal-Tspan8-neg-K4-F9717,P108T0582_basal-Tspan8-neg,exp5,p4,A08,173513.9063,98519.42188,115423,175216.7969,108352.75,105978,47692.23157,3161.16653,92.78388211,529.9523626,39.21266752,461.9642565,basal,basal-Tspan8-neg
P108,N253,p4-B08-basal-Tspan8-neg-K4-F9717,P108T0583_basal-Tspan8-neg,exp5,p4,B08,134775.4844,94022.33594,93942,115145.8047,97079.65625,77732,30349.9792,4059.061835,328.3241806,2821.237468,-51.66353639,602.0641424,basal,basal-Tspan8-neg
P108,N253,p4-C08-basal-Tspan8-neg-K4-F9717,P108T0584_basal-Tspan8-neg,exp5,p4,C08,169467.4844,93359.40625,118962,217289.6094,106499.7266,133712,84031.11275,8810.364564,7.62715326,1298.662776,302.6599396,1715.286419,basal,basal-Tspan8-neg
P108,N253,p4-D08-basal-Tspan8-neg-K4-F9717,P108T0585_basal-Tspan8-neg,exp5,p4,D08,210894.0469,98048.08594,140963,142261.9063,111359.9375,83722,6622.999662,3357.334043,47.35652886,918.0186891,159.54134,1300.80257,basal,basal-Tspan8-neg
P108,N253,p4-E08-basal-Tspan8-neg-K4-F9717,P108T0586_basal-Tspan8-neg,exp5,p4,E08,126213.2188,87591.29688,94433,102690.5,89972.25781,74800,7932.636547,3118.61332,633.3297454,1103.510677,815.0118576,590.3100985,basal,basal-Tspan8-neg
P108,N253,p4-F08-basal-Tspan8-neg-K4-F9717,P108T0587_basal-Tspan8-neg,exp5,p4,F08,146024.9063,90187.53125,106111,191954.4063,87347.24219,144022,59177.9983,4486.00652,76.1447702,939.4365794,76.27545682,1451.093489,basal,basal-Tspan8-neg
P108,N253,p4-G08-basal-Tspan8-neg-K4-F9717,P108T0588_basal-Tspan8-neg,exp5,p4,G08,123859.2656,82516.61719,98371,142258.6094,76543.375,121801,70048.62844,4335.604208,196.1797753,366.3052948,77.67172121,1156.409353,basal,basal-Tspan8-neg
P108,N253,p4-H08-basal-Tspan8-neg-K4-F9717,P108T0589_basal-Tspan8-neg,exp5,p4,H08,127440.1797,92824.89844,89975,129441.4063,100421.1016,84475,37092.20909,2863.956021,236.3890712,1075.114715,374.6093246,683.8072821,basal,basal-Tspan8-neg
P108,N253,p4-I08-basal-Tspan8-pos-K4-F9717,P108T0590_basal-Tspan8-pos,exp5,p4,I08,138619.0469,86633.27344,104862,177661,95237.71094,122254,47025.42294,2322.763069,235.2216634,872.5312881,87.93923382,7152.642064,basal,basal-Tspan8-pos
P108,N253,p4-J08-basal-Tspan8-pos-K4-F9717,P108T0591_basal-Tspan8-pos,exp5,p4,J08,109075.9609,90689.29688,78823,177288.1094,96252.65625,120711,59976.31718,10886.36783,149.1390243,138.0515997,186.2500249,19240.56346,basal,basal-Tspan8-pos
P108,N253,p4-A09-basal-Tspan8-neg-K4-F9717,P108T0592_basal-Tspan8-neg,exp5,p4,A09,162539.8594,89003.55469,119683,122311.2031,91485.61719,87618,20980.36765,2732.886086,3.644053535,781.901684,-3.184687631,453.9240871,basal,basal-Tspan8-neg
P108,N253,p4-B09-basal-Tspan8-neg-K4-F9717,P108T0593_basal-Tspan8-neg,exp5,p4,B09,145962.1875,96197.44531,99439,193690.2031,97491.46094,130203,55687.95587,6185.288455,303.332655,664.1523522,-47.34117194,1028.021158,basal,basal-Tspan8-neg
P108,N253,p4-C09-basal-Tspan8-neg-K4-F9717,P108T0594_basal-Tspan8-neg,exp5,p4,C09,210100.25,97129.875,141760,168391.2969,102513.6094,107651,100369.6584,4225.012191,58.19617276,648.8458392,52.29631425,751.9625293,basal,basal-Tspan8-neg
P108,N253,p4-D09-basal-Tspan8-neg-K4-F9717,P108T0595_basal-Tspan8-neg,exp5,p4,D09,197598.3906,93754.28125,138125,95218.20313,103261.9063,60431,85788.21543,8463.481689,367.9389891,427.3996352,51.03368981,1695.235587,basal,basal-Tspan8-neg
P108,N253,p4-E09-basal-Tspan8-neg-K4-F9717,P108T0596_basal-Tspan8-neg,exp5,p4,E09,133663.1875,88835.875,98606,147032.6094,84970.66406,113403,40484.13015,2999.563609,551.5172139,657.3909723,1253.423103,983.6680104,basal,basal-Tspan8-neg
P108,N253,p4-F09-basal-Tspan8-neg-K4-F9717,P108T0597_basal-Tspan8-neg,exp5,p4,F09,134961.6875,90239.75,98015,101464,117420.8906,56630,40247.3545,4949.377706,88.72745653,357.4055351,39.73597943,727.2552754,basal,basal-Tspan8-neg
P108,N253,p4-G09-basal-Tspan8-neg-K4-F9717,P108T0598_basal-Tspan8-neg,exp5,p4,G09,138417.1563,86987.39063,104283,126633.1016,100512.6406,82567,6138.836696,2362.093742,51.40777253,954.3337644,126.1484062,590.9277982,basal,basal-Tspan8-neg
P108,N253,p4-H09-basal-Tspan8-neg-K4-F9717,P108T0599_basal-Tspan8-neg,exp5,p4,H09,153337.6563,103794.0938,96818,204662.7031,101244.5469,132479,40223.29364,2843.056214,69.57965596,700.0243024,92.03092539,642.3193665,basal,basal-Tspan8-neg
P108,N253,p4-I09-basal-Tspan8-pos-K4-F9717,P108T0600_basal-Tspan8-pos,exp5,p4,I09,121662.1016,88535.55469,90057,134766.5,91106.60938,96942,76143.54527,1994.724532,179.09943,123.8560936,838.0413295,6639.660951,basal,basal-Tspan8-pos
P108,N253,p4-J09-basal-Tspan8-pos-K4-F9717,P108T0601_basal-Tspan8-pos,exp5,p4,J09,137318.5781,83547.41406,107715,144498.2031,82133.55469,115298,36111.34567,4847.519706,167.3853762,225.9153542,475.3241169,37978.6892,basal,basal-Tspan8-pos
P108,N253,p4-A10-basal-Tspan8-neg-K27-F9717,P108T0602_basal-Tspan8-neg,exp5,p4,A10,172517.25,86632.72656,130506,82275.60156,91404.00781,58991,12958.44924,1146.936352,566.3656972,5976.65813,35.48734394,618.9033848,basal,basal-Tspan8-neg
P108,N253,p4-B10-basal-Tspan8-neg-K27-F9717,P108T0603_basal-Tspan8-neg,exp5,p4,B10,136931.4844,84884.85938,105719,164003.4063,87998.42188,122140,81681.7552,11254.92487,486.9177746,598.1404499,46.76250648,909.9309751,basal,basal-Tspan8-neg
P108,N253,p4-C10-basal-Tspan8-neg-K27-F9717,P108T0604_basal-Tspan8-neg,exp5,p4,C10,189902.4375,86897.39844,143220,154013.2031,83879.6875,120332,27648.04435,2031.566513,114.0193581,1345.871114,286.7857816,1121.02194,basal,basal-Tspan8-neg
P108,N253,p4-D10-basal-Tspan8-neg-K27-F9717,P108T0605_basal-Tspan8-neg,exp5,p4,D10,135558.5,88424.89844,100469,139607.6094,93108.67969,98265,81221.07775,8844.872469,89.81451106,234.183193,91.46690899,776.4626596,basal,basal-Tspan8-neg
P108,N253,p4-E10-basal-Tspan8-neg-K27-F9717,P108T0606_basal-Tspan8-neg,exp5,p4,E10,158829.5781,98324.78125,105864,174672.2969,103648.2188,110444,51297.23211,1519.708884,177.2904743,627.6927692,-32.95091605,653.0514149,basal,basal-Tspan8-neg
P108,N253,p4-F10-basal-Tspan8-neg-K27-F9717,P108T0607_basal-Tspan8-neg,exp5,p4,F10,146794.2031,82417.14844,116727,228098.2031,87211.39844,171407,9841.511131,4396.882577,76.9392883,5859.329393,1498.517246,1687.567065,basal,basal-Tspan8-neg
P108,N253,p4-G10-basal-Tspan8-neg-K27-F9717,P108T0608_basal-Tspan8-neg,exp5,p4,G10,181423.4844,101401.8281,117254,168403.4063,106707.9766,103427,5853.541046,2624.812296,29.73778837,894.8446668,57.57296329,749.3337081,basal,basal-Tspan8-neg
P108,N253,p4-H10-basal-Tspan8-neg-K27-F9717,P108T0609_basal-Tspan8-neg,exp5,p4,H10,176143.25,86455.59375,133522,140041,80284.53906,114315,9398.157104,1563.522879,30.24349049,2817.912002,596.2863488,447.2414222,basal,basal-Tspan8-neg
P108,N253,p4-I10-basal-Tspan8-pos-K27-F9717,P108T0610_basal-Tspan8-pos,exp5,p4,I10,100989,84817.77344,78031,171069.7969,126345.0859,88735,36719.18573,3566.053819,601.9705508,1021.108541,1761.360852,28526.8691,basal,basal-Tspan8-pos
P108,N253,p4-J10-basal-Tspan8-pos-K27-F9717,P108T0611_basal-Tspan8-pos,exp5,p4,J10,82124,87035.13281,61838,93240.39844,98225.40625,62210,31673.34905,13889.69903,603.6024644,982.3364817,195.9201521,5238.727647,basal,basal-Tspan8-pos
P108,N253,p4-A11-basal-Tspan8-neg-K27-F9717,P108T0612_basal-Tspan8-neg,exp5,p4,A11,147025.4844,95378.89844,101023,168845.6094,111427.9688,99306,36178.03624,1912.308349,166.9196106,1943.941823,327.4194516,700.6534313,basal,basal-Tspan8-neg
P108,N253,p4-B11-basal-Tspan8-neg-K27-F9717,P108T0613_basal-Tspan8-neg,exp5,p4,B11,221738.7188,100431.0391,144695,150309.5,102617.6953,95994,7582.67924,2423.505523,95.55592935,1024.33102,171.1683459,834.920825,basal,basal-Tspan8-neg
P108,N253,p4-C11-basal-Tspan8-neg-K27-F9717,P108T0614_basal-Tspan8-neg,exp5,p4,C11,115796.8047,82366.74219,92135,119069.5,81197.66406,96103,20191.61799,2619.538848,100.0539487,796.3605577,29.92458371,748.5345251,basal,basal-Tspan8-neg
P108,N253,p4-D11-basal-Tspan8-neg-K27-F9717,P108T0615_basal-Tspan8-neg,exp5,p4,D11,185217.0625,89365.85938,135828,184134.5,90228.5625,133743,108549.521,7394.043556,397.9148182,431.6812207,109.4051063,1093.634851,basal,basal-Tspan8-neg
P108,N253,p4-E11-basal-Tspan8-neg-K27-F9717,P108T0616_basal-Tspan8-neg,exp5,p4,E11,148821.8281,103219.2578,94490,128899.1016,131062.9531,64454,64945.18653,9667.16919,79.41473543,711.2746062,-145.0917725,1425.843815,basal,basal-Tspan8-neg
P108,N253,p4-F11-basal-Tspan8-neg-K27-F9717,P108T0617_basal-Tspan8-neg,exp5,p4,F11,120920.2422,85095.77344,93126,109140.9063,96245.25,74317,25043.25975,1645.441306,107.7980543,754.0667498,-8.98204052,465.1923749,basal,basal-Tspan8-neg
P108,N253,p4-G11-basal-Tspan8-neg-K27-F9717,P108T0618_basal-Tspan8-neg,exp5,p4,G11,113921.0859,78084.91406,95613,81232.80469,87428.11719,60892,22165.9871,1816.571015,530.7925188,4037.69162,33343.45286,748.3258912,basal,basal-Tspan8-neg
P108,N253,p4-H11-basal-Tspan8-neg-K27-F9717,P108T0619_basal-Tspan8-neg,exp5,p4,H11,149706.7656,88154.75,111295,77004.39844,89017.15625,56692,16277.6399,1115.844845,58.29787881,750.4379402,68.12999622,380.1670184,basal,basal-Tspan8-neg
P108,N253,p4-I11-basal-Tspan8-pos-K27-F9717,P108T0620_basal-Tspan8-pos,exp5,p4,I11,159956.5781,83687.91406,125262,130306,79702.59375,107145,24184.16184,4602.158246,147.3472723,232.7690838,117.7339409,13842.53289,basal,basal-Tspan8-pos
P108,N253,p4-J11-basal-Tspan8-pos-K27-F9717,P108T0621_basal-Tspan8-pos,exp5,p4,J11,132085.375,93762.55469,92322,155487.2031,106668.1641,95530,131278.4484,14125.58957,530.4547705,723.7136787,-809.7198292,5975.526524,basal,basal-Tspan8-pos
P108,N253,p4-A12-basal-Tspan8-neg-K27-F9717,P108T0622_basal-Tspan8-neg,exp5,p4,A12,226352.5625,102356.6484,144927,144926.1094,120174.5859,79034,11149.12924,1381.380131,162.5102928,849.3221731,119.034191,1101.566668,basal,basal-Tspan8-neg
P108,N253,p4-B12-basal-Tspan8-neg-K27-F9717,P108T0623_basal-Tspan8-neg,exp5,p4,B12,147976.0781,86402.76563,112239,156968.9063,97453.70313,105559,32826.73728,6141.611922,216.5487565,813.6281845,1.519488353,492.202005,basal,basal-Tspan8-neg
P108,N253,p4-C12-basal-Tspan8-neg-K27-F9717,P108T0624_basal-Tspan8-neg,exp5,p4,C12,122580.3594,83138.52344,96627,171144.6094,89174.05469,125778,25230.28367,3677.817721,158.7868494,919.2496555,297.0273583,518.1049208,basal,basal-Tspan8-neg
P108,N253,p4-D12-basal-Tspan8-neg-K27-F9717,P108T0625_basal-Tspan8-neg,exp5,p4,D12,147245.9844,88178.60156,109436,122214.4063,100043.0234,80060,11422.18193,4383.228415,62.6076025,650.2781784,19.99456355,391.5230029,basal,basal-Tspan8-neg
P108,N253,p4-E12-basal-Tspan8-neg-K27-F9717,P108T0626_basal-Tspan8-neg,exp5,p4,E12,136280.7656,85408.10156,104572,125743.2031,82573.03906,99799,37328.06974,3251.238845,81.44522129,577.4651084,438.5597134,855.8508779,basal,basal-Tspan8-neg
P108,N253,p4-F12-basal-Tspan8-neg-K27-F9717,P108T0627_basal-Tspan8-neg,exp5,p4,F12,113483.0234,85995.375,86484,130532.6016,87833.91406,97395,67152.20845,3579.072933,81.51552169,215.2280634,221.1241484,656.0420385,basal,basal-Tspan8-neg
P108,N253,p4-G12-basal-Tspan8-neg-K27-F9717,P108T0628_basal-Tspan8-neg,exp5,p4,G12,189469.2813,89870.57813,138166,141160.7969,85251.9375,108515,16023.63206,2885.16118,53.09816202,1053.130551,491.0225358,860.0915604,basal,basal-Tspan8-neg
P108,N253,p4-H12-basal-Tspan8-neg-K27-F9717,P108T0629_basal-Tspan8-neg,exp5,p4,H12,163937.3438,90647.375,118523,77675.39844,87299.73438,58311,6924.460777,3612.676405,-36.78963978,3985.171815,2951.696273,1039.720425,basal,basal-Tspan8-neg
P108,N253,p4-I12-basal-Tspan8-pos-K27-F9717,P108T0630_basal-Tspan8-pos,exp5,p4,I12,107649.0859,84261.64844,83726,167943.6094,89570.64844,122879,23264.27017,12838.28171,139.4787178,355.7589223,84.50531837,21489.85517,basal,basal-Tspan8-pos
P108,N253,p4-J12-basal-Tspan8-pos-K27-F9717,P108T0631_basal-Tspan8-pos,exp5,p4,J12,115090.2188,80773.54688,93379,126948.8047,78239.89063,106336,45074.51774,3345.363535,53.32702837,60.19074463,-179.3209763,4387.497593,basal,basal-Tspan8-pos