Exp,Run_RNA,Run_epi,BC_RNA,plateform_code_rna,bio_name_rna,Well,BC_epi,Plate,Well,FSC-A,FSC-W,FSC-H,SSC-A,SSC-W,SSC-H,FITC-A,Tomato-A,APC-A,APC-Cy7-A,DAPI-A,Alexa Fluor 700-A,facs_phenotype
exp6,N248,N232,N248T0119_p1-Day0-BCP13-cell,T0119_p1-Day0-BCP13-cell,p1-Day0-BCP13-cell-K4-A01,A01,p1-Day0-BCP13-cell-K4-A01,p1,A01,47082.49219,89877.89844,34331,37949.3125,87618.32813,28385,8884.162111,51.65892314,577.046328,859.298959,2028.402164,3260.089586,basal
exp6,N248,N232,N248T0120_p1-Day0-BCP13-cell,T0120_p1-Day0-BCP13-cell,p1-Day0-BCP13-cell-K4-A02,A02,p1-Day0-BCP13-cell-K4-A02,p1,A02,35797.58203,89324.9375,26264,119774.6328,94762.41406,82834,8261.608233,215.7343489,24.26216251,594.302153,697.7163541,7680.6548,basal
exp6,N248,N232,N248T0121_p1-Day0-BCP13-cell,T0121_p1-Day0-BCP13-cell,p1-Day0-BCP13-cell-K4-A03,A03,p1-Day0-BCP13-cell-K4-A03,p1,A03,49974.47266,87241.34375,37541,36949.24219,85957.39063,28171,5603.212861,110.3035044,800.4787631,1125.385198,487.4574801,5522.247831,basal
exp6,N248,N232,N248T0122_p1-Day0-BCP13-cell,T0122_p1-Day0-BCP13-cell,p1-Day0-BCP13-cell-K4-A04,A04,p1-Day0-BCP13-cell-K4-A04,p1,A04,57755.88281,87534.73438,43241,59708.35156,87573.49219,44683,13217.90786,117.2144478,258.8356021,809.4647678,1057.126944,7614.928292,basal
exp6,N248,N232,N248T0123_p1-Day0-BCP13-cell,T0123_p1-Day0-BCP13-cell,p1-Day0-BCP13-cell-K4-A05,A05,p1-Day0-BCP13-cell-K4-A05,p1,A05,34624.58984,87497.39063,25934,124217.2344,82820.75781,98293,15020.44144,153.7531726,738.9164776,2238.307741,790.1877923,9115.079725,basal
exp6,N248,N232,N248T0124_p1-Day0-BCP13-cell,T0124_p1-Day0-BCP13-cell,p1-Day0-BCP13-cell-K4-A06,A06,p1-Day0-BCP13-cell-K4-A06,p1,A06,42251.30078,103614.0313,26724,101951.8516,98519.83594,67819,8008.475213,128.894213,520.3029097,1132.678006,732.6945764,9446.35404,basal
exp6,N248,N232,N248T0125_p1-Day0-BCP13-cell,T0125_p1-Day0-BCP13-cell,p1-Day0-BCP13-cell-K4-A07,A07,p1-Day0-BCP13-cell-K4-A07,p1,A07,39828.88281,99577.52344,26213,102216.6641,99810.34375,67116,11479.80139,213.6795417,241.9316902,917.2046465,3777.636869,5594.241765,basal
exp6,N248,N232,N248T0126_p1-Day0-BCP13-cell,T0126_p1-Day0-BCP13-cell,p1-Day0-BCP13-cell-K4-A08,A08,p1-Day0-BCP13-cell-K4-A08,p1,A08,44756.53125,84643.875,34653,40425.72266,85592.35938,30953,8764.217816,114.5509841,368.9670475,2481.164223,1079.836358,5195.470286,basal
exp6,N248,N232,N248T0127_p1-Day0-BCP13-cell,T0127_p1-Day0-BCP13-cell,p1-Day0-BCP13-cell-K4-A09,A09,p1-Day0-BCP13-cell-K4-A09,p1,A09,60281.13281,101252.8984,39017,71202.85156,97375.89063,47921,12585.58628,394.2371586,391.2027464,1453.11874,4033.935583,6260.281263,basal
exp6,N248,N232,N248T0128_p1-Day0-BCP13-cell,T0128_p1-Day0-BCP13-cell,p1-Day0-BCP13-cell-K4-A10,A10,p1-Day0-BCP13-cell-K4-A10,p1,A10,44694.65234,83081.14844,35256,43744.08984,84295.70313,34009,12652.9644,151.5552144,236.505981,1220.438002,3444.566704,4389.167765,basal
exp6,N248,N232,N248T0129_p1-Day0-BCP13-cell,T0129_p1-Day0-BCP13-cell,p1-Day0-BCP13-cell-K4-A11,A11,p1-Day0-BCP13-cell-K4-A11,p1,A11,57400.98047,108469.4922,34681,71455.05469,106693.375,43891,6535.53424,107.8297116,404.6372795,744.1096613,3519.67939,4055.675126,basal
exp6,N248,N232,N248T0130_p1-Day0-BCP13-cell,T0130_p1-Day0-BCP13-cell,p1-Day0-BCP13-cell-K4-A12,A12,p1-Day0-BCP13-cell-K4-A12,p1,A12,19346.59961,81421.70313,15572,80754.44531,86334.79688,61300,11940.95953,46.9494034,1264.535654,820.1124175,444.3653006,3512.872752,basal
exp6,N248,N232,N248T0143_p1-Day0-BCP13-cell,T0143_p1-Day0-BCP13-cell,p1-Day0-BCP13-cell-K4-B01,B01,p1-Day0-BCP13-cell-K4-B01,p1,B01,59307.43359,98170.64063,39592,78955.09375,98413.80469,52578,12286.36539,-430.847593,-333.2996166,2576.957931,741.4507893,5129.553942,basal
exp6,N248,N232,N248T0144_p1-Day0-BCP13-cell,T0144_p1-Day0-BCP13-cell,p1-Day0-BCP13-cell-K4-B02,B02,p1-Day0-BCP13-cell-K4-B02,p1,B02,39124.54297,81772.74219,31356,32954.78125,74293.92969,29070,3315.890352,80.95126534,72.36686503,485.346443,698.9172541,2155.490856,basal
exp6,N248,N232,N248T0145_p1-Day0-BCP13-cell,T0145_p1-Day0-BCP13-cell,p1-Day0-BCP13-cell-K4-B03,B03,p1-Day0-BCP13-cell-K4-B03,p1,B03,86813.09375,129160.3281,44049,128521.125,122000.0313,69039,13764.17211,186.674652,2340.60287,2071.368707,2492.455555,14631.90292,basal
exp6,N248,N232,N248T0146_p1-Day0-BCP13-cell,T0146_p1-Day0-BCP13-cell,p1-Day0-BCP13-cell-K4-B04,B04,p1-Day0-BCP13-cell-K4-B04,p1,B04,38754.17188,80340.15625,31613,25731.19141,82235.41406,20506,7565.540357,34.81292084,90.71603213,938.2083373,1544.175858,1746.691044,basal
exp6,N248,N232,N248T0147_p1-Day0-BCP13-cell,T0147_p1-Day0-BCP13-cell,p1-Day0-BCP13-cell-K4-B05,B05,p1-Day0-BCP13-cell-K4-B05,p1,B05,42830.0625,80581.94531,34833,39043.47266,86246.22656,29668,7398.882282,86.40396145,504.9671631,2470.569299,1799.209591,3616.505303,basal
exp6,N248,N232,N248T0148_p1-Day0-BCP13-cell,T0148_p1-Day0-BCP13-cell,p1-Day0-BCP13-cell-K4-B06,B06,p1-Day0-BCP13-cell-K4-B06,p1,B06,69746.03906,124993.2031,36569,117852.0938,109057.4141,70821,20941.70031,187.2872026,611.6445262,3597.214867,1269.882931,12164.44416,basal
exp6,N248,N232,N248T0149_p1-Day0-BCP13-cell,T0149_p1-Day0-BCP13-cell,p1-Day0-BCP13-cell-K4-B07,B07,p1-Day0-BCP13-cell-K4-B07,p1,B07,23000.25,89430.10938,16855,52267.48047,83752.69531,40899,4215.35278,103.5581621,354.04409,844.0482,888.3926373,6345.850226,basal
exp6,N248,N232,N248T0150_p1-Day0-BCP13-cell,T0150_p1-Day0-BCP13-cell,p1-Day0-BCP13-cell-K4-B08,B08,p1-Day0-BCP13-cell-K4-B08,p1,B08,52232.17969,93031.33594,36795,42141.65234,94459.10938,29238,16640.31705,96.11390009,606.8102574,2327.154524,1297.20883,6989.305288,basal
exp6,N248,N232,N248T0151_p1-Day0-BCP13-cell,T0151_p1-Day0-BCP13-cell,p1-Day0-BCP13-cell-K4-B09,B09,p1-Day0-BCP13-cell-K4-B09,p1,B09,43712.76172,95086.28125,30128,51273.23047,91782.32031,36611,11363.61082,55.50391258,624.1043774,786.1094147,2943.090681,4530.779845,basal
exp6,N248,N232,N248T0152_p1-Day0-BCP13-cell,T0152_p1-Day0-BCP13-cell,p1-Day0-BCP13-cell-K4-B10,B10,p1-Day0-BCP13-cell-K4-B10,p1,B10,54465.32031,87742.16406,40681,41378.26172,83534.04688,32463,8246.115923,66.49164226,-19.27913831,1299.045709,907.1452199,4641.102291,basal
exp6,N248,N232,N248T0153_p1-Day0-BCP13-cell,T0153_p1-Day0-BCP13-cell,p1-Day0-BCP13-cell-K4-B11,B11,p1-Day0-BCP13-cell-K4-B11,p1,B11,46333.5625,86355.4375,35163,51296.51172,88518.83594,37978,5284.364188,38.64382491,292.7535544,1062.517199,3155.305009,3439.385468,basal
exp6,N248,N232,N248T0154_p1-Day0-BCP13-cell,T0154_p1-Day0-BCP13-cell,p1-Day0-BCP13-cell-K4-B12,B12,p1-Day0-BCP13-cell-K4-B12,p1,B12,38532.13281,81733.61719,30896,39080.33203,79381.61719,32264,2790.418053,33.10124116,311.8454473,450.9068473,1706.356472,2691.198177,basal
exp6,N248,N232,N248T0167_p1-Day0-BCP13-cell,T0167_p1-Day0-BCP13-cell,p1-Day0-BCP13-cell-K4-C01,C01,p1-Day0-BCP13-cell-K4-C01,p1,C01,22430.58984,83315.07031,17644,92726.17969,85358.14844,71193,12512.26908,119.5252744,445.2290251,1544.411815,1134.131011,4764.866895,basal
exp6,N248,N232,N248T0168_p1-Day0-BCP13-cell,T0168_p1-Day0-BCP13-cell,p1-Day0-BCP13-cell-K4-C02,C02,p1-Day0-BCP13-cell-K4-C02,p1,C02,84407.96094,129282.9766,42788,150565.3438,132436.5625,74507,31031.36244,194.8048357,1871.223067,4246.477482,1853.7672,15990.42322,basal
exp6,N248,N232,N248T0169_p1-Day0-BCP13-cell,T0169_p1-Day0-BCP13-cell,p1-Day0-BCP13-cell-K4-C03,C03,p1-Day0-BCP13-cell-K4-C03,p1,C03,67299.05469,116809.9766,37758,119342.0156,108166.5469,72307,40322.79689,301.8835792,1546.240217,4357.9488,3221.040464,16093.45607,basal
exp6,N248,N232,N248T0170_p1-Day0-BCP13-cell,T0170_p1-Day0-BCP13-cell,p1-Day0-BCP13-cell-K4-C04,C04,p1-Day0-BCP13-cell-K4-C04,p1,C04,66081.46875,121909.5625,35524,51776.66016,116854.9922,29038,17596.61611,178.4339131,1316.666078,1627.513666,1286.934104,7129.301086,basal
exp6,N248,N232,N248T0171_p1-Day0-BCP13-cell,T0171_p1-Day0-BCP13-cell,p1-Day0-BCP13-cell-K4-C05,C05,p1-Day0-BCP13-cell-K4-C05,p1,C05,36895.04297,89686.70313,26960,71639.35156,83680.10938,56106,7170.409864,114.5894998,463.0660146,805.2047705,630.0521725,5889.955551,basal
exp6,N248,N232,N248T0172_p1-Day0-BCP13-cell,T0172_p1-Day0-BCP13-cell,p1-Day0-BCP13-cell-K4-C06,C06,p1-Day0-BCP13-cell-K4-C06,p1,C06,33174.05078,78221.71875,27794,38602.12109,78131.77344,32379,3146.735716,82.08312792,687.4931497,1549.521233,644.5243672,4233.754979,basal
exp6,N248,N232,N248T0173_p1-Day0-BCP13-cell,T0173_p1-Day0-BCP13-cell,p1-Day0-BCP13-cell-K4-C07,C07,p1-Day0-BCP13-cell-K4-C07,p1,C07,30687.93164,85690.85156,23470,89086.74219,74998.25781,77847,10183.10588,354.0412622,295.8351362,938.9925182,840.979824,4722.58393,basal
exp6,N248,N232,N248T0174_p1-Day0-BCP13-cell,T0174_p1-Day0-BCP13-cell,p1-Day0-BCP13-cell-K4-C08,C08,p1-Day0-BCP13-cell-K4-C08,p1,C08,45702.01953,87916.16406,34068,66049.24219,85141.67969,50840,14834.41513,153.5982001,500.5409485,496.0568104,900.3623728,6477.27172,basal
exp6,N248,N232,N248T0175_p1-Day0-BCP13-cell,T0175_p1-Day0-BCP13-cell,p1-Day0-BCP13-cell-K4-C09,C09,p1-Day0-BCP13-cell-K4-C09,p1,C09,44505.37109,85131.89844,34261,39470.26953,87703.38281,29494,9977.225128,95.27595224,100.3885292,767.8479677,983.1304204,3469.081541,basal
exp6,N248,N232,N248T0176_p1-Day0-BCP13-cell,T0176_p1-Day0-BCP13-cell,p1-Day0-BCP13-cell-K4-C10,C10,p1-Day0-BCP13-cell-K4-C10,p1,C10,49311.08203,85025.54688,38008,51655.41016,91368.35938,37051,7988.190843,164.5058697,292.5397086,578.9166768,2305.70408,3099.099504,basal
exp6,N248,N232,N248T0177_p1-Day0-BCP13-cell,T0177_p1-Day0-BCP13-cell,p1-Day0-BCP13-cell-K4-C11,C11,p1-Day0-BCP13-cell-K4-C11,p1,C11,41377.70313,88552.04688,30623,29733.41016,95698.29688,20362,3903.287463,33.82826784,89.46536026,320.3367386,797.5835467,2587.339284,basal
exp6,N248,N232,N248T0178_p1-Day0-BCP13-cell,T0178_p1-Day0-BCP13-cell,p1-Day0-BCP13-cell-K4-C12,C12,p1-Day0-BCP13-cell-K4-C12,p1,C12,45118.71094,87095.72656,33950,44149.55078,82800.625,34944,5998.351583,66.93149998,-31.83395082,752.6812447,809.5210989,4438.269021,basal
exp6,N248,N232,N248T0191_p1-Day0-BCP13-cell,T0191_p1-Day0-BCP13-cell,p1-Day0-BCP13-cell-K4-D01,D01,p1-Day0-BCP13-cell-K4-D01,p1,D01,33831.98047,78131.39063,28378,42616.95313,85034.09375,32845,7769.748771,27.42454808,-16.49899001,659.166344,629.2065412,2942.149065,basal
exp6,N248,N232,N248T0192_p1-Day0-BCP13-cell,T0192_p1-Day0-BCP13-cell,p1-Day0-BCP13-cell-K4-D02,D02,p1-Day0-BCP13-cell-K4-D02,p1,D02,41824.51172,83126.44531,32974,35167.35156,82796.64844,27836,8586.566207,60.67733801,154.0445702,1313.128884,608.7866992,5051.708682,basal
exp6,N248,N232,N248T0193_p1-Day0-BCP13-cell,T0193_p1-Day0-BCP13-cell,p1-Day0-BCP13-cell-K4-D03,D03,p1-Day0-BCP13-cell-K4-D03,p1,D03,37781.38281,90057.49219,27494,63554.40234,92898.4375,44835,5368.46038,95.11954085,82.05372695,1252.577646,693.9122406,5451.385749,basal
exp6,N248,N232,N248T0194_p1-Day0-BCP13-cell,T0194_p1-Day0-BCP13-cell,p1-Day0-BCP13-cell-K4-D04,D04,p1-Day0-BCP13-cell-K4-D04,p1,D04,42726.32031,81893.78125,34192,48073.20313,80842.82813,38971,3363.704785,50.30484058,148.3721076,580.1237655,1983.604442,2753.539791,basal
exp6,N248,N232,N248T0195_p1-Day0-BCP13-cell,T0195_p1-Day0-BCP13-cell,p1-Day0-BCP13-cell-K4-D05,D05,p1-Day0-BCP13-cell-K4-D05,p1,D05,28906.15039,93499.5,20261,45656.92969,97433.16406,30710,4577.130461,69.23063712,828.4031058,1320.357189,1080.171897,6909.772657,basal
exp6,N248,N232,N248T0196_p1-Day0-BCP13-cell,T0196_p1-Day0-BCP13-cell,p1-Day0-BCP13-cell-K4-D06,D06,p1-Day0-BCP13-cell-K4-D06,p1,D06,37347.3125,91762.95313,26673,63570.89063,106399.5781,39156,5463.923657,136.7906291,326.2721999,609.3714034,3591.836816,2158.440014,basal
exp6,N248,N232,N248T0197_p1-Day0-BCP13-cell,T0197_p1-Day0-BCP13-cell,p1-Day0-BCP13-cell-K4-D07,D07,p1-Day0-BCP13-cell-K4-D07,p1,D07,52004.67969,94771.66406,35962,56555.85156,112870.5859,32838,6732.816439,112.9462004,1391.895067,1650.168766,2568.940152,5424.72054,basal
exp6,N248,N232,N248T0198_p1-Day0-BCP13-cell,T0198_p1-Day0-BCP13-cell,p1-Day0-BCP13-cell-K4-D08,D08,p1-Day0-BCP13-cell-K4-D08,p1,D08,92028.30469,145511.6563,41448,189986.1406,139279.9688,89395,34928.28976,303.180191,851.1583678,3726.358009,3137.844668,19828.15202,basal
exp6,N248,N232,N248T0199_p1-Day0-BCP13-cell,T0199_p1-Day0-BCP13-cell,p1-Day0-BCP13-cell-K4-D09,D09,p1-Day0-BCP13-cell-K4-D09,p1,D09,24513.58008,100294.7969,16018,75414.59375,83993.9375,58842,12067.0851,41.1240818,295.09404,1002.709067,767.9943921,7284.986917,basal
exp6,N248,N232,N248T0200_p1-Day0-BCP13-cell,T0200_p1-Day0-BCP13-cell,p1-Day0-BCP13-cell-K4-D10,D10,p1-Day0-BCP13-cell-K4-D10,p1,D10,30171.96094,79577.82031,24848,61414.58203,80205.375,50182,13858.65479,100.5037943,-37.62837378,1432.57901,736.4170682,5102.213961,basal
exp6,N248,N232,N248T0201_p1-Day0-BCP13-cell,T0201_p1-Day0-BCP13-cell,p1-Day0-BCP13-cell-K4-D11,D11,p1-Day0-BCP13-cell-K4-D11,p1,D11,66712.10156,100947.6875,43310,72540.48438,106532.5078,44625,5143.037799,237.5900405,1316.186724,1888.343222,3362.617856,7498.419193,basal
exp6,N248,N232,N248T0202_p1-Day0-BCP13-cell,T0202_p1-Day0-BCP13-cell,p1-Day0-BCP13-cell-K4-D12,D12,p1-Day0-BCP13-cell-K4-D12,p1,D12,43146.74219,85466.67969,33085,32637.5918,81573.44531,26221,8262.83762,58.65827195,277.0466837,785.4393582,459.4976237,3100.185396,basal
exp6,N248,N232,N248T0211_p1-Day0-BCP13-cell,T0211_p1-Day0-BCP13-cell,p1-Day0-BCP13-cell-K4-E01,E01,p1-Day0-BCP13-cell-K4-E01,p1,E01,47285.42188,102024.6719,30374,63191.62109,99678.10156,41547,7425.081702,132.0821859,612.6703438,1155.3486,4803.438131,3951.038636,basal
exp6,N248,N232,N248T0212_p1-Day0-BCP13-cell,T0212_p1-Day0-BCP13-cell,p1-Day0-BCP13-cell-K4-E02,E02,p1-Day0-BCP13-cell-K4-E02,p1,E02,49744.24219,92612.10156,35201,31017.69141,97965.07813,20750,10916.90963,103.1696896,559.6874577,1302.787303,2357.633037,4861.375959,basal
exp6,N248,N232,N248T0213_p1-Day0-BCP13-cell,T0213_p1-Day0-BCP13-cell,p1-Day0-BCP13-cell-K4-E03,E03,p1-Day0-BCP13-cell-K4-E03,p1,E03,54630.03125,117999.8594,30341,98614.08594,105967.9375,60988,19158.91176,158.4708023,1490.405209,2697.937368,1945.455859,15301.01258,basal
exp6,N248,N232,N248T0214_p1-Day0-BCP13-cell,T0214_p1-Day0-BCP13-cell,p1-Day0-BCP13-cell-K4-E04,E04,p1-Day0-BCP13-cell-K4-E04,p1,E04,86500.96094,123031.6094,46077,79056.94531,116643.6172,44418,16920.22468,177.6059959,973.9346442,2878.385189,3013.664859,11307.49175,basal
exp6,N248,N232,N248T0215_p1-Day0-BCP13-cell,T0215_p1-Day0-BCP13-cell,p1-Day0-BCP13-cell-K4-E05,E05,p1-Day0-BCP13-cell-K4-E05,p1,E05,32533.41016,85445.03125,24953,99771.28906,79222.28906,82535,5865.093659,155.2034918,453.5539147,845.1710575,905.7303543,5407.964871,basal
exp6,N248,N232,N248T0216_p1-Day0-BCP13-cell,T0216_p1-Day0-BCP13-cell,p1-Day0-BCP13-cell-K4-E06,E06,p1-Day0-BCP13-cell-K4-E06,p1,E06,53254.11328,90089.35938,38740,82553.78906,88382.47656,61214,10752.24416,333.0563091,2713.880716,963.2156328,1387.290918,1280.504638,basal
exp6,N248,N232,N248T0217_p1-Day0-BCP13-cell,T0217_p1-Day0-BCP13-cell,p1-Day0-BCP13-cell-K4-E07,E07,p1-Day0-BCP13-cell-K4-E07,p1,E07,40153.75,92418.21875,28474,57130.08984,85812.32813,43631,7817.25832,46.20357722,746.2302562,1119.145359,1316.150486,6839.353431,basal
exp6,N248,N232,N248T0218_p1-Day0-BCP13-cell,T0218_p1-Day0-BCP13-cell,p1-Day0-BCP13-cell-K4-E08,E08,p1-Day0-BCP13-cell-K4-E08,p1,E08,41900.04297,82295.71875,33367,44211.63281,82619.15625,35070,5580.134492,70.59240901,87.46467385,759.6363524,544.1475988,2515.320853,basal
exp6,N248,N232,N248T0219_p1-Day0-BCP13-cell,T0219_p1-Day0-BCP13-cell,p1-Day0-BCP13-cell-K4-E09,E09,p1-Day0-BCP13-cell-K4-E09,p1,E09,60751.60156,110300.7813,36096,84985.58594,137433.1406,40526,10110.95995,135.7765548,383.720654,2246.935689,1479.704904,8323.185267,basal
exp6,N248,N232,N248T0220_p1-Day0-BCP13-cell,T0220_p1-Day0-BCP13-cell,p1-Day0-BCP13-cell-K4-E10,E10,p1-Day0-BCP13-cell-K4-E10,p1,E10,29160.95117,79121.14844,24154,126807.1328,79585.07031,104422,5713.548158,358.1797008,223.9389419,695.652695,1279.503553,4971.374179,basal
exp6,N248,N232,N248T0221_p1-Day0-BCP13-cell,T0221_p1-Day0-BCP13-cell,p1-Day0-BCP13-cell-K4-E11,E11,p1-Day0-BCP13-cell-K4-E11,p1,E11,72771.78906,113056.4219,42184,85756.73438,129130.6563,43523,7223.785657,189.4862939,408.719547,2545.560226,2729.025209,8910.352617,basal
exp6,N248,N232,N248T0222_p1-Day0-BCP13-cell,T0222_p1-Day0-BCP13-cell,p1-Day0-BCP13-cell-K4-E12,E12,p1-Day0-BCP13-cell-K4-E12,p1,E12,53663.61328,102375.2969,34353,107368.3359,108157.2031,65058,22146.76936,200.2159605,226.9621259,3666.932633,1855.390844,6257.596294,basal
exp6,N248,N232,N248T0235_p1-Day0-BCP13-cell,T0235_p1-Day0-BCP13-cell,p1-Day0-BCP13-cell-K4-F01,F01,p1-Day0-BCP13-cell-K4-F01,p1,F01,22653.54102,80454.26563,18453,78983.21875,82269.6875,62918,13106.00338,138.2643145,92.54163599,1340.422771,826.7689023,2927.898327,basal
exp6,N248,N232,N248T0236_p1-Day0-BCP13-cell,T0236_p1-Day0-BCP13-cell,p1-Day0-BCP13-cell-K4-F02,F02,p1-Day0-BCP13-cell-K4-F02,p1,F02,36028.72266,88420.40625,26704,97709.07031,89096.60156,71871,5924.71057,293.5202539,930.9127533,667.8843502,1631.461739,10988.31732,basal
exp6,N248,N232,N248T0237_p1-Day0-BCP13-cell,T0237_p1-Day0-BCP13-cell,p1-Day0-BCP13-cell-K4-F03,F03,p1-Day0-BCP13-cell-K4-F03,p1,F03,42325.01172,97224.39063,28530,59288.33984,82681.21094,46994,8455.872426,217.3132164,103.5453593,765.2429536,2862.720573,2695.202421,basal
exp6,N248,N232,N248T0238_p1-Day0-BCP13-cell,T0238_p1-Day0-BCP13-cell,p1-Day0-BCP13-cell-K4-F04,F04,p1-Day0-BCP13-cell-K4-F04,p1,F04,27226.29102,96219.91406,18544,64330.40234,85798.3125,49138,8374.159453,144.5320316,287.7687573,1218.280817,1152.405222,4132.485817,basal
exp6,N248,N232,N248T0239_p1-Day0-BCP13-cell,T0239_p1-Day0-BCP13-cell,p1-Day0-BCP13-cell-K4-F05,F05,p1-Day0-BCP13-cell-K4-F05,p1,F05,57336.37109,91248.10156,41180,63324.51172,103792.3984,39984,12167.92438,138.9598102,423.1258079,1406.853814,1242.017965,10108.39801,basal
exp6,N248,N232,N248T0240_p1-Day0-BCP13-cell,T0240_p1-Day0-BCP13-cell,p1-Day0-BCP13-cell-K4-F06,F06,p1-Day0-BCP13-cell-K4-F06,p1,F06,30389.45117,79897.42969,24927,51036.55078,80933.32031,41327,3288.624525,52.35609605,1384.630141,1180.498287,792.2606236,3020.497733,basal
exp6,N248,N232,N248T0241_p1-Day0-BCP13-cell,T0241_p1-Day0-BCP13-cell,p1-Day0-BCP13-cell-K4-F07,F07,p1-Day0-BCP13-cell-K4-F07,p1,F07,30490.46094,82438.33594,24239,52538.11328,86720.17969,39704,10324.31834,119.8045353,126.2295812,2236.800934,773.3820419,5424.958491,basal
exp6,N248,N232,N248T0242_p1-Day0-BCP13-cell,T0242_p1-Day0-BCP13-cell,p1-Day0-BCP13-cell-K4-F08,F08,p1-Day0-BCP13-cell-K4-F08,p1,F08,45966.83203,87681.76563,34357,50851.28125,88465.64844,37671,6646.312072,54.2715745,248.4609758,1472.642046,1135.966417,5966.799585,basal
exp6,N248,N232,N248T0243_p1-Day0-BCP13-cell,T0243_p1-Day0-BCP13-cell,p1-Day0-BCP13-cell-K4-F09,F09,p1-Day0-BCP13-cell-K4-F09,p1,F09,28776.02148,83063.14063,22704,108221.9297,85944.92188,82523,16799.95912,153.9298066,205.6962024,1470.666717,1118.591297,6289.903692,basal
exp6,N248,N232,N248T0244_p1-Day0-BCP13-cell,T0244_p1-Day0-BCP13-cell,p1-Day0-BCP13-cell-K4-F10,F10,p1-Day0-BCP13-cell-K4-F10,p1,F10,32390.54102,81921.375,25912,36720.32031,77704.32031,30970,4989.000919,125.9683206,701.6378835,964.4928004,493.4523339,3564.454587,basal
exp6,N248,N232,N248T0245_p1-Day0-BCP13-cell,T0245_p1-Day0-BCP13-cell,p1-Day0-BCP13-cell-K4-F11,F11,p1-Day0-BCP13-cell-K4-F11,p1,F11,43321.46094,86052.04688,32993,39431.47266,91699.40625,28181,5630.586528,37.96179328,1073.403628,816.6548081,2696.657931,8716.714078,basal
exp6,N248,N232,N248T0246_p1-Day0-BCP13-cell,T0246_p1-Day0-BCP13-cell,p1-Day0-BCP13-cell-K4-F12,F12,p1-Day0-BCP13-cell-K4-F12,p1,F12,50254.75,88785.42188,37095,51700.03125,93139.07813,36378,11794.85557,136.4703997,1453.033806,1026.563167,1773.351452,5144.128042,basal
exp6,N248,N232,N248T0259_p1-Day0-BCP13-cell,T0259_p1-Day0-BCP13-cell,p1-Day0-BCP13-cell-K4-G01,G01,p1-Day0-BCP13-cell-K4-G01,p1,G01,45253.39063,83964.95313,35321,46042.99219,86139.69531,35030,6009.862683,77.81569402,240.8153242,555.9836961,873.8074674,5123.370598,basal
exp6,N248,N232,N248T0260_p1-Day0-BCP13-cell,T0260_p1-Day0-BCP13-cell,p1-Day0-BCP13-cell-K4-G02,G02,p1-Day0-BCP13-cell-K4-G02,p1,G02,53714.57031,103205.5469,34109,95788.47656,99786.89844,62910,8504.824191,115.3925386,31.60922181,1089.756989,1127.196108,5355.246,basal
exp6,N248,N232,N248T0261_p1-Day0-BCP13-cell,T0261_p1-Day0-BCP13-cell,p1-Day0-BCP13-cell-K4-G03,G03,p1-Day0-BCP13-cell-K4-G03,p1,G03,49494.90234,101900.5391,31832,120925.0547,111071.3984,71350,16173.48541,250.9677899,1740.416911,3718.842427,2543.644223,14407.17357,basal
exp6,N248,N232,N248T0262_p1-Day0-BCP13-cell,T0262_p1-Day0-BCP13-cell,p1-Day0-BCP13-cell-K4-G04,G04,p1-Day0-BCP13-cell-K4-G04,p1,G04,67575.69531,92371.125,47944,94266.53906,91771.17969,67318,13614.69514,139.778635,388.2924468,1248.697257,3449.345917,9711.432139,basal
exp6,N248,N232,N248T0263_p1-Day0-BCP13-cell,T0263_p1-Day0-BCP13-cell,p1-Day0-BCP13-cell-K4-G05,G05,p1-Day0-BCP13-cell-K4-G05,p1,G05,90080.90625,115391.4609,51161,91582.55469,104258.5234,57568,32453.47294,-58.47220883,-871.4529371,3147.073443,319.4665571,15912.85701,basal
exp6,N248,N232,N248T0264_p1-Day0-BCP13-cell,T0264_p1-Day0-BCP13-cell,p1-Day0-BCP13-cell-K4-G06,G06,p1-Day0-BCP13-cell-K4-G06,p1,G06,36738.51953,75294.60938,31977,36774.64063,73787.97656,32662,11500.02844,167.9823957,192.5499471,1736.316281,922.6266767,7502.365936,basal
exp6,N248,N232,N248T0265_p1-Day0-BCP13-cell,T0265_p1-Day0-BCP13-cell,p1-Day0-BCP13-cell-K4-G07,G07,p1-Day0-BCP13-cell-K4-G07,p1,G07,47838.70313,88202.48438,35545,70236.73438,85553.5,53803,7312.082435,151.455023,1190.95265,938.4641087,762.1379303,6083.448575,basal
exp6,N248,N232,N248T0266_p1-Day0-BCP13-cell,T0266_p1-Day0-BCP13-cell,p1-Day0-BCP13-cell-K4-G08,G08,p1-Day0-BCP13-cell-K4-G08,p1,G08,38166.3125,83629.26563,29909,44038,85691.04688,33680,5126.715095,82.12684259,234.583855,798.0867369,2009.835885,3247.529521,basal
exp6,N248,N232,N248T0267_p1-Day0-BCP13-cell,T0267_p1-Day0-BCP13-cell,p1-Day0-BCP13-cell-K4-G09,G09,p1-Day0-BCP13-cell-K4-G09,p1,G09,51679.8125,93913.27344,36064,63765.86328,87651.47656,47677,21369.97832,138.5346323,446.2442746,1046.957123,2429.169483,1909.301647,basal
exp6,N248,N232,N248T0268_p1-Day0-BCP13-cell,T0268_p1-Day0-BCP13-cell,p1-Day0-BCP13-cell-K4-G10,G10,p1-Day0-BCP13-cell-K4-G10,p1,G10,52620.75,96571.09375,35710,60724.91016,107864.6953,36895,8685.113965,190.7153958,596.8631115,1348.138999,2706.239164,4394.857765,basal
exp6,N248,N232,N248T0269_p1-Day0-BCP13-cell,T0269_p1-Day0-BCP13-cell,p1-Day0-BCP13-cell-K4-G11,G11,p1-Day0-BCP13-cell-K4-G11,p1,G11,40476.80078,84951.25,31226,28634.40039,84390.16406,22237,8593.329739,94.56532503,321.1437487,751.6655611,1610.00067,3990.588617,basal
exp6,N248,N232,N248T0270_p1-Day0-BCP13-cell,T0270_p1-Day0-BCP13-cell,p1-Day0-BCP13-cell-K4-G12,G12,p1-Day0-BCP13-cell-K4-G12,p1,G12,43316,84378.85156,33643,54170.62109,81182.85156,43730,5336.878993,133.9085061,842.3615969,1500.122272,4618.202208,7050.074828,basal
exp6,N248,N232,N248T0283_p1-Day0-BCP13-cell,T0283_p1-Day0-BCP13-cell,p1-Day0-BCP13-cell-K4-H01,H01,p1-Day0-BCP13-cell-K4-H01,p1,H01,27421.03125,105331.7344,17061,77361.38281,96363.17188,52613,12673.33042,120.5854727,279.9765575,2674.252875,1807.983053,9933.308146,basal
exp6,N248,N232,N248T0284_p1-Day0-BCP13-cell,T0284_p1-Day0-BCP13-cell,p1-Day0-BCP13-cell-K4-H02,H02,p1-Day0-BCP13-cell-K4-H02,p1,H02,23892.05078,84051.1875,18629,88042.05469,72455.53906,79634,4307.525453,224.6538025,214.1364559,1264.734728,1020.330483,3746.525958,basal
exp6,N248,N232,N248T0285_p1-Day0-BCP13-cell,T0285_p1-Day0-BCP13-cell,p1-Day0-BCP13-cell-K4-H03,H03,p1-Day0-BCP13-cell-K4-H03,p1,H03,32608.94141,81232.30469,26308,80898,79192.96094,66947,15290.53618,119.3460758,585.5888604,1627.79101,1111.252455,8570.389904,basal
exp6,N248,N232,N248T0286_p1-Day0-BCP13-cell,T0286_p1-Day0-BCP13-cell,p1-Day0-BCP13-cell-K4-H04,H04,p1-Day0-BCP13-cell-K4-H04,p1,H04,73559.85156,136381.6563,35348,72904.23438,119237.625,40070,9427.134514,21.13293106,29.77245299,3674.922534,2272.950674,9720.816879,basal
exp6,N248,N232,N248T0287_p1-Day0-BCP13-cell,T0287_p1-Day0-BCP13-cell,p1-Day0-BCP13-cell-K4-H05,H05,p1-Day0-BCP13-cell-K4-H05,p1,H05,43187.69141,86661.00781,32660,41406.39063,92102.26563,29463,9980.691711,76.93987951,1027.144684,2102.43476,2087.923044,6368.462802,basal
exp6,N248,N232,N248T0288_p1-Day0-BCP13-cell,T0288_p1-Day0-BCP13-cell,p1-Day0-BCP13-cell-K4-H06,H06,p1-Day0-BCP13-cell-K4-H06,p1,H06,49439.39063,91503.86719,35409,42811.92188,95419.75,29404,9301.133992,67.78451953,718.9247582,2383.002361,1480.835505,7396.351092,basal
exp6,N248,N232,N248T0289_p1-Day0-BCP13-cell,T0289_p1-Day0-BCP13-cell,p1-Day0-BCP13-cell-K4-H07,H07,p1-Day0-BCP13-cell-K4-H07,p1,H07,38081.67969,87624.50781,28482,62177,78909.96875,51639,10027.15893,101.6366779,491.4050498,754.5543746,1160.98654,4380.38804,basal
exp6,N248,N232,N248T0290_p1-Day0-BCP13-cell,T0290_p1-Day0-BCP13-cell,p1-Day0-BCP13-cell-K4-H08,H08,p1-Day0-BCP13-cell-K4-H08,p1,H08,51161.11328,87689.47656,38236,61403.91016,91854.98438,43810,6951.008462,103.3519806,1079.493298,1003.57975,4826.367035,4555.341682,basal
exp6,N248,N232,N248T0291_p1-Day0-BCP13-cell,T0291_p1-Day0-BCP13-cell,p1-Day0-BCP13-cell-K4-H09,H09,p1-Day0-BCP13-cell-K4-H09,p1,H09,76510.07031,137559.0156,36451,110041.6563,148602.7188,48530,6939.655705,176.3161058,197.3066411,2435.466219,3039.922785,7991.827602,basal
exp6,N248,N232,N248T0292_p1-Day0-BCP13-cell,T0292_p1-Day0-BCP13-cell,p1-Day0-BCP13-cell-K4-H10,H10,p1-Day0-BCP13-cell-K4-H10,p1,H10,67426.45313,118452.2188,37305,176861.0781,133097.1875,87085,31273.68012,401.2207973,1190.247476,3000.737062,2772.468436,15342.43792,basal
exp6,N248,N232,N248T0293_p1-Day0-BCP13-cell,T0293_p1-Day0-BCP13-cell,p1-Day0-BCP13-cell-K4-H11,H11,p1-Day0-BCP13-cell-K4-H11,p1,H11,27077.96094,80127.39063,22147,68386.94531,81227.47656,55176,6272.060316,83.5784238,333.6341945,722.2533396,721.4572675,3600.153513,basal
exp6,N248,N232,N248T0294_p1-Day0-BCP13-cell,T0294_p1-Day0-BCP13-cell,p1-Day0-BCP13-cell-K4-H12,H12,p1-Day0-BCP13-cell-K4-H12,p1,H12,23131.29102,81942.28125,18500,77450.625,76562.75,66296,10883.25564,144.8899175,462.8047195,1116.349179,860.9289521,5341.334123,basal
exp6,N248,N232,N248T0307_p1-Day0-BCP13-cell,T0307_p1-Day0-BCP13-cell,p1-Day0-BCP13-cell-K4-I01,I01,p1-Day0-BCP13-cell-K4-I01,p1,I01,41439.58203,90363.5,30054,51983.27344,91314.89844,37308,13137.79784,109.3858225,204.2391133,1724.700417,1228.970311,5233.350621,basal
exp6,N248,N232,N248T0308_p1-Day0-BCP13-cell,T0308_p1-Day0-BCP13-cell,p1-Day0-BCP13-cell-K4-I02,I02,p1-Day0-BCP13-cell-K4-I02,p1,I02,61231.17188,117855.0313,34049,103001.3906,117107.3047,57642,7234.436051,184.149872,1099.550463,1928.890928,2470.370838,10512.66529,basal
exp6,N248,N232,N248T0309_p1-Day0-BCP13-cell,T0309_p1-Day0-BCP13-cell,p1-Day0-BCP13-cell-K4-I03,I03,p1-Day0-BCP13-cell-K4-I03,p1,I03,44297.89063,86051.125,33737,32985.82031,89792.67188,24075,2108.978298,9.999631629,1404.912539,900.4887945,799.9129276,3891.404169,basal
exp6,N248,N232,N248T0310_p1-Day0-BCP13-cell,T0310_p1-Day0-BCP13-cell,p1-Day0-BCP13-cell-K4-I04,I04,p1-Day0-BCP13-cell-K4-I04,p1,I04,37020.62109,85849.17188,28261,46219.53125,79356.64844,38170,15582.412,118.9730534,274.2013144,1177.878837,807.2547185,2743.796165,basal
exp6,N248,N232,N248T0311_p1-Day0-BCP13-cell,T0311_p1-Day0-BCP13-cell,p1-Day0-BCP13-cell-K4-I05,I05,p1-Day0-BCP13-cell-K4-I05,p1,I05,24511.75977,74726.82813,21497,42784.76172,72765.40625,38534,3115.935991,39.1211712,-64.19299998,351.399298,492.8824449,2251.21671,basal
exp6,N248,N232,N248T0312_p1-Day0-BCP13-cell,T0312_p1-Day0-BCP13-cell,p1-Day0-BCP13-cell-K4-I06,I06,p1-Day0-BCP13-cell-K4-I06,p1,I06,42557.97266,87058.07031,32037,45802.42969,89201.15625,33651,11058.40561,90.48515269,601.9134146,602.6889222,3553.721621,5833.434835,basal
exp6,N248,N232,N248T0313_p1-Day0-BCP13-cell,T0313_p1-Day0-BCP13-cell,p1-Day0-BCP13-cell-K4-I07,I07,p1-Day0-BCP13-cell-K4-I07,p1,I07,34002.15234,78896.9375,28244,62583.43359,76391.65625,53690,6808.945579,127.3475947,261.1336039,715.7185144,943.4080324,6307.361239,basal
exp6,N248,N232,N248T0314_p1-Day0-BCP13-cell,T0314_p1-Day0-BCP13-cell,p1-Day0-BCP13-cell-K4-I08,I08,p1-Day0-BCP13-cell-K4-I08,p1,I08,49245.5625,87890.99219,36720,51756.29297,90634.375,37424,11206.80691,90.4184273,294.6210702,1823.208846,1937.369974,4582.990816,basal
exp6,N248,N232,N248T0315_p1-Day0-BCP13-cell,T0315_p1-Day0-BCP13-cell,p1-Day0-BCP13-cell-K4-I09,I09,p1-Day0-BCP13-cell-K4-I09,p1,I09,30009.07031,80528.80469,24422,78192.67188,75665.34375,67725,10734.37591,108.4300715,487.0269894,3581.366645,1697.426805,6909.853024,basal
exp6,N248,N232,N248T0316_p1-Day0-BCP13-cell,T0316_p1-Day0-BCP13-cell,p1-Day0-BCP13-cell-K4-I10,I10,p1-Day0-BCP13-cell-K4-I10,p1,I10,36090.60156,86369.67969,27385,96677.96094,86542.82813,73211,14954.56307,184.5240393,60.43286256,1197.945501,1337.593951,3739.348281,basal
exp6,N248,N232,N248T0317_p1-Day0-BCP13-cell,T0317_p1-Day0-BCP13-cell,p1-Day0-BCP13-cell-K4-I11,I11,p1-Day0-BCP13-cell-K4-I11,p1,I11,46840.42969,84370.44531,36384,48395.24219,81176.07813,39071,9639.32181,54.28207076,644.9042402,1110.282048,1361.565417,4985.319521,basal
exp6,N248,N232,N248T0318_p1-Day0-BCP13-cell,T0318_p1-Day0-BCP13-cell,p1-Day0-BCP13-cell-K4-I12,I12,p1-Day0-BCP13-cell-K4-I12,p1,I12,19828.90039,100046.7109,12989,80081.26563,104591.7734,50178,16361.32731,125.5568791,1234.392572,1042.854277,1342.560959,6423.176057,basal
exp6,N248,N232,N248T0329_p1-Day0-BCP13-cell,T0329_p1-Day0-BCP13-cell,p1-Day0-BCP13-cell-K4-J01,J01,p1-Day0-BCP13-cell-K4-J01,p1,J01,38051.65234,90412.34375,27582,93168.5,91891.14844,66447,17691.91905,172.559854,499.1666767,1285.690412,1255.31886,9368.406186,basal
exp6,N248,N232,N248T0330_p1-Day0-BCP13-cell,T0330_p1-Day0-BCP13-cell,p1-Day0-BCP13-cell-K4-J02,J02,p1-Day0-BCP13-cell-K4-J02,p1,J02,49458.5,119729.3281,27072,92312.96094,120336.9922,50274,21227.06643,252.744074,1126.797169,4022.41129,3255.621324,10093.50243,basal
exp6,N248,N232,N248T0331_p1-Day0-BCP13-cell,T0331_p1-Day0-BCP13-cell,p1-Day0-BCP13-cell-K4-J03,J03,p1-Day0-BCP13-cell-K4-J03,p1,J03,26174.33008,76946.16406,22293,45585.15234,79585.17969,37538,4943.294555,93.21713532,314.4842392,1578.449547,875.6170173,5863.151362,basal
exp6,N248,N232,N248T0332_p1-Day0-BCP13-cell,T0332_p1-Day0-BCP13-cell,p1-Day0-BCP13-cell-K4-J04,J04,p1-Day0-BCP13-cell-K4-J04,p1,J04,47967.92188,93426.82031,33648,33205.03906,98293.75781,22139,4718.082674,23.26968286,47.09869971,584.4811104,1074.794405,4515.670082,basal
exp6,N248,N232,N248T0333_p1-Day0-BCP13-cell,T0333_p1-Day0-BCP13-cell,p1-Day0-BCP13-cell-K4-J05,J05,p1-Day0-BCP13-cell-K4-J05,p1,J05,58985.29297,102908.6406,37564,99425.97656,107526.2109,60599,16033.11671,148.3426679,78.43347247,4467.015048,2487.265152,13107.93091,basal
exp6,N248,N232,N248T0334_p1-Day0-BCP13-cell,T0334_p1-Day0-BCP13-cell,p1-Day0-BCP13-cell-K4-J06,J06,p1-Day0-BCP13-cell-K4-J06,p1,J06,23939.37109,78582.05469,19965,50075.28125,87805.58594,37375,6793.383382,73.79334266,327.0553392,2565.138676,455.3658596,3178.030935,basal
exp6,N248,N232,N248T0335_p1-Day0-BCP13-cell,T0335_p1-Day0-BCP13-cell,p1-Day0-BCP13-cell-K4-J07,J07,p1-Day0-BCP13-cell-K4-J07,p1,J07,49265.58203,86941.75781,37136,48561.11328,91527.45313,34771,11484.43674,118.6265702,1619.846086,1685.176784,2168.184664,6433.219896,basal
exp6,N248,N232,N248T0336_p1-Day0-BCP13-cell,T0336_p1-Day0-BCP13-cell,p1-Day0-BCP13-cell-K4-J08,J08,p1-Day0-BCP13-cell-K4-J08,p1,J08,33426.12109,77689.63281,28197,31913,77458.25781,27001,5928.454825,79.16194703,348.527671,1371.946713,786.7295982,4231.066239,basal
exp6,N248,N232,N248T0337_p1-Day0-BCP13-cell,T0337_p1-Day0-BCP13-cell,p1-Day0-BCP13-cell-K4-J09,J09,p1-Day0-BCP13-cell-K4-J09,p1,J09,44102.24219,82511.1875,35029,33172.0625,87918.64844,24727,5203.319866,30.90441342,192.1800856,1416.373479,3081.793601,6084.962977,basal
exp6,N248,N232,N248T0338_p1-Day0-BCP13-cell,T0338_p1-Day0-BCP13-cell,p1-Day0-BCP13-cell-K4-J10,J10,p1-Day0-BCP13-cell-K4-J10,p1,J10,48652.24219,84137.46875,37896,35913.28125,89798.27344,26210,6687.715683,42.56276935,383.2470789,616.9574611,2263.659058,4559.514326,basal
exp6,N248,N232,N248T0339_p1-Day0-BCP13-cell,T0339_p1-Day0-BCP13-cell,p1-Day0-BCP13-cell-K4-J11,J11,p1-Day0-BCP13-cell-K4-J11,p1,J11,44562.70313,79737.38281,36626,34612.51172,76342.53125,29713,9192.303788,81.26866818,211.1765827,1671.606135,1225.889251,5890.073308,basal
exp6,N248,N232,N248T0340_p1-Day0-BCP13-cell,T0340_p1-Day0-BCP13-cell,p1-Day0-BCP13-cell-K4-J12,J12,p1-Day0-BCP13-cell-K4-J12,p1,J12,52853.71094,89594.70313,38661,53220.02344,87682.32813,39778,7502.226113,95.66978711,263.1121184,716.1573915,860.3668856,5652.776101,basal
exp6,N248,N232,N248T0353_p1-Day0-BCP13-cell,T0353_p1-Day0-BCP13-cell,p1-Day0-BCP13-cell-K4-K01,K01,p1-Day0-BCP13-cell-K4-K01,p1,K01,33133.10156,84091.50781,25822,51668.02344,84805.53906,39928,11169.14198,74.41136467,1633.209722,1235.068182,964.6598744,3509.735839,basal
exp6,N248,N232,N248T0354_p1-Day0-BCP13-cell,T0354_p1-Day0-BCP13-cell,p1-Day0-BCP13-cell-K4-K02,K02,p1-Day0-BCP13-cell-K4-K02,p1,K02,22540.70117,86686.67188,17041,57502.57031,80794.29688,46643,14810.85873,78.79034385,268.9752935,1228.118487,1274.006174,5544.127383,basal
exp6,N248,N232,N248T0355_p1-Day0-BCP13-cell,T0355_p1-Day0-BCP13-cell,p1-Day0-BCP13-cell-K4-K03,K03,p1-Day0-BCP13-cell-K4-K03,p1,K03,41738.0625,82031.66406,33345,22603.91016,74775.11719,19811,8815.157176,52.33734643,152.7831918,597.7622781,854.2616539,2043.195568,basal
exp6,N248,N232,N248T0356_p1-Day0-BCP13-cell,T0356_p1-Day0-BCP13-cell,p1-Day0-BCP13-cell-K4-K04,K04,p1-Day0-BCP13-cell-K4-K04,p1,K04,36302.63281,80189.0625,29669,67378.14063,77476.46875,56994,11096.94609,171.6275282,184.8570881,1358.227544,1187.534087,5161.680599,basal
exp6,N248,N232,N248T0357_p1-Day0-BCP13-cell,T0357_p1-Day0-BCP13-cell,p1-Day0-BCP13-cell-K4-K05,K05,p1-Day0-BCP13-cell-K4-K05,p1,K05,35753.90234,86228.29688,27174,57433.70313,85484.65625,44031,4529.858019,101.8687543,316.8312723,685.2820285,1355.085495,2247.277067,basal
exp6,N248,N232,N248T0358_p1-Day0-BCP13-cell,T0358_p1-Day0-BCP13-cell,p1-Day0-BCP13-cell-K4-K06,K06,p1-Day0-BCP13-cell-K4-K06,p1,K06,39328.38281,82843.4375,31112,42080.54297,78261.83594,35238,10817.72011,141.4386025,270.1469605,1422.208424,2757.869979,2334.43883,basal
exp6,N248,N232,N248T0359_p1-Day0-BCP13-cell,T0359_p1-Day0-BCP13-cell,p1-Day0-BCP13-cell-K4-K07,K07,p1-Day0-BCP13-cell-K4-K07,p1,K07,44418.01172,88887.5625,32749,47650.28125,85280.69531,36618,13776.14678,108.5796447,220.067378,758.4344374,1325.634057,6188.500614,basal
exp6,N248,N232,N248T0360_p1-Day0-BCP13-cell,T0360_p1-Day0-BCP13-cell,p1-Day0-BCP13-cell-K4-K08,K08,p1-Day0-BCP13-cell-K4-K08,p1,K08,56910.49219,94203.01563,39592,50032.60156,93432.96875,35094,9735.833328,93.74301804,423.525477,1315.092587,3681.131655,3968.062103,basal
exp6,N248,N232,N248T0361_p1-Day0-BCP13-cell,T0361_p1-Day0-BCP13-cell,p1-Day0-BCP13-cell-K4-K09,K09,p1-Day0-BCP13-cell-K4-K09,p1,K09,53102.14063,87472.71875,39785,34405.90234,89951.9375,25067,10632.48983,150.5425238,399.8409154,1705.78443,1183.661677,3413.857729,basal
exp6,N248,N232,N248T0362_p1-Day0-BCP13-cell,T0362_p1-Day0-BCP13-cell,p1-Day0-BCP13-cell-K4-K10,K10,p1-Day0-BCP13-cell-K4-K10,p1,K10,38877.92969,87626.09375,29077,30471.58008,85341.26563,23400,3809.007365,71.67013931,591.1975087,518.3047059,760.820483,2501.359048,basal
exp6,N248,N232,N248T0363_p1-Day0-BCP13-cell,T0363_p1-Day0-BCP13-cell,p1-Day0-BCP13-cell-K4-K11,K11,p1-Day0-BCP13-cell-K4-K11,p1,K11,37958.83203,82242.46875,30248,60072.10156,87095.375,45202,10773.32191,74.50292479,1199.004306,1700.648754,1248.124659,6716.592278,basal
exp6,N248,N232,N248T0364_p1-Day0-BCP13-cell,T0364_p1-Day0-BCP13-cell,p1-Day0-BCP13-cell-K4-K12,K12,p1-Day0-BCP13-cell-K4-K12,p1,K12,45146.92188,87744.61719,33720,29141.71094,85777.28906,22265,9350.506162,156.4873961,-132.3575498,445.4571024,1770.829926,2004.618504,basal
exp6,N248,N232,N248T0377_p1-Day0-BCP13-cell,T0377_p1-Day0-BCP13-cell,p1-Day0-BCP13-cell-K4-L01,L01,p1-Day0-BCP13-cell-K4-L01,p1,L01,49846.16016,86402.82813,37808,45940.17188,84545.08594,35611,14502.09419,55.24149987,118.1160818,1062.069494,1065.371389,5128.255249,basal
exp6,N248,N232,N248T0378_p1-Day0-BCP13-cell,T0378_p1-Day0-BCP13-cell,p1-Day0-BCP13-cell-K4-L02,L02,p1-Day0-BCP13-cell-K4-L02,p1,L02,46643.87109,82492.79688,37056,42856.54297,84766.29688,33134,3223.625791,48.04551922,230.6735654,1537.619162,3028.606674,4896.257136,basal
exp6,N248,N232,N248T0379_p1-Day0-BCP13-cell,T0379_p1-Day0-BCP13-cell,p1-Day0-BCP13-cell-K4-L03,L03,p1-Day0-BCP13-cell-K4-L03,p1,L03,40474.98047,81604.9375,32505,35269.19922,83438.10156,27702,7735.042802,59.18861395,163.1980599,1174.099348,2687.857842,3864.407776,basal
exp6,N248,N232,N248T0380_p1-Day0-BCP13-cell,T0380_p1-Day0-BCP13-cell,p1-Day0-BCP13-cell-K4-L04,L04,p1-Day0-BCP13-cell-K4-L04,p1,L04,21644.35156,85791.96094,16534,91072.33594,76348.16406,78175,14892.241,151.8392733,1202.414649,629.8946165,1000.683608,7008.537395,basal
exp6,N248,N232,N248T0381_p1-Day0-BCP13-cell,T0381_p1-Day0-BCP13-cell,p1-Day0-BCP13-cell-K4-L05,L05,p1-Day0-BCP13-cell-K4-L05,p1,L05,39433.03125,82917.28906,31167,45814.07031,82128.97656,36558,12577.27939,166.156792,554.3820147,1409.569566,982.9404598,6363.188641,basal
exp6,N248,N232,N248T0382_p1-Day0-BCP13-cell,T0382_p1-Day0-BCP13-cell,p1-Day0-BCP13-cell-K4-L06,L06,p1-Day0-BCP13-cell-K4-L06,p1,L06,42242.20313,87383.14063,31681,69167.78906,80584.88281,56251,9178.104724,115.7397452,299.8288942,1914.040559,725.5122324,3345.684779,basal
exp6,N248,N232,N248T0383_p1-Day0-BCP13-cell,T0383_p1-Day0-BCP13-cell,p1-Day0-BCP13-cell-K4-L07,L07,p1-Day0-BCP13-cell-K4-L07,p1,L07,41947.35938,80864.28906,33996,35822.10156,78184.20313,30027,4088.453874,118.2000947,101.0683949,831.7190194,2135.946648,3834.197271,basal
exp6,N248,N232,N248T0384_p1-Day0-BCP13-cell,T0384_p1-Day0-BCP13-cell,p1-Day0-BCP13-cell-K4-L08,L08,p1-Day0-BCP13-cell-K4-L08,p1,L08,23686.39063,86139.02344,18021,41722.60938,78233.32031,34951,3227.780054,92.12434825,10.9224117,528.7309291,511.9965204,2939.321114,basal
exp6,N248,N232,N248T0385_p1-Day0-BCP13-cell,T0385_p1-Day0-BCP13-cell,p1-Day0-BCP13-cell-K4-L09,L09,p1-Day0-BCP13-cell-K4-L09,p1,L09,43472.51953,91499.34375,31137,37404.17188,91188.14844,26882,5819.151417,82.62105496,1436.625279,950.1297508,3556.821761,3596.921166,basal
exp6,N248,N232,N248T0386_p1-Day0-BCP13-cell,T0386_p1-Day0-BCP13-cell,p1-Day0-BCP13-cell-K4-L10,L10,p1-Day0-BCP13-cell-K4-L10,p1,L10,43599.92188,84826.01563,33685,57701.42188,83841.875,45103,11789.71648,-11.76617111,113.5529979,1512.212271,1008.073382,5600.770456,basal
exp6,N248,N232,N248T0387_p1-Day0-BCP13-cell,T0387_p1-Day0-BCP13-cell,p1-Day0-BCP13-cell-K4-L11,L11,p1-Day0-BCP13-cell-K4-L11,p1,L11,32333.21094,82258.90625,25760,52258.75,77840.57031,43998,12342.62975,124.827661,542.3596133,1382.111531,1324.560697,4287.391349,basal
exp6,N248,N232,N248T0388_p1-Day0-BCP13-cell,T0388_p1-Day0-BCP13-cell,p1-Day0-BCP13-cell-K4-L12,L12,p1-Day0-BCP13-cell-K4-L12,p1,L12,49021.70313,88187.92969,36430,49264.36328,83408.84375,38708,10043.9873,110.5696389,268.5467632,2620.748668,2805.570311,5344.230575,basal
exp6,N248,N232,N248T0389_p1-Day0-BCP13-cell,T0389_p1-Day0-BCP13-cell,p1-Day0-BCP13-cell-K4-M01,M01,p1-Day0-BCP13-cell-K4-M01,p1,M01,27022.45117,72923.35156,24285,45618.13281,71191.83594,41994,7279.985111,106.7669921,127.8112506,1360.589807,755.0662746,2667.519934,basal
exp6,N248,N232,N248T0390_p1-Day0-BCP13-cell,T0390_p1-Day0-BCP13-cell,p1-Day0-BCP13-cell-K4-M02,M02,p1-Day0-BCP13-cell-K4-M02,p1,M02,39265.58984,88353.98438,29125,47942.25,94281.86719,33325,4192.827617,90.87981445,385.7533023,505.640103,2191.972433,1997.129798,basal
exp6,N248,N232,N248T0391_p1-Day0-BCP13-cell,T0391_p1-Day0-BCP13-cell,p1-Day0-BCP13-cell-K4-M03,M03,p1-Day0-BCP13-cell-K4-M03,p1,M03,27618.5,75792.72656,23881,67293.75,72671.84375,60686,11836.0288,123.9672379,236.0219882,739.976523,807.3439386,4830.29851,basal
exp6,N248,N232,N248T0392_p1-Day0-BCP13-cell,T0392_p1-Day0-BCP13-cell,p1-Day0-BCP13-cell-K4-M04,M04,p1-Day0-BCP13-cell-K4-M04,p1,M04,38537.58984,74356.69531,33966,48130.42969,72468.77344,43526,4384.329403,93.5271515,109.4368997,1507.103507,753.2645412,3998.899566,basal
exp6,N248,N232,N248T0393_p1-Day0-BCP13-cell,T0393_p1-Day0-BCP13-cell,p1-Day0-BCP13-cell-K4-M05,M05,p1-Day0-BCP13-cell-K4-M05,p1,M05,66288.95313,112404.2734,38649,78452.63281,106057.8359,48478,24740.04702,177.2957667,880.0485571,1469.997474,940.8676691,8831.859447,basal
exp6,N248,N232,N248T0394_p1-Day0-BCP13-cell,T0394_p1-Day0-BCP13-cell,p1-Day0-BCP13-cell-K4-M06,M06,p1-Day0-BCP13-cell-K4-M06,p1,M06,37105.25,86931.32813,27973,83366.65625,82383.625,66318,11732.85772,135.4099566,1180.450905,1208.313946,1079.80254,6275.595357,basal
exp6,N248,N232,N248T0395_p1-Day0-BCP13-cell,T0395_p1-Day0-BCP13-cell,p1-Day0-BCP13-cell-K4-M07,M07,p1-Day0-BCP13-cell-K4-M07,p1,M07,70363.02344,105266.6563,43806,119040.3438,94575.375,82489,12929.24867,305.575327,3273.427675,856.8800214,1943.665901,2126.33842,basal
exp6,N248,N232,N248T0396_p1-Day0-BCP13-cell,T0396_p1-Day0-BCP13-cell,p1-Day0-BCP13-cell-K4-M08,M08,p1-Day0-BCP13-cell-K4-M08,p1,M08,36564.71094,89816.52344,26680,139132.9219,84388.84375,108050,8152.99733,292.7443225,949.0176499,2132.070133,2267.816053,10539.17603,basal
exp6,N248,N232,N248T0397_p1-Day0-BCP13-cell,T0397_p1-Day0-BCP13-cell,p1-Day0-BCP13-cell-K4-M09,M09,p1-Day0-BCP13-cell-K4-M09,p1,M09,42489.72266,83944.49219,33172,39674.94141,85085.80469,30559,9467.601007,63.57899622,171.6934691,549.6025038,730.1960682,2677.233053,basal
exp6,N248,N232,N248T0398_p1-Day0-BCP13-cell,T0398_p1-Day0-BCP13-cell,p1-Day0-BCP13-cell-K4-M10,M10,p1-Day0-BCP13-cell-K4-M10,p1,M10,36433.67188,80865.54688,29527,24432.36133,91643.72656,17472,4238.578093,33.82029868,111.1016136,628.2565639,1306.631031,3428.460643,basal
exp6,N248,N232,N248T0399_p1-Day0-BCP13-cell,T0399_p1-Day0-BCP13-cell,p1-Day0-BCP13-cell-K4-M11,M11,p1-Day0-BCP13-cell-K4-M11,p1,M11,39686.92188,84900.35156,30635,79346.96875,88192.30469,58963,7268.675936,146.2013073,241.4716228,1736.697657,1523.254053,7393.953109,basal
exp6,N248,N232,N248T0400_p1-Day0-BCP13-cell,T0400_p1-Day0-BCP13-cell,p1-Day0-BCP13-cell-K4-M12,M12,p1-Day0-BCP13-cell-K4-M12,p1,M12,31636.15039,89090.1875,23272,121116.1406,78934.22656,100558,10276.27815,1203.579032,1648.509249,1645.505867,3273.521649,3480.078321,basal
exp6,N248,N232,N248T0401_p1-Day0-BCP13-cell,T0401_p1-Day0-BCP13-cell,p1-Day0-BCP13-cell-K4-N01,N01,p1-Day0-BCP13-cell-K4-N01,p1,N01,45425.38281,83323.94531,35728,34952.98047,80476.34375,28464,10481.5062,118.8704402,-37.42467177,588.7605804,2560.069893,2618.45612,basal
exp6,N248,N232,N248T0402_p1-Day0-BCP13-cell,T0402_p1-Day0-BCP13-cell,p1-Day0-BCP13-cell-K4-N02,N02,p1-Day0-BCP13-cell-K4-N02,p1,N02,55782.08984,124087.2734,29461,153102.8594,113325.7578,88539,35835.36061,331.8681741,733.1168991,4790.408244,3728.989329,16569.93411,basal
exp6,N248,N232,N248T0403_p1-Day0-BCP13-cell,T0403_p1-Day0-BCP13-cell,p1-Day0-BCP13-cell-K4-N03,N03,p1-Day0-BCP13-cell-K4-N03,p1,N03,39220.08984,97534.55469,26353,44460.92188,104384.5703,27914,9349.911156,124.6365805,597.5498006,926.5882301,2589.438878,3754.699397,basal
exp6,N248,N232,N248T0404_p1-Day0-BCP13-cell,T0404_p1-Day0-BCP13-cell,p1-Day0-BCP13-cell-K4-N04,N04,p1-Day0-BCP13-cell-K4-N04,p1,N04,65709.28125,101213.3281,42547,55847.75,99128.92188,36922,16521.6564,50.02593052,15.83259433,955.0518439,5118.86311,6433.311501,basal
exp6,N248,N232,N248T0405_p1-Day0-BCP13-cell,T0405_p1-Day0-BCP13-cell,p1-Day0-BCP13-cell-K4-N05,N05,p1-Day0-BCP13-cell-K4-N05,p1,N05,39946.26953,88541.92188,29567,99810.09375,96128.42188,68046,12014.43541,182.8189596,195.7041778,776.2519165,2325.886033,4542.91705,basal
exp6,N248,N232,N248T0406_p1-Day0-BCP13-cell,T0406_p1-Day0-BCP13-cell,p1-Day0-BCP13-cell-K4-N06,N06,p1-Day0-BCP13-cell-K4-N06,p1,N06,18004.34961,80723.34375,14617,62187.67188,77084.4375,52871,12153.01869,38.55889373,-170.1316665,1232.76266,973.4258002,5131.485202,basal
exp6,N248,N232,N248T0407_p1-Day0-BCP13-cell,T0407_p1-Day0-BCP13-cell,p1-Day0-BCP13-cell-K4-N07,N07,p1-Day0-BCP13-cell-K4-N07,p1,N07,75300.67969,138578.125,35611,111857.4922,125229.6328,58538,16297.17081,76.21586899,454.9914697,1916.653414,2654.400805,8991.840701,basal
exp6,N248,N232,N248T0408_p1-Day0-BCP13-cell,T0408_p1-Day0-BCP13-cell,p1-Day0-BCP13-cell-K4-N08,N08,p1-Day0-BCP13-cell-K4-N08,p1,N08,29927.16992,78890.91406,24861,51180.11328,76968.65625,43578,11779.29452,43.58200889,-26.83295055,382.0826289,1010.925179,3993.919558,basal
exp6,N248,N232,N248T0409_p1-Day0-BCP13-cell,T0409_p1-Day0-BCP13-cell,p1-Day0-BCP13-cell-K4-N09,N09,p1-Day0-BCP13-cell-K4-N09,p1,N09,41394.99219,82108.42969,33040,34169.22266,80964.42969,27658,8866.221661,68.22928924,1372.397285,667.0982255,2255.089367,5932.841184,basal
exp6,N248,N232,N248T0410_p1-Day0-BCP13-cell,T0410_p1-Day0-BCP13-cell,p1-Day0-BCP13-cell-K4-N10,N10,p1-Day0-BCP13-cell-K4-N10,p1,N10,51584.26172,91240.04688,37052,79096.71094,95735.27344,54146,8221.811858,291.2327021,2334.814381,967.773774,1523.490898,1235.304438,basal
exp6,N248,N232,N248T0411_p1-Day0-BCP13-cell,T0411_p1-Day0-BCP13-cell,p1-Day0-BCP13-cell-K4-N11,N11,p1-Day0-BCP13-cell-K4-N11,p1,N11,37463.79297,120425.1172,20388,96802.125,117986.6484,53769,12886.14356,-45.48708014,3450.491294,1015.303649,626.3636535,9717.96148,basal
exp6,N248,N232,N248T0412_p1-Day0-BCP13-cell,T0412_p1-Day0-BCP13-cell,p1-Day0-BCP13-cell-K4-N12,N12,p1-Day0-BCP13-cell-K4-N12,p1,N12,41743.51953,87581.74219,31236,49599.01172,91983.72656,35338,9681.981995,77.26655761,42.35061545,756.3046258,1237.529023,4081.839861,basal
exp6,N248,N232,N248T0413_p1-Day0-BCP13-cell,T0413_p1-Day0-BCP13-cell,p1-Day0-BCP13-cell-K4-O01,NA,p1-Day0-BCP13-nocell-K4-P12,p1,NA,,,,,,,,,,,,,
exp6,N248,N232,N248T0414_p1-Day0-BCP13-cell,T0414_p1-Day0-BCP13-cell,p1-Day0-BCP13-cell-K4-O02,O01,p1-Day0-BCP13-cell-K4-O01,p1,O01,42938.35156,90546.61719,31078,46225.35156,100149.5781,30249,8254.557011,99.75284409,2289.370167,879.2748778,2505.836798,4229.509809,basal
exp6,N248,N232,N248T0415_p1-Day0-BCP13-cell,T0415_p1-Day0-BCP13-cell,p1-Day0-BCP13-cell-K4-O03,O02,p1-Day0-BCP13-cell-K4-O02,p1,O02,40276.60156,80945.97656,32609,46472.70313,82820.33594,36774,7238.79407,140.4023558,230.7254723,559.8215216,898.1683675,3882.443778,basal
exp6,N248,N232,N248T0416_p1-Day0-BCP13-cell,T0416_p1-Day0-BCP13-cell,p1-Day0-BCP13-cell-K4-O04,O03,p1-Day0-BCP13-cell-K4-O03,p1,O03,59721.48047,96420.64063,40592,47695.87109,110812.4219,28208,11647.07201,40.2133762,1179.879329,1030.629277,3534.732644,6715.098813,basal
exp6,N248,N232,N248T0417_p1-Day0-BCP13-cell,T0417_p1-Day0-BCP13-cell,p1-Day0-BCP13-cell-K4-O05,O04,p1-Day0-BCP13-cell-K4-O04,p1,O04,42514.29297,103193.2188,27000,35176.08203,102850.8828,22414,3625.325251,117.541116,821.4031828,1236.6744,3764.1176,5328.305676,basal
exp6,N248,N232,N248T0418_p1-Day0-BCP13-cell,T0418_p1-Day0-BCP13-cell,p1-Day0-BCP13-cell-K4-O06,O05,p1-Day0-BCP13-cell-K4-O05,p1,O05,44823.87109,90242.61719,32552,35100.42188,88672.47656,25942,9006.146149,5.794843162,692.4035925,1659.829815,1438.77028,5192.062084,basal
exp6,N248,N232,N248T0419_p1-Day0-BCP13-cell,T0419_p1-Day0-BCP13-cell,p1-Day0-BCP13-cell-K4-O07,O06,p1-Day0-BCP13-cell-K4-O06,p1,O06,37235.38281,77653.39844,31425,62770.64063,77368.05469,53171,11182.99773,243.8071074,615.4470153,1287.807052,1132.167165,8290.248092,basal
exp6,N248,N232,N248T0420_p1-Day0-BCP13-cell,T0420_p1-Day0-BCP13-cell,p1-Day0-BCP13-cell-K4-O08,O07,p1-Day0-BCP13-cell-K4-O07,p1,O07,43315.08984,84000.04688,33794,37571.98047,77017.21094,31971,5139.929094,115.9035356,19.81285316,536.2457019,2289.548139,2202.309371,basal
exp6,N248,N232,N248T0421_p1-Day0-BCP13-cell,T0421_p1-Day0-BCP13-cell,p1-Day0-BCP13-cell-K4-O09,O08,p1-Day0-BCP13-cell-K4-O08,p1,O08,42133.91016,83289.23438,33153,33223.47266,82895.51563,26266,8529.293262,40.42333225,-133.0417073,955.2920076,1955.424657,3045.178026,basal
exp6,N248,N232,N248T0422_p1-Day0-BCP13-cell,T0422_p1-Day0-BCP13-cell,p1-Day0-BCP13-cell-K4-O10,O09,p1-Day0-BCP13-cell-K4-O09,p1,O09,45862.17969,88066.5625,34129,52338.29297,85148.64063,40283,5110.667431,92.34446292,134.2559783,546.9744312,888.1007058,3327.867705,basal
exp6,N248,N232,N248T0423_p1-Day0-BCP13-cell,T0423_p1-Day0-BCP13-cell,p1-Day0-BCP13-cell-K4-O11,O10,p1-Day0-BCP13-cell-K4-O10,p1,O10,36415.47266,82527.29688,28918,59890.71094,77461.96094,50670,5990.267792,92.81670064,218.7564654,462.4505356,744.6704872,3680.398522,basal
exp6,N248,N232,N248T0424_p1-Day0-BCP13-cell,T0424_p1-Day0-BCP13-cell,p1-Day0-BCP13-cell-K4-O12,O11,p1-Day0-BCP13-cell-K4-O11,p1,O11,46774,89557.69531,34228,83441.34375,86987.97656,62864,20261.57437,169.8075911,1345.58758,1736.178473,2298.083033,12141.53206,basal
exp6,N248,N232,N248T0425_p1-Day0-BCP13-cell,T0425_p1-Day0-BCP13-cell,p1-Day0-BCP13-cell-K4-P01,O12,p1-Day0-BCP13-cell-K4-O12,p1,O12,40668.8125,94255.80469,28277,40061,107463.375,24431,7686.674749,149.8250229,254.2301457,312.7023028,1731.906521,2536.375206,basal
exp6,N248,N232,N248T0426_p1-Day0-BCP13-cell,T0426_p1-Day0-BCP13-cell,p1-Day0-BCP13-cell-K4-P02,P01,p1-Day0-BCP13-cell-K4-P01,p1,P01,65351.65234,114589.1953,37376,140341.5469,151126.7656,60859,20493.07384,191.9108216,944.8774212,3897.384968,2937.665952,11923.93228,basal
exp6,N248,N232,N248T0427_p1-Day0-BCP13-cell,T0427_p1-Day0-BCP13-cell,p1-Day0-BCP13-cell-K4-P03,P02,p1-Day0-BCP13-cell-K4-P02,p1,P02,33059.39063,86566.25781,25028,75409.74219,89065.25781,55488,8434.982165,126.1314252,821.948068,1297.554281,1590.950072,6761.091689,basal
exp6,N248,N232,N248T0428_p1-Day0-BCP13-cell,T0428_p1-Day0-BCP13-cell,p1-Day0-BCP13-cell-K4-P04,P03,p1-Day0-BCP13-cell-K4-P03,p1,P03,47959.73047,89099.92969,35276,53338.36328,88212.14844,39627,9929.552293,132.8872695,115.3977185,866.533827,1886.572457,5096.00282,basal
exp6,N248,N232,N248T0429_p1-Day0-BCP13-cell,T0429_p1-Day0-BCP13-cell,p1-Day0-BCP13-cell-K4-P05,P04,p1-Day0-BCP13-cell-K4-P04,p1,P04,44603.65234,82818.02344,35296,35742.5625,76985.0625,30427,10339.59323,94.38800878,553.5756587,1611.435014,4977.346225,4015.919007,basal
exp6,N248,N232,N248T0430_p1-Day0-BCP13-cell,T0430_p1-Day0-BCP13-cell,p1-Day0-BCP13-cell-K4-P06,P05,p1-Day0-BCP13-cell-K4-P05,p1,P05,23577.19141,81392.48438,18984,70809.03125,82707.28906,56108,11447.1201,119.2300531,651.0881939,792.641202,2650.19835,3267.071275,basal
exp6,N248,N232,N248T0431_p1-Day0-BCP13-cell,T0431_p1-Day0-BCP13-cell,p1-Day0-BCP13-cell-K4-P07,P06,p1-Day0-BCP13-cell-K4-P06,p1,P06,42349.58203,81948.21875,33868,36711.58984,85395.42969,28174,3939.790931,44.22338005,-227.18973,790.754744,1210.931907,3062.313997,basal
exp6,N248,N232,N248T0432_p1-Day0-BCP13-cell,T0432_p1-Day0-BCP13-cell,p1-Day0-BCP13-cell-K4-P08,P07,p1-Day0-BCP13-cell-K4-P07,p1,P07,43809.22266,85981.11719,33392,40787.53125,93391.5,28622,10358.01653,58.51710053,98.35578347,947.8534444,1751.36698,5920.296528,basal
exp6,N248,N232,N248T0433_p1-Day0-BCP13-cell,T0433_p1-Day0-BCP13-cell,p1-Day0-BCP13-cell-K4-P09,P08,p1-Day0-BCP13-cell-K4-P08,p1,P08,44348.85156,82147.10938,35381,65773.76563,91653.36719,47031,3999.693738,245.0528658,4962.204455,500.1273331,2129.405996,8112.286152,basal
exp6,N248,N232,N248T0434_p1-Day0-BCP13-cell,T0434_p1-Day0-BCP13-cell,p1-Day0-BCP13-cell-K4-P10,P09,p1-Day0-BCP13-cell-K4-P09,p1,P09,47342.75,88644.74219,35001,40092.04297,84959.98438,30926,6951.403628,71.57050135,494.9565014,539.4112188,1132.952041,5595.532346,basal
exp6,N248,N232,N248T0435_p1-Day0-BCP13-cell,T0435_p1-Day0-BCP13-cell,p1-Day0-BCP13-cell-K4-P11,P10,p1-Day0-BCP13-cell-K4-P10,p1,P10,70113.67969,128222.1797,35836,83505.35938,145104.2656,37715,4728.557214,79.49232805,2874.99607,1716.418275,1280.313934,3203.889259,basal
exp6,N248,N232,N248T0436_p1-Day0-BCP13-nocell,T0436_p1-Day0-BCP13-nocell,p1-Day0-BCP13-nocell-K4-P12,P11,p1-Day0-BCP13-cell-K4-P11,p1,P11,46578.35156,101265.8906,30144,40315.14063,100433.0859,26307,12048.98838,52.19293589,615.6047035,1004.008516,1119.364684,6543.736371,basal
exp7,N248,N242,,,,A01,10-Day0-LCP11-K4-A01,p10,A01,,,,,,,,,,,,,luminal
exp7,N248,N242,,,,B01,10-Day0-LCP11-K4-B01,p10,B01,,,,,,,,,,,,,luminal
exp7,N248,N242,,,,C01,10-Day0-LCP11-K4-C01,p10,C01,,,,,,,,,,,,,luminal
exp7,N248,N242,,,,D01,10-Day0-LCP11-K4-D01,p10,D01,,,,,,,,,,,,,luminal
exp7,N248,N242,,,,E01,10-Day0-LCP11-K4-E01,p10,E01,,,,,,,,,,,,,luminal
exp7,N248,N242,,,,F01,10-Day0-LCP11-K4-F01,p10,F01,,,,,,,,,,,,,luminal
exp7,N248,N242,,,,G01,10-Day0-LCP11-K4-G01,p10,G01,,,,,,,,,,,,,luminal
exp7,N248,N242,,,,H01,10-Day0-LCP11-K4-H01,p10,H01,,,,,,,,,,,,,luminal
exp7,N248,N242,,,,I01,10-Day0-LCP11-K4-I01,p10,I01,,,,,,,,,,,,,luminal
exp7,N248,N242,,,,J01,10-Day0-LCP11-K4-J01,p10,J01,,,,,,,,,,,,,luminal
exp7,N248,N242,,,,K01,10-Day0-LCP11-K4-K01,p10,K01,,,,,,,,,,,,,luminal
exp7,N248,N242,,,,L01,10-Day0-LCP11-K4-L01,p10,L01,,,,,,,,,,,,,luminal
exp7,N248,N242,,,,M01,10-Day0-LCP11-K4-M01,p10,M01,,,,,,,,,,,,,luminal
exp7,N248,N242,,,,N01,10-Day0-LCP11-K4-N01,p10,N01,,,,,,,,,,,,,luminal
exp7,N248,N242,,,,O01,10-Day0-LCP11-K4-O01,p10,O01,,,,,,,,,,,,,luminal
exp7,N248,N242,,,,P01,10-Day0-LCP11-K4-P01,p10,P01,,,,,,,,,,,,,luminal
exp7,N248,N242,,,,A02,10-Day0-LCP11-K4-A02,p10,A02,,,,,,,,,,,,,luminal
exp7,N248,N242,,,,B02,10-Day0-LCP11-K4-B02,p10,B02,,,,,,,,,,,,,luminal
exp7,N248,N242,,,,C02,10-Day0-LCP11-K4-C02,p10,C02,,,,,,,,,,,,,luminal
exp7,N248,N242,,,,D02,10-Day0-LCP11-K4-D02,p10,D02,,,,,,,,,,,,,luminal
exp7,N248,N242,,,,E02,10-Day0-LCP11-K4-E02,p10,E02,,,,,,,,,,,,,luminal
exp7,N248,N242,,,,F02,10-Day0-LCP11-K4-F02,p10,F02,,,,,,,,,,,,,luminal
exp7,N248,N242,,,,G02,10-Day0-LCP11-K4-G02,p10,G02,,,,,,,,,,,,,luminal
exp7,N248,N242,,,,H02,10-Day0-LCP11-K4-H02,p10,H02,,,,,,,,,,,,,luminal
exp7,N248,N242,,,,I02,10-Day0-LCP11-K4-I02,p10,I02,,,,,,,,,,,,,luminal
exp7,N248,N242,,,,J02,10-Day0-LCP11-K4-J02,p10,J02,,,,,,,,,,,,,luminal
exp7,N248,N242,,,,K02,10-Day0-LCP11-K4-K02,p10,K02,,,,,,,,,,,,,luminal
exp7,N248,N242,,,,L02,10-Day0-LCP11-K4-L02,p10,L02,,,,,,,,,,,,,luminal
exp7,N248,N242,,,,M02,10-Day0-LCP11-K4-M02,p10,M02,,,,,,,,,,,,,luminal
exp7,N248,N242,,,,N02,10-Day0-LCP11-K4-N02,p10,N02,,,,,,,,,,,,,luminal
exp7,N248,N242,,,,O02,10-Day0-LCP11-K4-O02,p10,O02,,,,,,,,,,,,,luminal
exp7,N248,N242,,,,P02,10-Day0-LCP11-K4-P02,p10,P02,,,,,,,,,,,,,luminal
exp7,N248,N242,,,,A03,10-Day0-LCP11-K4-A03,p10,A03,,,,,,,,,,,,,luminal
exp7,N248,N242,,,,B03,10-Day0-LCP11-K4-B03,p10,B03,,,,,,,,,,,,,luminal
exp7,N248,N242,,,,C03,10-Day0-LCP11-K4-C03,p10,C03,,,,,,,,,,,,,luminal
exp7,N248,N242,,,,D03,10-Day0-LCP11-K4-D03,p10,D03,,,,,,,,,,,,,luminal
exp7,N248,N242,,,,E03,10-Day0-LCP11-K4-E03,p10,E03,,,,,,,,,,,,,luminal
exp7,N248,N242,,,,F03,10-Day0-LCP11-K4-F03,p10,F03,,,,,,,,,,,,,luminal
exp7,N248,N242,,,,G03,10-Day0-LCP11-K4-G03,p10,G03,,,,,,,,,,,,,luminal
exp7,N248,N242,,,,H03,10-Day0-LCP11-K4-H03,p10,H03,,,,,,,,,,,,,luminal
exp7,N248,N242,,,,I03,10-Day0-LCP11-K4-I03,p10,I03,,,,,,,,,,,,,luminal
exp7,N248,N242,,,,J03,10-Day0-LCP11-K4-J03,p10,J03,,,,,,,,,,,,,luminal
exp7,N248,N242,,,,K03,10-Day0-LCP11-K4-K03,p10,K03,,,,,,,,,,,,,luminal
exp7,N248,N242,,,,L03,10-Day0-LCP11-K4-L03,p10,L03,,,,,,,,,,,,,luminal
exp7,N248,N242,,,,M03,10-Day0-LCP11-K4-M03,p10,M03,,,,,,,,,,,,,luminal
exp7,N248,N242,,,,N03,10-Day0-LCP11-K4-N03,p10,N03,,,,,,,,,,,,,luminal
exp7,N248,N242,,,,O03,10-Day0-LCP11-K4-O03,p10,O03,,,,,,,,,,,,,luminal
exp7,N248,N242,,,,P03,10-Day0-LCP11-K4-P03,p10,P03,,,,,,,,,,,,,luminal
exp7,N248,N242,,,,A04,10-Day0-LCP11-K4-A04,p10,A04,,,,,,,,,,,,,luminal
exp7,N248,N242,,,,B04,10-Day0-LCP11-K4-B04,p10,B04,,,,,,,,,,,,,luminal
exp7,N248,N242,,,,C04,10-Day0-LCP11-K4-C04,p10,C04,,,,,,,,,,,,,luminal
exp7,N248,N242,,,,D04,10-Day0-LCP11-K4-D04,p10,D04,,,,,,,,,,,,,luminal
exp7,N248,N242,,,,E04,10-Day0-LCP11-K4-E04,p10,E04,,,,,,,,,,,,,luminal
exp7,N248,N242,,,,F04,10-Day0-LCP11-K4-F04,p10,F04,,,,,,,,,,,,,luminal
exp7,N248,N242,,,,G04,10-Day0-LCP11-K4-G04,p10,G04,,,,,,,,,,,,,luminal
exp7,N248,N242,,,,H04,10-Day0-LCP11-K4-H04,p10,H04,,,,,,,,,,,,,luminal
exp7,N248,N242,,,,I04,10-Day0-LCP11-K4-I04,p10,I04,,,,,,,,,,,,,luminal
exp7,N248,N242,,,,J04,10-Day0-LCP11-K4-J04,p10,J04,,,,,,,,,,,,,luminal
exp7,N248,N242,,,,K04,10-Day0-LCP11-K4-K04,p10,K04,,,,,,,,,,,,,luminal
exp7,N248,N242,,,,L04,10-Day0-LCP11-K4-L04,p10,L04,,,,,,,,,,,,,luminal
exp7,N248,N242,,,,M04,10-Day0-LCP11-K4-M04,p10,M04,,,,,,,,,,,,,luminal
exp7,N248,N242,,,,N04,10-Day0-LCP11-K4-N04,p10,N04,,,,,,,,,,,,,luminal
exp7,N248,N242,,,,O04,10-Day0-LCP11-K4-O04,p10,O04,,,,,,,,,,,,,luminal
exp7,N248,N242,,,,P04,10-Day0-LCP11-K4-P04,p10,P04,,,,,,,,,,,,,luminal
exp7,N248,N242,,,,A05,10-Day0-LCP11-K4-A05,p10,A05,,,,,,,,,,,,,luminal
exp7,N248,N242,,,,B05,10-Day0-LCP11-K4-B05,p10,B05,,,,,,,,,,,,,luminal
exp7,N248,N242,,,,C05,10-Day0-LCP11-K4-C05,p10,C05,,,,,,,,,,,,,luminal
exp7,N248,N242,,,,D05,10-Day0-LCP11-K4-D05,p10,D05,,,,,,,,,,,,,luminal
exp7,N248,N242,,,,E05,10-Day0-LCP11-K4-E05,p10,E05,,,,,,,,,,,,,luminal
exp7,N248,N242,,,,F05,10-Day0-LCP11-K4-F05,p10,F05,,,,,,,,,,,,,luminal
exp7,N248,N242,,,,G05,10-Day0-LCP11-K4-G05,p10,G05,,,,,,,,,,,,,luminal
exp7,N248,N242,,,,H05,10-Day0-LCP11-K4-H05,p10,H05,,,,,,,,,,,,,luminal
exp7,N248,N242,,,,I05,10-Day0-LCP11-K4-I05,p10,I05,,,,,,,,,,,,,luminal
exp7,N248,N242,,,,J05,10-Day0-LCP11-K4-J05,p10,J05,,,,,,,,,,,,,luminal
exp7,N248,N242,,,,K05,10-Day0-LCP11-K4-K05,p10,K05,,,,,,,,,,,,,luminal
exp7,N248,N242,,,,L05,10-Day0-LCP11-K4-L05,p10,L05,,,,,,,,,,,,,luminal
exp7,N248,N242,,,,M05,10-Day0-LCP11-K4-M05,p10,M05,,,,,,,,,,,,,luminal
exp7,N248,N242,,,,N05,10-Day0-LCP11-K4-N05,p10,N05,,,,,,,,,,,,,luminal
exp7,N248,N242,,,,O05,10-Day0-LCP11-K4-O05,p10,O05,,,,,,,,,,,,,luminal
exp7,N248,N242,,,,P05,10-Day0-LCP11-K4-P05,p10,P05,,,,,,,,,,,,,luminal
exp7,N248,N242,,,,A06,10-Day0-LCP11-K4-A06,p10,A06,,,,,,,,,,,,,luminal
exp7,N248,N242,,,,B06,10-Day0-LCP11-K4-B06,p10,B06,,,,,,,,,,,,,luminal
exp7,N248,N242,,,,C06,10-Day0-LCP11-K4-C06,p10,C06,,,,,,,,,,,,,luminal
exp7,N248,N242,,,,D06,10-Day0-LCP11-K4-D06,p10,D06,,,,,,,,,,,,,luminal
exp7,N248,N242,,,,E06,10-Day0-LCP11-K4-E06,p10,E06,,,,,,,,,,,,,luminal
exp7,N248,N242,,,,F06,10-Day0-LCP11-K4-F06,p10,F06,,,,,,,,,,,,,luminal
exp7,N248,N242,,,,G06,10-Day0-LCP11-K4-G06,p10,G06,,,,,,,,,,,,,luminal
exp7,N248,N242,,,,H06,10-Day0-LCP11-K4-H06,p10,H06,,,,,,,,,,,,,luminal
exp7,N248,N242,,,,I06,10-Day0-LCP11-K4-I06,p10,I06,,,,,,,,,,,,,luminal
exp7,N248,N242,,,,J06,10-Day0-LCP11-K4-J06,p10,J06,,,,,,,,,,,,,luminal
exp7,N248,N242,,,,K06,10-Day0-LCP11-K4-K06,p10,K06,,,,,,,,,,,,,luminal
exp7,N248,N242,,,,L06,10-Day0-LCP11-K4-L06,p10,L06,,,,,,,,,,,,,luminal
exp7,N248,N242,,,,M06,10-Day0-LCP11-K4-M06,p10,M06,,,,,,,,,,,,,luminal
exp7,N248,N242,,,,N06,10-Day0-LCP11-K4-N06,p10,N06,,,,,,,,,,,,,luminal
exp7,N248,N242,,,,O06,10-Day0-LCP11-K4-O06,p10,O06,,,,,,,,,,,,,luminal
exp7,N248,N242,,,,P06,10-Day0-LCP11-K4-P06,p10,P06,,,,,,,,,,,,,luminal
exp7,N248,N242,,,,A07,10-Day0-LCP11-K4-A07,p10,A07,,,,,,,,,,,,,luminal
exp7,N248,N242,,,,B07,10-Day0-LCP11-K4-B07,p10,B07,,,,,,,,,,,,,luminal
exp7,N248,N242,,,,C07,10-Day0-LCP11-K4-C07,p10,C07,,,,,,,,,,,,,luminal
exp7,N248,N242,,,,D07,10-Day0-LCP11-K4-D07,p10,D07,,,,,,,,,,,,,luminal
exp7,N248,N242,,,,E07,10-Day0-LCP11-K4-E07,p10,E07,,,,,,,,,,,,,luminal
exp7,N248,N242,,,,F07,10-Day0-LCP11-K4-F07,p10,F07,,,,,,,,,,,,,luminal
exp7,N248,N242,,,,G07,10-Day0-LCP11-K4-G07,p10,G07,,,,,,,,,,,,,luminal
exp7,N248,N242,,,,H07,10-Day0-LCP11-K4-H07,p10,H07,,,,,,,,,,,,,luminal
exp7,N248,N242,,,,I07,10-Day0-LCP11-K4-I07,p10,I07,,,,,,,,,,,,,luminal
exp7,N248,N242,,,,J07,10-Day0-LCP11-K4-J07,p10,J07,,,,,,,,,,,,,luminal
exp7,N248,N242,,,,K07,10-Day0-LCP11-K4-K07,p10,K07,,,,,,,,,,,,,luminal
exp7,N248,N242,,,,L07,10-Day0-LCP11-K4-L07,p10,L07,,,,,,,,,,,,,luminal
exp7,N248,N242,,,,M07,10-Day0-LCP11-K4-M07,p10,M07,,,,,,,,,,,,,luminal
exp7,N248,N242,,,,N07,10-Day0-LCP11-K4-N07,p10,N07,,,,,,,,,,,,,luminal
exp7,N248,N242,,,,O07,10-Day0-LCP11-K4-O07,p10,O07,,,,,,,,,,,,,luminal
exp7,N248,N242,,,,P07,10-Day0-LCP11-K4-P07,p10,P07,,,,,,,,,,,,,luminal
exp7,N248,N242,,,,A08,10-Day0-LCP11-K4-A08,p10,A08,,,,,,,,,,,,,luminal
exp7,N248,N242,,,,B08,10-Day0-LCP11-K4-B08,p10,B08,,,,,,,,,,,,,luminal
exp7,N248,N242,,,,C08,10-Day0-LCP11-K4-C08,p10,C08,,,,,,,,,,,,,luminal
exp7,N248,N242,,,,D08,10-Day0-LCP11-K4-D08,p10,D08,,,,,,,,,,,,,luminal
exp7,N248,N242,,,,E08,10-Day0-LCP11-K4-E08,p10,E08,,,,,,,,,,,,,luminal
exp7,N248,N242,,,,F08,10-Day0-LCP11-K4-F08,p10,F08,,,,,,,,,,,,,luminal
exp7,N248,N242,,,,G08,10-Day0-LCP11-K4-G08,p10,G08,,,,,,,,,,,,,luminal
exp7,N248,N242,,,,H08,10-Day0-LCP11-K4-H08,p10,H08,,,,,,,,,,,,,luminal
exp7,N248,N242,,,,I08,10-Day0-LCP11-K4-I08,p10,I08,,,,,,,,,,,,,luminal
exp7,N248,N242,,,,J08,10-Day0-LCP11-K4-J08,p10,J08,,,,,,,,,,,,,luminal
exp7,N248,N242,,,,K08,10-Day0-LCP11-K4-K08,p10,K08,,,,,,,,,,,,,luminal
exp7,N248,N242,,,,L08,10-Day0-LCP11-K4-L08,p10,L08,,,,,,,,,,,,,luminal
exp7,N248,N242,,,,M08,10-Day0-LCP11-K4-M08,p10,M08,,,,,,,,,,,,,luminal
exp7,N248,N242,,,,N08,10-Day0-LCP11-K4-N08,p10,N08,,,,,,,,,,,,,luminal
exp7,N248,N242,,,,O08,10-Day0-LCP11-K4-O08,p10,O08,,,,,,,,,,,,,luminal
exp7,N248,N242,,,,P08,10-Day0-LCP11-K4-P08,p10,P08,,,,,,,,,,,,,luminal
exp7,N248,N242,,,,A09,10-Day0-LCP11-K4-A09,p10,A09,,,,,,,,,,,,,luminal
exp7,N248,N242,,,,B09,10-Day0-LCP11-K4-B09,p10,B09,,,,,,,,,,,,,luminal
exp7,N248,N242,,,,C09,10-Day0-LCP11-K4-C09,p10,C09,,,,,,,,,,,,,luminal
exp7,N248,N242,,,,D09,10-Day0-LCP11-K4-D09,p10,D09,,,,,,,,,,,,,luminal
exp7,N248,N242,,,,E09,10-Day0-LCP11-K4-E09,p10,E09,,,,,,,,,,,,,luminal
exp7,N248,N242,,,,F09,10-Day0-LCP11-K4-F09,p10,F09,,,,,,,,,,,,,luminal
exp7,N248,N242,,,,G09,10-Day0-LCP11-K4-G09,p10,G09,,,,,,,,,,,,,luminal
exp7,N248,N242,,,,H09,10-Day0-LCP11-K4-H09,p10,H09,,,,,,,,,,,,,luminal
exp7,N248,N242,,,,I09,10-Day0-LCP11-K4-I09,p10,I09,,,,,,,,,,,,,luminal
exp7,N248,N242,,,,J09,10-Day0-LCP11-K4-J09,p10,J09,,,,,,,,,,,,,luminal
exp7,N248,N242,,,,K09,10-Day0-LCP11-K4-K09,p10,K09,,,,,,,,,,,,,luminal
exp7,N248,N242,,,,L09,10-Day0-LCP11-K4-L09,p10,L09,,,,,,,,,,,,,luminal
exp7,N248,N242,,,,M09,10-Day0-LCP11-K4-M09,p10,M09,,,,,,,,,,,,,luminal
exp7,N248,N242,,,,N09,10-Day0-LCP11-K4-N09,p10,N09,,,,,,,,,,,,,luminal
exp7,N248,N242,,,,O09,10-Day0-LCP11-K4-O09,p10,O09,,,,,,,,,,,,,luminal
exp7,N248,N242,,,,P09,10-Day0-LCP11-K4-P09,p10,P09,,,,,,,,,,,,,luminal
exp7,N248,N242,,,,A10,10-Day0-LCP11-K4-A10,p10,A10,,,,,,,,,,,,,luminal
exp7,N248,N242,,,,B10,10-Day0-LCP11-K4-B10,p10,B10,,,,,,,,,,,,,luminal
exp7,N248,N242,,,,C10,10-Day0-LCP11-K4-C10,p10,C10,,,,,,,,,,,,,luminal
exp7,N248,N242,,,,D10,10-Day0-LCP11-K4-D10,p10,D10,,,,,,,,,,,,,luminal
exp7,N248,N242,,,,E10,10-Day0-LCP11-K4-E10,p10,E10,,,,,,,,,,,,,luminal
exp7,N248,N242,,,,F10,10-Day0-LCP11-K4-F10,p10,F10,,,,,,,,,,,,,luminal
exp7,N248,N242,,,,G10,10-Day0-LCP11-K4-G10,p10,G10,,,,,,,,,,,,,luminal
exp7,N248,N242,,,,H10,10-Day0-LCP11-K4-H10,p10,H10,,,,,,,,,,,,,luminal
exp7,N248,N242,,,,I10,10-Day0-LCP11-K4-I10,p10,I10,,,,,,,,,,,,,luminal
exp7,N248,N242,,,,J10,10-Day0-LCP11-K4-J10,p10,J10,,,,,,,,,,,,,luminal
exp7,N248,N242,,,,K10,10-Day0-LCP11-K4-K10,p10,K10,,,,,,,,,,,,,luminal
exp7,N248,N242,,,,L10,10-Day0-LCP11-K4-L10,p10,L10,,,,,,,,,,,,,luminal
exp7,N248,N242,,,,M10,10-Day0-LCP11-K4-M10,p10,M10,,,,,,,,,,,,,luminal
exp7,N248,N242,,,,N10,10-Day0-LCP11-K4-N10,p10,N10,,,,,,,,,,,,,luminal
exp7,N248,N242,,,,O10,10-Day0-LCP11-K4-O10,p10,O10,,,,,,,,,,,,,luminal
exp7,N248,N242,,,,P10,10-Day0-LCP11-K4-P10,p10,P10,,,,,,,,,,,,,luminal
exp7,N248,N242,,,,A11,10-Day0-LCP11-K4-A11,p10,A11,,,,,,,,,,,,,luminal
exp7,N248,N242,,,,B11,10-Day0-LCP11-K4-B11,p10,B11,,,,,,,,,,,,,luminal
exp7,N248,N242,,,,C11,10-Day0-LCP11-K4-C11,p10,C11,,,,,,,,,,,,,luminal
exp7,N248,N242,,,,D11,10-Day0-LCP11-K4-D11,p10,D11,,,,,,,,,,,,,luminal
exp7,N248,N242,,,,E11,10-Day0-LCP11-K4-E11,p10,E11,,,,,,,,,,,,,luminal
exp7,N248,N242,,,,A12,10-Day0-LCP11-K4-F11,p10,F11,,,,,,,,,,,,,luminal
exp7,N248,N242,,,,B12,10-Day0-LCP11-K4-G11,p10,G11,,,,,,,,,,,,,luminal
exp7,N248,N242,,,,C12,10-Day0-LCP11-K4-H11,p10,H11,,,,,,,,,,,,,luminal
exp7,N248,N242,,,,D12,10-Day0-LCP11-K4-I11,p10,I11,,,,,,,,,,,,,luminal
exp7,N248,N242,,,,E12,10-Day0-LCP11-K4-J11,p10,J11,,,,,,,,,,,,,luminal
exp7,N248,N242,,,,F12,10-Day0-LCP11-K4-K11,p10,K11,,,,,,,,,,,,,luminal
exp7,N248,N242,,,,L11,10-Day0-LCP11-K4-L11,p10,L11,,,,,,,,,,,,,luminal
exp7,N248,N242,,,,M11,10-Day0-LCP11-K4-M11,p10,M11,,,,,,,,,,,,,luminal
exp7,N248,N242,,,,N11,10-Day0-LCP11-K4-N11,p10,N11,,,,,,,,,,,,,luminal
exp7,N248,N242,,,,O11,10-Day0-LCP11-K4-O11,p10,O11,,,,,,,,,,,,,luminal
exp7,N248,N242,,,,P11,10-Day0-LCP11-K4-P11,p10,P11,,,,,,,,,,,,,luminal
exp7,N248,N242,,,,A12,10-Day0-LCP11-K4-A12,p10,A12,,,,,,,,,,,,,luminal
exp7,N248,N242,,,,B12,10-Day0-LCP11-K4-B12,p10,B12,,,,,,,,,,,,,luminal
exp7,N248,N242,,,,C12,10-Day0-LCP11-K4-C12,p10,C12,,,,,,,,,,,,,luminal
exp7,N248,N242,,,,D12,10-Day0-LCP11-K4-D12,p10,D12,,,,,,,,,,,,,luminal
exp7,N248,N242,,,,E12,10-Day0-LCP11-K4-E12,p10,E12,,,,,,,,,,,,,luminal
exp7,N248,N242,,,,F12,10-Day0-LCP11-K4-F12,p10,F12,,,,,,,,,,,,,luminal
exp7,N248,N242,,,,G12,10-Day0-LCP11-K4-G12,p10,G12,,,,,,,,,,,,,luminal
exp7,N248,N242,,,,H12,10-Day0-LCP11-K4-H12,p10,H12,,,,,,,,,,,,,luminal
exp7,N248,N242,,,,I12,10-Day0-LCP11-K4-I12,p10,I12,,,,,,,,,,,,,luminal
exp7,N248,N242,,,,J12,10-Day0-LCP11-K4-J12,p10,J12,,,,,,,,,,,,,luminal
exp7,N248,N242,,,,K12,10-Day0-LCP11-K4-K12,p10,K12,,,,,,,,,,,,,luminal
exp7,N248,N242,,,,L12,10-Day0-LCP11-K4-L12,p10,L12,,,,,,,,,,,,,luminal
exp7,N248,N242,,,,M12,10-Day0-LCP11-K4-M12,p10,M12,,,,,,,,,,,,,luminal
exp7,N248,N242,,,,N12,10-Day0-LCP11-K4-N12,p10,N12,,,,,,,,,,,,,luminal
exp7,N248,N242,,,,O12,10-Day0-LCP11-K4-O12,p10,O12,,,,,,,,,,,,,luminal
exp7,N248,N242,,,,P12,10-Day0-LCP11-K4-P12nocell,p10,P12,,,,,,,,,,,,,
exp7,N248,N233,,,,A01,p11-Day0-LCP11-cell-K4-A01,p11,A01,117911.8047,97657.82031,79128,32840.78125,95325.25,22578,11182.37752,169.3790711,774.7949878,12620.68734,2170.615413,1517.245425,luminal
exp7,N248,N233,,,,B01,p11-Day0-LCP11-cell-K4-B01,p11,B01,104154.125,91716.86719,74423,37992.64063,117769.6484,21142,10097.17896,73.37318335,203.7988041,8478.385651,480.3188746,1660.940829,luminal
exp7,N248,N233,,,,C01,p11-Day0-LCP11-cell-K4-C01,p11,C01,79197.28125,105757.75,49077,33849.19922,108854.2734,20379,4008.892444,68.32825179,439.9112537,12594.8897,484.5214611,1381.650882,luminal
exp7,N248,N233,,,,D01,p11-Day0-LCP11-cell-K4-D01,p11,D01,104215.7656,119898.2656,56964,38002.44141,131551.25,18932,8300.101574,92.35767174,132.3402416,13034.60177,3744.181673,1091.739503,luminal
exp7,N248,N233,,,,E01,p11-Day0-LCP11-cell-K4-E01,p11,E01,46692.76172,91506.14063,33441,12029.5,89831.96094,8776,3573.431118,64.72429191,438.0699639,5773.898064,138.4002357,610.8033139,luminal
exp7,N248,N233,,,,F01,p11-Day0-LCP11-cell-K4-F01,p11,F01,135481.0469,114089.3047,77824,97558.02344,99868.21094,64020,12742.93888,163.6544567,875.9971715,11224.20232,3283.739103,1763.614022,luminal
exp7,N248,N233,,,,G01,p11-Day0-LCP11-cell-K4-G01,p11,G01,191123.5625,103185.4375,121388,55367.0625,98773.29688,36736,19906.87423,101.4530768,177.1202913,10959.72935,1517.225288,1220.964786,luminal
exp7,N248,N233,,,,H01,p11-Day0-LCP11-cell-K4-H01,p11,H01,155727.4844,98968.75,103121,60434.64063,96986.67969,40837,12465.80837,110.5672333,459.4807072,11760.68418,1372.572778,1918.928566,luminal
exp7,N248,N233,,,,I01,p11-Day0-LCP11-cell-K4-I01,p11,I01,203604.2813,106101.3438,125761,79321.20313,97830.03125,53137,10983.22705,191.8379852,876.1987657,11110.55239,1760.509628,1023.124663,luminal
exp7,N248,N233,,,,J01,p11-Day0-LCP11-cell-K4-J01,p11,J01,186167.5156,116817.7031,104442,73960.60156,112756.9297,42987,8551.828158,68.44805856,101.2356293,12014.53571,1443.121548,1507.390276,luminal
exp7,N248,N233,,,,K01,p11-Day0-LCP11-cell-K4-K01,p11,K01,215632.3594,110606.8359,127765,74072.32031,103452.4688,46924,25955.41935,176.496341,370.6535011,7633.928326,2030.09096,1071.93,luminal
exp7,N248,N233,,,,L01,p11-Day0-LCP11-cell-K4-L01,p11,L01,132607.875,103745.9375,83768,98419.44531,103154.0625,62528,13710.11237,184.6461863,1464.894442,17874.46498,1742.094862,2336.21271,luminal
exp7,N248,N233,,,,M01,p11-Day0-LCP11-cell-K4-M01,p11,M01,179029.25,101717.9609,115347,68485.34375,101064.0781,44410,18065.07692,115.8149567,475.5592649,15805.09432,547.7622783,1883.540215,luminal
exp7,N248,N233,,,,N01,p11-Day0-LCP11-cell-K4-N01,p11,N01,76266.16406,82925.6875,60273,50540.5625,87124.875,38017,1895.405602,87.2881558,226.12107,3673.573263,4036.05622,673.1072344,luminal
exp7,N248,N233,,,,O01,p11-Day0-LCP11-cell-K4-O01,p11,O01,80485.28125,90008.58594,58602,20694.66016,90901.15625,14920,14398.57267,36.30428441,50.13668391,4399.322325,149.1001188,527.9488876,luminal
exp7,N248,N233,,,,P01,p11-Day0-LCP11-cell-K4-P01,p11,P01,72507.03906,109701.3047,43316,87545.35938,95868.94531,59846,18948.70061,168.3917771,240.9427066,8568.989194,3056.552917,1372.57602,luminal
exp7,N248,N233,,,,A02,p11-Day0-LCP11-cell-K4-A02,p11,A02,62767,91798.66406,44810,23983.54102,92376.44531,17015,7541.45419,50.14163153,310.035518,6227.574312,389.2760967,1122.601778,luminal
exp7,N248,N233,,,,B02,p11-Day0-LCP11-cell-K4-B02,p11,B02,95933.92188,116221.6406,54096,63276.64063,109842.8672,37753,22452.49443,225.1788134,1444.028752,20458.0788,1092.651886,2831.541859,luminal
exp7,N248,N233,,,,C02,p11-Day0-LCP11-cell-K4-C02,p11,C02,90736.84375,90547.55469,65673,51391.19922,85911.125,39203,10040.22322,174.6033916,1038.28314,7364.976181,444.467565,770.9287464,luminal
exp7,N248,N233,,,,D02,p11-Day0-LCP11-cell-K4-D02,p11,D02,41024.64063,95826.03125,28057,18581.78125,101202.9922,12033,5531.024421,72.51874164,-12.46646976,2487.695144,245.5449082,640.167055,luminal
exp7,N248,N233,,,,E02,p11-Day0-LCP11-cell-K4-E02,p11,E02,96107.80469,106857.8281,58943,40435.78125,108838.4844,24348,10713.63685,181.04969,345.4004456,11808.90469,158.8511728,1707.153242,luminal
exp7,N248,N233,,,,F02,p11-Day0-LCP11-cell-K4-F02,p11,F02,190322.25,107740.9922,115768,53696.16016,103194.375,34101,22182.42149,102.5248592,230.8126437,11850.23683,1598.759019,1639.273273,luminal
exp7,N248,N233,,,,G02,p11-Day0-LCP11-cell-K4-G02,p11,G02,181825.125,104111.5859,114455,69977.88281,105170.6406,43606,11456.12592,177.8101018,895.1132577,13686.39806,2304.379063,2169.942376,luminal
exp7,N248,N233,,,,H02,p11-Day0-LCP11-cell-K4-H02,p11,H02,139343.2031,96254.95313,94873,54212.62109,87591.29688,40562,10593.45587,147.6817227,375.9195905,8620.948376,661.9166367,1188.301735,luminal
exp7,N248,N233,,,,I02,p11-Day0-LCP11-cell-K4-I02,p11,I02,154288.6094,97603.77344,103597,60501.28125,91549.57031,43310,8457.846494,128.9446243,531.0344791,10076.28961,2323.232277,2007.870947,luminal
exp7,N248,N233,,,,J02,p11-Day0-LCP11-cell-K4-J02,p11,J02,195866.1563,106791.0469,120200,81499.74219,108162.3984,49381,11249.52139,173.8835871,941.3793634,16658.75918,2824.642751,2159.444676,luminal
exp7,N248,N233,,,,K02,p11-Day0-LCP11-cell-K4-K02,p11,K02,113526.1641,105538.6328,70496,79447.625,100036.1172,52048,20868.54993,130.5665062,770.7298058,8842.457166,2904.866218,2347.595354,luminal
exp7,N248,N233,,,,L02,p11-Day0-LCP11-cell-K4-L02,p11,L02,142035.125,94396.25781,98610,60163.17969,91065.30469,43297,18073.33876,99.93507644,398.5446623,11525.75859,3010.949542,1580.671981,luminal
exp7,N248,N233,,,,M02,p11-Day0-LCP11-cell-K4-M02,p11,M02,128037.3203,116193.8281,72216,81058.74219,116021.2656,45787,13600.62033,114.370056,342.5665864,6997.814026,936.6469817,1089.970365,luminal
exp7,N248,N233,,,,N02,p11-Day0-LCP11-cell-K4-N02,p11,N02,205511.4375,106796.2656,126113,71853.60156,98179.79688,47963,24726.04347,145.9972028,677.6470615,16562.80575,1587.471506,1714.651271,luminal
exp7,N248,N233,,,,O02,p11-Day0-LCP11-cell-K4-O02,p11,O02,61117.44141,91799.42969,43632,17775.24023,87574.66406,13302,7821.677435,18.74428897,180.4707274,4204.50142,130.9421667,322.2380348,luminal
exp7,N248,N233,,,,P02,p11-Day0-LCP11-cell-K4-P02,p11,P02,83706.20313,102924.4375,53299,54036.22266,98081.14063,36106,6151.772767,86.48559881,123.3443968,3632.055475,1082.704905,502.0473441,luminal
exp7,N248,N233,,,,A03,p11-Day0-LCP11-cell-K4-A03,p11,A03,114092.8828,101718.0469,73509,48118.98047,99339.28906,31745,13880.46664,113.2076363,441.5401793,11670.85312,1075.432466,1541.735638,luminal
exp7,N248,N233,,,,B03,p11-Day0-LCP11-cell-K4-B03,p11,B03,76103.32031,99344.8125,50204,55924.67969,89462.01563,40968,12503.97923,131.9186734,-61.1841742,13250.55649,839.6658083,2154.432452,luminal
exp7,N248,N233,,,,C03,p11-Day0-LCP11-cell-K4-C03,p11,C03,49861.24219,91563.17188,35688,13532.82031,93072.39844,9529,2721.872928,24.56492481,224.3429018,7442.018285,202.1435947,919.2782034,luminal
exp7,N248,N233,,,,D03,p11-Day0-LCP11-cell-K4-D03,p11,D03,125838.5234,262143,27164,29993.88086,85002.34375,23125,6319.157563,1489.864783,22042.96132,2136.002886,51367.06123,-2123.498327,luminal
exp7,N248,N233,,,,E03,p11-Day0-LCP11-cell-K4-E03,p11,E03,83903.07813,115020.5469,47806,29228.5,107414.2891,17833,6060.036708,51.79024605,-437.8256454,8205.886218,-281.8350553,601.3814809,luminal
exp7,N248,N233,,,,F03,p11-Day0-LCP11-cell-K4-F03,p11,F03,112755.2031,97569.52344,75736,66735.0625,89677.03906,48770,11813.83128,196.9913897,336.7661419,15320.81745,971.1467481,1572.627382,luminal
exp7,N248,N233,,,,G03,p11-Day0-LCP11-cell-K4-G03,p11,G03,144944.1563,102214.0781,92933,75238.52344,97935.01563,50348,23455.49412,206.6600921,393.318187,12600.45784,2238.19944,1905.663293,luminal
exp7,N248,N233,,,,H03,p11-Day0-LCP11-cell-K4-H03,p11,H03,116658.7656,99312.17188,76983,115231.3438,95489.67969,79085,12086.30839,56.69244182,-768.833626,10135.32731,664.3016081,901.0618495,luminal
exp7,N248,N233,,,,I03,p11-Day0-LCP11-cell-K4-I03,p11,I03,125897.3984,88885.67969,92825,50696.38281,89169.03125,37260,15577.19381,90.34325597,326.14774,11290.21429,936.2398211,1379.50747,luminal
exp7,N248,N233,,,,J03,p11-Day0-LCP11-cell-K4-J03,p11,J03,201449.6406,105779.2578,124809,53310.04297,102533.5234,34074,21279.36931,104.1596445,344.6981765,13115.45173,1883.704992,1548.59146,luminal
exp7,N248,N233,,,,K03,p11-Day0-LCP11-cell-K4-K03,p11,K03,103002.2813,86083.92969,78416,56469.5625,88410.83594,41859,4287.404324,197.2614687,-109.4409825,6252.706988,4796.578426,391.2109926,luminal
exp7,N248,N233,,,,L03,p11-Day0-LCP11-cell-K4-L03,p11,L03,121138.2422,97972.60156,81032,76619.34375,96074.33594,52265,21609.71607,108.8229002,523.0383753,13368.86417,2858.969829,1882.405451,luminal
exp7,N248,N233,,,,M03,p11-Day0-LCP11-cell-K4-M03,p11,M03,97593.60156,100357.6563,63731,68746.02344,96625.11719,46627,22195.08707,51.66100269,-293.0615469,17198.96576,1242.972429,2762.659047,luminal
exp7,N248,N233,,,,N03,p11-Day0-LCP11-cell-K4-N03,p11,N03,170038.0781,101121.7422,110200,47552.53906,99043.47656,31465,18854.48893,95.8797116,492.0821238,10844.35145,2880.991638,1874.289699,luminal
exp7,N248,N233,,,,O03,p11-Day0-LCP11-cell-K4-O03,p11,O03,110962.125,97824.95313,74337,50858.08203,90783.77344,36714,16419.86609,116.1681636,408.1627876,5784.060442,1097.954999,690.2486367,luminal
exp7,N248,N233,,,,P03,p11-Day0-LCP11-cell-K4-P03,p11,P03,67189.4375,107014.5391,41147,25514.30078,98347.5625,17002,9044.486828,60.43041864,444.7330962,2411.282025,681.1344351,509.9300694,luminal
exp7,N248,N233,,,,A04,p11-Day0-LCP11-cell-K4-A04,p11,A04,75435.39844,104342.2188,47380,46304.01953,101021.3438,30039,11073.50836,154.7589633,433.4222671,15942.8541,1064.605945,2177.247726,luminal
exp7,N248,N233,,,,B04,p11-Day0-LCP11-cell-K4-B04,p11,B04,121093.1641,103151.5156,76935,53019.96094,108554.3516,32009,11047.19785,132.2100408,673.0142397,10259.097,1322.982035,827.1206107,luminal
exp7,N248,N233,,,,C04,p11-Day0-LCP11-cell-K4-C04,p11,C04,84205.75781,88703.46094,62213,22598.80078,90373.14063,16388,4564.381608,124.5428962,292.6501806,8884.305909,337.0411583,1493.842308,luminal
exp7,N248,N233,,,,D04,p11-Day0-LCP11-cell-K4-D04,p11,D04,66921.71875,84631.64844,51822,14854.83984,81487.13281,11947,3889.410722,64.8804829,411.8180661,5229.421613,158.411551,874.1993707,luminal
exp7,N248,N233,,,,E04,p11-Day0-LCP11-cell-K4-E04,p11,E04,44561.12109,100077.3672,29181,25583.88086,91306.71094,18363,3150.447048,74.34041921,-15.27992766,6941.689439,123.3944857,808.4954885,luminal
exp7,N248,N233,,,,F04,p11-Day0-LCP11-cell-K4-F04,p11,F04,199488.2031,113396.0625,115292,57419.17969,108981.5391,34529,26477.40902,103.214804,554.8923296,13844.04733,2350.415021,2254.983219,luminal
exp7,N248,N233,,,,G04,p11-Day0-LCP11-cell-K4-G04,p11,G04,159764.4375,98557.19531,106236,50509.19922,93505.00781,35401,15773.28956,117.7470218,107.7796831,8989.383845,1253.086656,1321.827778,luminal
exp7,N248,N233,,,,H04,p11-Day0-LCP11-cell-K4-H04,p11,H04,180120.3594,98120.34375,120305,81448.78125,90557.60156,58944,14624.8473,133.877273,1047.648558,25743.69495,1996.215972,2588.909598,luminal
exp7,N248,N233,,,,I04,p11-Day0-LCP11-cell-K4-I04,p11,I04,145101.4844,97184.14063,97849,80956.82031,92732.30469,57214,11500.92658,164.4715489,253.3692598,16100.68496,2425.318197,2218.306118,luminal
exp7,N248,N233,,,,J04,p11-Day0-LCP11-cell-K4-J04,p11,J04,143802.4375,96702.48438,97456,54259.66016,95058.84375,37408,8731.803474,112.5501205,611.8923645,13264.20437,2751.382474,1921.373202,luminal
exp7,N248,N233,,,,K04,p11-Day0-LCP11-cell-K4-K04,p11,K04,173123.7656,103089.6406,110058,64287.01953,91621.3125,45984,16496.04489,135.3295739,114.0492488,12464.49475,1291.471318,1095.7534,luminal
exp7,N248,N233,,,,L04,p11-Day0-LCP11-cell-K4-L04,p11,L04,92329.35938,86687.82813,69801,56406.83984,84877.71094,43553,16236.38023,94.59697581,519.4390442,5739.243233,1138.675471,771.8452737,luminal
exp7,N248,N233,,,,M04,p11-Day0-LCP11-cell-K4-M04,p11,M04,178323.6094,104291.7266,112057,55087.76172,96434.85156,37437,9120.128375,105.3312006,191.7244339,9880.366189,1212.41077,1095.521019,luminal
exp7,N248,N233,,,,N04,p11-Day0-LCP11-cell-K4-N04,p11,N04,174327.125,103174.3594,110732,95525.5,107249.3516,58372,8347.751648,190.9209336,484.3874516,17129.08217,2056.544999,2296.963881,luminal
exp7,N248,N233,,,,O04,p11-Day0-LCP11-cell-K4-O04,p11,O04,151741.125,123071.0078,80803,79806.30469,123121.1406,42480,18943.63255,133.5591326,-97.17909497,4029.205353,2610.626044,348.6884179,luminal
exp7,N248,N233,,,,P04,p11-Day0-LCP11-cell-K4-P04,p11,P04,74513.5625,111315.9844,43869,37148.85938,100478.2344,24230,12502.77046,93.69619051,191.5134853,2965.731377,1510.78002,471.9634135,luminal
exp7,N248,N233,,,,A05,p11-Day0-LCP11-cell-K4-A05,p11,A05,139277.875,124802.9688,73137,62384.83984,127175.9609,32148,19050.6696,336.9836413,956.4790399,17231.82077,1052.071467,3859.403188,luminal
exp7,N248,N233,,,,B05,p11-Day0-LCP11-cell-K4-B05,p11,B05,83142.24219,111127.625,49032,101674.0234,94551.22656,70473,19897.17827,208.884412,846.4709902,14609.8451,716.0842075,2302.181145,luminal
exp7,N248,N233,,,,C05,p11-Day0-LCP11-cell-K4-C05,p11,C05,106505.6406,106733.6563,65396,37599.66016,103840.3438,23730,8559.144776,157.282973,593.5719489,9579.880475,325.8161781,1388.119149,luminal
exp7,N248,N233,,,,D05,p11-Day0-LCP11-cell-K4-D05,p11,D05,81071.32031,100139.2891,53057,31118.91992,99077.41406,20584,12337.6544,172.6766243,1303.334229,14156.02811,260.7497717,2189.010213,luminal
exp7,N248,N233,,,,E05,p11-Day0-LCP11-cell-K4-E05,p11,E05,52598.24219,104815.8438,32887,19190.36133,100124.1563,12561,3655.579608,50.4015832,184.0280723,5482.564948,48.89903539,656.9036421,luminal
exp7,N248,N233,,,,F05,p11-Day0-LCP11-cell-K4-F05,p11,F05,185569.5156,99667.14063,122021,60638.48047,95055.94531,41807,17483.04825,96.39262732,284.0844135,9798.976843,676.0852314,1086.745947,luminal
exp7,N248,N233,,,,G05,p11-Day0-LCP11-cell-K4-G05,p11,G05,151966.5156,99263.21875,100332,54562.48047,98667.4375,36241,16571.42518,41.59134189,235.9478063,9626.421463,1643.22805,915.5044086,luminal
exp7,N248,N233,,,,H05,p11-Day0-LCP11-cell-K4-H05,p11,H05,130573.7656,87404.83594,97904,37952.46094,83534.92969,29775,7938.178486,87.29792053,255.6596132,12803.4652,820.2275788,1100.27522,luminal
exp7,N248,N233,,,,I05,p11-Day0-LCP11-cell-K4-I05,p11,I05,173185.4063,105844.1484,107232,74053.70313,96515.46875,50284,13468.01355,159.6452032,614.3529904,16769.58827,1762.029714,2050.644535,luminal
exp7,N248,N233,,,,J05,p11-Day0-LCP11-cell-K4-J05,p11,J05,185213.4844,117877.0234,102973,97783.42188,103938.6016,61655,18244.85686,141.0653642,421.2381821,17235.22782,1710.595087,1704.914124,luminal
exp7,N248,N233,,,,K05,p11-Day0-LCP11-cell-K4-K05,p11,K05,96613.80469,105268.3828,60148,111750.3828,90465.97656,80955,20335.68022,217.6521727,-29.74454548,7487.770837,1034.361497,1478.231689,luminal
exp7,N248,N233,,,,L05,p11-Day0-LCP11-cell-K4-L05,p11,L05,185457.2813,100506.3125,120929,62709.22266,95483.64844,43041,19146.74674,145.6365648,225.6694924,13700.63525,718.4329927,1337.607037,luminal
exp7,N248,N233,,,,M05,p11-Day0-LCP11-cell-K4-M05,p11,M05,115082.8047,111767.4453,67480,73497.0625,101087.1875,47649,5050.489279,-35.16339066,67.65395211,6408.679028,2158.885898,1023.321204,luminal
exp7,N248,N233,,,,N05,p11-Day0-LCP11-cell-K4-N05,p11,N05,137977.9219,87614.53906,103208,38793.30078,79725.23438,31889,14655.53773,73.24731591,182.224889,10001.98753,599.2382674,964.6500018,luminal
exp7,N248,N233,,,,O05,p11-Day0-LCP11-cell-K4-O05,p11,O05,133828.7188,131918.4688,66485,81178.30469,125314.4922,42454,14775.36822,205.2450375,340.2892587,5577.697939,3893.187858,822.1211706,luminal
exp7,N248,N233,,,,P05,p11-Day0-LCP11-cell-K4-P05,p11,P05,97478.60156,98288.47656,64996,102753.9844,91936.66406,73247,22716.16361,197.5565572,601.5204453,12350.75822,1392.095533,1920.453704,luminal
exp7,N248,N233,,,,A06,p11-Day0-LCP11-cell-K4-A06,p11,A06,88618.07813,107635.2344,53957,33088.71875,103890.3047,20873,11717.87997,145.4899989,142.3047298,9556.348096,455.515773,1215.690298,luminal
exp7,N248,N233,,,,B06,p11-Day0-LCP11-cell-K4-B06,p11,B06,42108.40234,87612.42969,31498,10928.95996,87049.14063,8228,4643.927108,66.68369682,292.5744246,6761.50621,133.2062409,902.3111103,luminal
exp7,N248,N233,,,,C06,p11-Day0-LCP11-cell-K4-C06,p11,C06,148542.2813,105081.6406,92641,47196.80078,103683.6172,29832,11214.2534,117.4410903,246.4907458,13725.17864,732.8442292,1651.240024,luminal
exp7,N248,N233,,,,D06,p11-Day0-LCP11-cell-K4-D06,p11,D06,78207.35938,87067.41406,58867,23132.90039,82572.85938,18360,3574.627279,62.57456729,635.1673542,10297.73266,269.1846995,1060.75504,luminal
exp7,N248,N233,,,,E06,p11-Day0-LCP11-cell-K4-E06,p11,E06,69043.24219,107263.8516,42184,58644.17969,101286.2109,37945,15855.92192,174.9516077,411.5646648,13032.00151,1199.16299,2578.290557,luminal
exp7,N248,N233,,,,F06,p11-Day0-LCP11-cell-K4-F06,p11,F06,186930.2031,105651.0156,115954,78467.625,110690.3906,46458,13573.64318,156.7674633,338.7393152,9498.665304,3994.151754,1033.199008,luminal
exp7,N248,N233,,,,G06,p11-Day0-LCP11-cell-K4-G06,p11,G06,118387.4453,92335.08594,84027,43858.92188,89201.46094,32223,13285.20755,63.02183513,248.9806056,5297.389879,565.4769845,711.152289,luminal
exp7,N248,N233,,,,H06,p11-Day0-LCP11-cell-K4-H06,p11,H06,119090.3203,101219.125,77107,99313.20313,99131.6875,65656,8790.566057,212.3280575,284.5496727,9045.618424,1670.817046,1524.532946,luminal
exp7,N248,N233,,,,I06,p11-Day0-LCP11-cell-K4-I06,p11,I06,119373.6797,104722.2344,74705,103235.1641,99604.26563,67925,12664.78153,163.3726356,518.3465895,14602.32645,2649.630989,1661.019075,luminal
exp7,N248,N233,,,,J06,p11-Day0-LCP11-cell-K4-J06,p11,J06,153224.1563,102754.6563,97725,83421.52344,100533.5156,54381,11164.10754,121.8799202,435.3940116,12060.71365,2160.572795,2731.385733,luminal
exp7,N248,N233,,,,K06,p11-Day0-LCP11-cell-K4-K06,p11,K06,108423.8438,98651.42969,72028,44646.83984,100923.5391,28992,8791.285381,119.9913403,465.6747981,6557.088849,511.624915,1572.634448,luminal
exp7,N248,N233,,,,L06,p11-Day0-LCP11-cell-K4-L06,p11,L06,196831.25,142616.6563,90449,60125.94141,148030.125,26619,24279.7915,146.2584424,169.9953774,5707.438866,1402.332333,1534.477762,luminal
exp7,N248,N233,,,,M06,p11-Day0-LCP11-cell-K4-M06,p11,M06,134209.6094,92552.70313,95033,37994.60156,88145.22656,28249,6160.954253,57.75186385,126.8940102,9096.000759,1683.386748,749.7188499,luminal
exp7,N248,N233,,,,N06,p11-Day0-LCP11-cell-K4-N06,p11,N06,94650.52344,92020.60156,67409,44783.0625,95270.5,30806,11785.35389,111.0517756,197.6966772,4272.330536,1195.852799,564.0208613,luminal
exp7,N248,N233,,,,O06,p11-Day0-LCP11-cell-K4-O06,p11,O06,117194.2031,94428.53125,81336,64556.51953,93037.25,45474,19179.06361,145.8208103,322.5753701,8318.142509,1542.562653,1168.432467,luminal
exp7,N248,N233,,,,P06,p11-Day0-LCP11-cell-K4-P06,p11,P06,85724.67969,84972.65625,66116,33880.5625,81455.53125,27259,9133.452858,-11.97196672,-350.2965064,3818.75063,642.8409948,424.5582444,luminal
exp7,N248,N233,,,,A07,p11-Day0-LCP11-cell-K4-A07,p11,A07,124454.8438,128358.3125,63543,51880.22266,157321.0313,21612,13421.23496,113.9396267,1137.613509,13935.52348,4110.481861,1722.876264,luminal
exp7,N248,N233,,,,B07,p11-Day0-LCP11-cell-K4-B07,p11,B07,152445.8438,137127.4063,72857,42039.0625,128351.8281,21465,16246.57446,130.8586646,164.7538391,17582.52362,-259.2646311,1591.587747,luminal
exp7,N248,N233,,,,C07,p11-Day0-LCP11-cell-K4-C07,p11,C07,50264.19922,96658.28906,34080,14332.5,99144.46875,9474,3502.881384,37.55505437,-21.5804618,7745.404906,469.9670126,777.833931,luminal
exp7,N248,N233,,,,D07,p11-Day0-LCP11-cell-K4-D07,p11,D07,98995.67969,93240.69531,69581,25436.88086,95614.08594,17435,4153.059568,39.23062226,-22.64125815,10562.76002,200.0263529,1252.743374,luminal
exp7,N248,N233,,,,E07,p11-Day0-LCP11-cell-K4-E07,p11,E07,145137.3594,102721.7109,92597,68731.32031,96596.16406,46631,18218.27716,161.8359512,283.302798,8073.796114,1297.434561,1451.978137,luminal
exp7,N248,N233,,,,F07,p11-Day0-LCP11-cell-K4-F07,p11,F07,126820.1641,104644.5156,79424,85301.16406,95886.82813,58301,26054.85734,146.2332057,288.0057327,12224.90368,1146.284526,1538.08293,luminal
exp7,N248,N233,,,,G07,p11-Day0-LCP11-cell-K4-G07,p11,G07,158382.6094,96343.53125,107737,51980.17969,92537.22656,36813,17235.13873,63.0021662,190.4052734,8351.400225,1177.999473,1285.379307,luminal
exp7,N248,N233,,,,H07,p11-Day0-LCP11-cell-K4-H07,p11,H07,146613.9688,96648.39063,99417,64667.26172,89707.13281,47243,22142.78631,191.7672866,768.6817292,13000.39515,2067.679588,1461.787178,luminal
exp7,N248,N233,,,,I07,p11-Day0-LCP11-cell-K4-I07,p11,I07,185110.4375,102323.7109,118559,63698.04297,101949.2344,40947,17488.40366,107.1106065,905.5984748,12466.76876,1083.909619,1412.742453,luminal
exp7,N248,N233,,,,J07,p11-Day0-LCP11-cell-K4-J07,p11,J07,205310.8906,105966.9141,126976,60540.48047,104059.5156,38128,14065.97481,43.67178067,641.3721906,12892.53788,1787.461347,1903.993528,luminal
exp7,N248,N233,,,,K07,p11-Day0-LCP11-cell-K4-K07,p11,K07,151727.3281,101025.1484,98427,86759.39844,91590.78125,62079,22448.00579,137.3128577,1017.119663,18344.60345,1557.7735,2669.538747,luminal
exp7,N248,N233,,,,L07,p11-Day0-LCP11-cell-K4-L07,p11,L07,134032.9688,98066.19531,89572,44982.98047,93214.59375,31626,12987.23535,56.40950071,144.8890849,6825.389928,707.7193213,941.4812044,luminal
exp7,N248,N233,,,,M07,p11-Day0-LCP11-cell-K4-M07,p11,M07,137912.6094,96155.59375,93996,38946.17969,92216.80469,27678,7240.274053,77.94287587,648.3093929,12037.5148,657.2659391,1008.140573,luminal
exp7,N248,N233,,,,N07,p11-Day0-LCP11-cell-K4-N07,p11,N07,103114.5234,87764.78906,76998,26158.16016,85216.54688,20117,9880.296671,30.58911452,369.9169074,5381.092868,634.1836478,915.822598,luminal
exp7,N248,N233,,,,O07,p11-Day0-LCP11-cell-K4-O07,p11,O07,77003.07813,113813.125,44340,30947.41992,115263.1328,17596,6888.348887,154.9384833,254.3800441,3896.356976,3103.675045,580.2051458,luminal
exp7,N248,N233,,,,P07,p11-Day0-LCP11-cell-K4-P07,p11,P07,129266.4453,113449.3984,74673,57863.12109,106269.4063,35684,17210.66134,61.75908214,-7.099291895,3472.64919,1882.576408,605.83338,luminal
exp7,N248,N233,,,,A08,p11-Day0-LCP11-cell-K4-A08,p11,A08,59512.96094,85793.125,45461,13338.78027,80361.30469,10878,5542.260151,37.24264081,454.3409351,5462.095555,167.8104332,822.4635535,luminal
exp7,N248,N233,,,,B08,p11-Day0-LCP11-cell-K4-B08,p11,B08,112426.7656,116521.4531,63233,49340.0625,112443.9375,28757,12719.00705,193.8361381,498.6348884,13987.41639,961.8525379,2309.077281,luminal
exp7,N248,N233,,,,C08,p11-Day0-LCP11-cell-K4-C08,p11,C08,71489.52344,107863.0156,43436,18932.62109,127284.3984,9748,3677.597984,99.25796258,378.4005808,5764.942411,1152.744551,534.5661607,luminal
exp7,N248,N233,,,,D08,p11-Day0-LCP11-cell-K4-D08,p11,D08,84604.125,100705,55058,82920.74219,93401.64063,58182,20643.97151,-128.385175,-1850.67836,12184.08479,729.64433,912.1497507,luminal
exp7,N248,N233,,,,E08,p11-Day0-LCP11-cell-K4-E08,p11,E08,123154.8828,98486.63281,81951,35929.74219,97285.23438,24204,12044.38826,109.865744,98.71396586,8054.855796,659.234794,876.3048925,luminal
exp7,N248,N233,,,,F08,p11-Day0-LCP11-cell-K4-F08,p11,F08,183202.3594,105897.5781,113377,63225.67969,98719.61719,41973,6449.159592,69.79545576,263.4279113,9197.698558,1179.202813,1172.054476,luminal
exp7,N248,N233,,,,G08,p11-Day0-LCP11-cell-K4-G08,p11,G08,134147.0469,107638.2422,81676,78813.5625,99697.44531,51808,12219.03923,126.3963748,383.8980325,10255.45348,3701.030422,2086.190743,luminal
exp7,N248,N233,,,,H08,p11-Day0-LCP11-cell-K4-H08,p11,H08,184836.2813,103607.9844,116916,69111.5625,98450.10938,46006,22304.11264,78.30025987,282.8127608,16496.8845,1714.088968,2242.775487,luminal
exp7,N248,N233,,,,I08,p11-Day0-LCP11-cell-K4-I08,p11,I08,104513.8438,106527.8359,64297,100646.9844,98748.45313,66796,25904.74759,236.150755,325.7300178,12482.42828,1842.510437,1407.007059,luminal
exp7,N248,N233,,,,J08,p11-Day0-LCP11-cell-K4-J08,p11,J08,157310.7969,122621.4531,84076,134421.7031,124026.2656,71029,16379.36105,153.1310117,435.1492728,12520.13808,2802.044662,1124.118868,luminal
exp7,N248,N233,,,,K08,p11-Day0-LCP11-cell-K4-K08,p11,K08,180350.3594,111420.0703,106080,94885.5625,110107.3047,56476,26598.7061,263.3931614,1118.045015,12948.93566,2416.536423,1372.378269,luminal
exp7,N248,N233,,,,L08,p11-Day0-LCP11-cell-K4-L08,p11,L08,184741.5156,120296.2891,100645,59143,125185.5781,30962,7308.219189,126.6214095,458.3834584,8248.976374,3945.860552,911.2091226,luminal
exp7,N248,N233,,,,M08,p11-Day0-LCP11-cell-K4-M08,p11,M08,112298.8828,85903.61719,85673,39464.60156,86540.58594,29886,12074.60476,94.56039981,373.9376265,7723.746656,647.6268413,1062.778925,luminal
exp7,N248,N233,,,,N08,p11-Day0-LCP11-cell-K4-N08,p11,N08,216748.3281,151471.2188,93779,186245.0781,149791.4844,81485,20337.23759,249.3884993,1376.179208,19910.45641,3407.139496,2515.878714,luminal
exp7,N248,N233,,,,O08,p11-Day0-LCP11-cell-K4-O08,p11,O08,125859.6797,112411.9531,73376,66556.70313,96099.5,45389,22487.74223,151.785975,843.2416068,9702.253546,1682.478752,1173.408844,luminal
exp7,N248,N233,,,,P08,p11-Day0-LCP11-cell-K4-A09,p11,P08,111106.5625,111323.9922,65408,40333.85938,104586.5234,25274,7489.268596,147.9653518,225.5460337,7687.814003,2707.147739,862.0754799,luminal
exp7,N248,N233,,,,B09,p11-Day0-LCP11-cell-K4-B09,p11,B09,125296.6406,102173.0156,80368,74083.10156,99768.00781,48664,18115.55126,255.8188263,490.9328427,11130.5999,833.9679104,2882.967566,luminal
exp7,N248,N233,,,,C09,p11-Day0-LCP11-cell-K4-C09,p11,C09,72579.71875,86513.24219,54981,17127.46094,95472.07813,11757,2854.886982,-60.13513227,-72.87194425,5914.851346,-167.1722207,733.5757585,luminal
exp7,N248,N233,,,,D09,p11-Day0-LCP11-cell-K4-D09,p11,D09,198430.2031,111813.1953,116304,71353.80469,106641.8047,43850,26891.20554,139.4391151,620.6264154,20420.94304,1404.76962,1508.667888,luminal
exp7,N248,N233,,,,E09,p11-Day0-LCP11-cell-K4-E09,p11,E09,48156.48047,101845.3359,30988,13184.91992,101359.1641,8525,4075.974496,101.6362933,243.8676693,11957.03532,91.24782022,1623.354436,luminal
exp7,N248,N233,,,,F09,p11-Day0-LCP11-cell-K4-F09,p11,F09,111946.5234,84792.8125,86523,31329.62109,87259.58594,23530,9290.595709,132.1250563,344.4642392,10715.85139,519.8690012,982.1153184,luminal
exp7,N248,N233,,,,G09,p11-Day0-LCP11-cell-K4-G09,p11,G09,187657,98658.60938,124655,106139.8828,94880.64063,73313,16776.03804,135.3984245,-413.2142604,7407.092922,2065.054798,1228.772104,luminal
exp7,N248,N233,,,,H09,p11-Day0-LCP11-cell-K4-H09,p11,H09,213985.5625,105700.875,132674,74622.10156,99589.33594,49106,14377.89157,18.68118608,226.5555192,18579.44284,2229.273921,1616.941312,luminal
exp7,N248,N233,,,,I09,p11-Day0-LCP11-cell-K4-I09,p11,I09,123033.4453,99096.92188,81366,95462.78125,93957.41406,66586,23739.2716,159.9832076,798.5745864,18186.05332,2389.698431,1859.504843,luminal
exp7,N248,N233,,,,J09,p11-Day0-LCP11-cell-K4-J09,p11,J09,104083.2813,96005.65625,71050,88560.64063,87541.45313,66299,21525.02049,163.8513891,163.0773554,13012.20742,1152.31201,1878.33569,luminal
exp7,N248,N233,,,,K09,p11-Day0-LCP11-cell-K4-K09,p11,K09,127611.3594,104531.3828,80006,73029.60156,98924.53125,48381,23981.76582,109.9505215,271.7014963,15426.44618,2045.293541,2292.737126,luminal
exp7,N248,N233,,,,L09,p11-Day0-LCP11-cell-K4-L09,p11,L09,185365.2813,100109.5859,121348,67605.30469,93169.47656,47554,22379.51121,178.7511615,139.2507377,11377.66479,2058.918842,1464.09072,luminal
exp7,N248,N233,,,,M09,p11-Day0-LCP11-cell-K4-M09,p11,M09,208311.9219,106233.2578,128509,79432.92188,94986.15625,54805,20441.62042,178.1376988,595.6343967,11262.02504,1724.831915,1123.16358,luminal
exp7,N248,N233,,,,N09,p11-Day0-LCP11-cell-K4-N09,p11,N09,177158.8906,107272.2031,108232,87333.67969,106230.7422,53878,24183.56132,244.0893045,649.9605184,15045.57393,2564.463323,2415.765673,luminal
exp7,N248,N233,,,,O09,p11-Day0-LCP11-cell-K4-O09,p11,O09,117315.6406,111250.3203,69109,41748,104507.1406,26180,5628.85247,79.11926263,0.535459457,5001.296888,1444.319295,840.0886583,luminal
exp7,N248,N233,,,,A10,p11-Day0-LCP11-cell-K4-A10,p11,A10,103829.3594,99458.60938,68416,61252.94141,92985.40625,43171,8063.202686,128.7221555,211.5620481,9938.986641,300.0808865,1611.088648,luminal
exp7,N248,N233,,,,B10,p11-Day0-LCP11-cell-K4-B10,p11,B10,100918.4844,96627.91406,68446,39156.87891,90803.05469,28261,5915.070127,108.2500089,372.9137816,12305.17553,880.4989158,1249.973903,luminal
exp7,N248,N233,,,,C10,p11-Day0-LCP11-cell-K4-C10,p11,C10,94682.71875,91690.07813,67675,26056.24023,87453.74219,19526,7986.573525,135.5238315,139.219335,7174.980585,354.6446058,782.2942555,luminal
exp7,N248,N233,,,,D10,p11-Day0-LCP11-cell-K4-D10,p11,D10,179782.7188,135705.7031,86822,41958.69922,134695.3438,20415,8185.70862,137.0698052,1291.316526,7769.753575,616.0198108,1132.862481,luminal
exp7,N248,N233,,,,E10,p11-Day0-LCP11-cell-K4-E10,p11,E10,78786.03906,109045.875,47350,25854.36133,106231.4297,15950,4211.668287,90.44227364,-242.1771908,8001.098509,320.1184566,936.7994507,luminal
exp7,N248,N233,,,,F10,p11-Day0-LCP11-cell-K4-F10,p11,F10,150798.125,100531.0703,98305,77953.125,91438.07031,55871,18771.69871,158.2520576,442.8550724,7082.180006,1482.584533,821.1183304,luminal
exp7,N248,N233,,,,G10,p11-Day0-LCP11-cell-K4-G10,p11,G10,191692.125,100133.3828,125460,85946.98438,97005.45313,58065,19805.21466,134.7562049,-90.56869195,16297.89836,1644.337802,1320.515932,luminal
exp7,N248,N233,,,,H10,p11-Day0-LCP11-cell-K4-H10,p11,H10,165654.2813,95023.32813,114249,63056.14063,89215.17969,46320,12074.82156,118.6872842,157.4386701,11420.29795,1284.716432,1187.507246,luminal
exp7,N248,N233,,,,I10,p11-Day0-LCP11-cell-K4-I10,p11,I10,190080.2813,114610.2422,108691,103341.9844,107414.9609,63051,30898.89963,179.5094401,787.0722173,15219.22281,3763.5256,2784.31041,luminal
exp7,N248,N233,,,,J10,p11-Day0-LCP11-cell-K4-J10,p11,J10,193660.9219,100054.8828,126848,65917.74219,99992.71875,43203,7521.929701,127.7211473,390.1266882,9559.657067,958.4715185,896.9611416,luminal
exp7,N248,N233,,,,K10,p11-Day0-LCP11-cell-K4-K10,p11,K10,158034.8438,111040.5234,93272,85430.52344,100541.8828,55686,23567.28335,188.4623719,1293.354176,10585.72604,2785.484212,1505.345552,luminal
exp7,N248,N233,,,,L10,p11-Day0-LCP11-cell-K4-L10,p11,L10,163070.9219,104581.9063,102188,66090.21875,101061.3828,42858,22461.60871,190.8285324,394.14987,11513.49999,2413.375333,1453.037947,luminal
exp7,N248,N233,,,,M10,p11-Day0-LCP11-cell-K4-M10,p11,M10,203466.2813,108504.7578,122892,92174.88281,103549.6016,58337,21524.37586,141.0713157,899.6622638,11685.80799,2432.87647,1846.918233,luminal
exp7,N248,N233,,,,N10,p11-Day0-LCP11-cell-K4-N10,p11,N10,183728.6094,104393.3906,115341,69097.84375,95883.72656,47228,19043.5213,119.401067,410.4887996,16801.0322,1421.923164,1799.811842,luminal
exp7,N248,N233,,,,O10,p11-Day0-LCP11-cell-K4-O10,p11,O10,125106.2031,97360.94531,84212,92486.52344,91762.625,66053,21913.10343,162.2986092,569.5346522,6948.598466,1617.172119,957.3225392,luminal
exp7,N248,N233,,,,A11,p11-Day0-LCP11-cell-K4-A11,p11,A11,90100.20313,117473.5313,50265,32001.90039,115279.3125,18193,8761.07059,105.5535124,525.571592,13824.47576,549.6737809,1206.617126,luminal
exp7,N248,N233,,,,B11,p11-Day0-LCP11-cell-K4-B11,p11,B11,63981.40234,95269.24219,44013,21209.16016,90841.35938,15301,2708.647092,38.23470252,530.0266429,7410.752399,180.1281198,1109.306185,luminal
exp7,N248,N233,,,,C11,p11-Day0-LCP11-cell-K4-C11,p11,C11,131539.7656,106712.9375,80783,73631.32031,99948.26563,48280,17546.1983,255.4713818,857.1620342,27334.78404,967.5627438,3789.727349,luminal
exp7,N248,N233,,,,D11,p11-Day0-LCP11-cell-K4-D11,p11,D11,102187.1641,101355.125,66074,36174.74219,97241.50781,24380,12850.07612,144.7737553,436.6373418,11591.37791,764.8497219,2175.134626,luminal
exp7,N248,N233,,,,E11,p11-Day0-LCP11-cell-K4-E11,p11,E11,168588.1563,102410.8359,107885,57520.12109,100884.1953,37366,10181.84241,140.4837748,146.4212341,12038.49085,1087.147235,1359.433752,luminal
exp7,N248,N233,,,,F11,p11-Day0-LCP11-cell-K4-F11,p11,F11,175276.5625,107580.6563,106775,84474.03906,97627.95313,56706,12053.75179,118.3135129,590.0178073,11066.44573,2072.138374,2098.027929,luminal
exp7,N248,N233,,,,G11,p11-Day0-LCP11-cell-K4-G11,p11,G11,172381.3281,110899.1328,101869,74208.53906,99707.45313,48776,21630.70428,146.4755427,498.2223642,11002.33777,2168.990334,1789.172664,luminal
exp7,N248,N233,,,,H11,p11-Day0-LCP11-cell-K4-H11,p11,H11,190216.4375,109727.4375,113609,104061.3047,106852.6172,63824,11506.21278,208.4751698,563.9930593,13346.36176,3227.009315,1503.517324,luminal
exp7,N248,N233,,,,I11,p11-Day0-LCP11-cell-K4-I11,p11,I11,137664.2031,95056.0625,94912,48132.69922,100045.1875,31530,10069.60838,130.8029681,654.6259877,10916.25531,1603.31582,1599.544223,luminal
exp7,N248,N233,,,,J11,p11-Day0-LCP11-cell-K4-J11,p11,J11,156310.7656,100406.5938,102025,100499.9844,99943.35156,65901,12136.95566,165.4785673,425.0344851,10637.69342,2560.697522,1788.740578,luminal
exp7,N248,N233,,,,K11,p11-Day0-LCP11-cell-K4-K11,p11,K11,180136,110453.625,106881,96613.30469,95693.40625,66166,26547.33311,166.624491,789.5892376,9126.493582,1034.844499,1339.331839,luminal
exp7,N248,N233,,,,L11,p11-Day0-LCP11-cell-K4-L11,p11,L11,93625.64063,81947.91406,74875,44591.96094,73782.53906,39608,6442.603206,81.28432304,319.9748458,3536.591293,3074.51124,387.946149,luminal
exp7,N248,N233,,,,M11,p11-Day0-LCP11-cell-K4-M11,p11,M11,136758,99543.20313,90037,38866.80078,101299.4531,25145,13294.39445,44.94466761,288.5438615,9424.30796,980.9164294,1007.884615,luminal
exp7,N248,N233,,,,N11,p11-Day0-LCP11-cell-K4-N11,p11,N11,133563.7656,99129.51563,88301,127880.2031,98295.32031,85261,11540.36102,209.9515031,563.3098639,10770.50516,1995.033557,1864.03398,luminal
exp7,N248,N233,,,,O11,p11-Day0-LCP11-cell-K4-O11,p11,O11,134661.3281,89290.09375,98837,36353.10156,84772.15625,28104,13775.31849,66.25909161,454.2989624,9268.16397,670.7771204,1105.822099,luminal
exp7,N248,N233,,,,A12,p11-Day0-LCP11-cell-K4-A12,p11,A12,150167,117410.4609,83820,51505.85938,109384.2266,30859,18960.95175,191.9244031,798.2882237,18764.14584,1267.37622,2010.759626,luminal
exp7,N248,N233,,,,B12,p11-Day0-LCP11-cell-K4-B12,p11,B12,90849.07813,108301.6875,54975,47315.38281,103593.3828,29933,11122.45258,98.12369423,200.9900363,13550.56235,702.459388,2982.270181,luminal
exp7,N248,N233,,,,C12,p11-Day0-LCP11-cell-K4-C12,p11,C12,100615.8047,122237.0938,53944,57085.98047,107924.0391,34665,8036.88954,327.9264496,515.9864267,16506.13278,513.0851731,2153.321584,luminal
exp7,N248,N233,,,,D12,p11-Day0-LCP11-cell-K4-D12,p11,D12,133567.4375,105861.4922,82688,49668.35938,99022.44531,32872,5744.904987,53.35568781,-12.28235295,15421.80518,613.279647,2092.00306,luminal
exp7,N248,N233,,,,E12,p11-Day0-LCP11-cell-K4-E12,p11,E12,184350.5156,117801.4141,102559,62682.76172,115659.0469,35518,28131.10765,60.3099785,-1378.17645,11282.95364,1031.292742,1241.406994,luminal
exp7,N248,N233,,,,F12,p11-Day0-LCP11-cell-K4-F12,p11,F12,85782.64063,110334.0547,50953,34800.78125,132176.4219,17255,4590.982876,93.53816866,-77.0362358,12441.1566,3297.508993,1065.954741,luminal
exp7,N248,N233,,,,G12,p11-Day0-LCP11-cell-K4-G12,p11,G12,164506.125,105601.5469,102092,87371.89844,102469.6641,55880,21287.5285,145.2866005,199.7165152,10828.33272,2054.054406,1244.746644,luminal
exp7,N248,N233,,,,H12,p11-Day0-LCP11-cell-K4-H12,p11,H12,160321.9688,94799.03125,110833,52528,95730.67188,35960,14520.34548,112.0217097,575.1722612,6626.985398,1356.255155,854.0245194,luminal
exp7,N248,N233,,,,I12,p11-Day0-LCP11-cell-K4-I12,p11,I12,173282,98667.28125,115096,52592.67969,91202.21094,37792,21480.7037,141.7614318,398.9295942,9220.060209,1323.271456,1462.623564,luminal
exp7,N248,N233,,,,J12,p11-Day0-LCP11-cell-K4-J12,p11,J12,,,,,,,,,,,,,luminal
exp7,N248,N233,,,,K12,p11-Day0-LCP11-cell-K4-K12,p11,K12,190570.6406,98369.88281,126962,57174.17969,99331.07813,37722,20271.58451,94.8196342,173.6718646,10588.84936,1280.751932,1740.017707,luminal
exp7,N248,N233,,,,L12,p11-Day0-LCP11-cell-K4-L12,p11,L12,129786.2422,110763.9219,76791,76718.32031,103193.875,48722,12081.16473,130.5783109,456.7860817,15245.22885,1714.311588,1488.783171,luminal
exp7,N248,N233,,,,M12,p11-Day0-LCP11-cell-K4-M12,p11,M12,182609.8906,101777.6172,117585,101244.7813,89989.26563,73733,16070.03403,166.4447576,629.142794,15551.73882,2795.448212,2079.279059,luminal
exp7,N248,N233,,,,N12,p11-Day0-LCP11-cell-K4-N12,p11,N12,134744.125,106029.875,83284,102568.7656,104276.0547,64463,11534.55047,234.9085007,586.3631824,10552.92397,2439.735908,1013.051213,luminal
exp7,N248,N233,,,,O12,p11-Day0-LCP11-cell-K4-O12,p11,O12,164670.7969,103263.5391,104508,66541.02344,97279.21094,44828,24550.77069,193.4338311,211.6002161,10062.6517,1638.414538,1795.131339,luminal
exp7,N248,N233,,,,P12,p11-Day0-LCP11-nocell-K4-P12,p11,P12,,,,,,,,,,,,,
exp7,N248,N242,N248T0131_p12-Day0-HyP14-cell,T0131_p12-Day0-HyP14-cell,p12-Day0-HyP14-cell-K4-A01,A01,12-Day0-HyP14-K4-A01,p12,A01,199813.8906,121669.1094,107628,100503.8984,113246.1641,58162,32327.73874,138.5955413,626.088394,8448.120322,3028.065114,5914.805224,hybrid
exp7,N248,N242,N248T0132_p12-Day0-HyP14-cell,T0132_p12-Day0-HyP14-cell,p12-Day0-HyP14-cell-K4-A02,A02,12-Day0-HyP14-K4-A02,p12,A02,140422.3594,94760.07813,97116,51887.08203,93350.32031,36427,21357.09173,114.4501979,267.0875365,4253.434473,1795.637327,4078.462183,hybrid
exp7,N248,N242,N248T0133_p12-Day0-HyP14-cell,T0133_p12-Day0-HyP14-cell,p12-Day0-HyP14-cell-K4-A03,A03,12-Day0-HyP14-K4-A03,p12,A03,166832.7969,107194.8594,101997,85966.57813,100600.0703,56003,29994.10187,173.1287873,77.37588493,8597.025652,3361.785023,3267.25122,hybrid
exp7,N248,N242,N248T0134_p12-Day0-HyP14-cell,T0134_p12-Day0-HyP14-cell,p12-Day0-HyP14-cell-K4-A04,A04,12-Day0-HyP14-K4-A04,p12,A04,117341.3984,93601.17969,82158,49421.40234,108074.3828,29969,11565.49663,195.7122138,281.8885739,3993.894484,1758.306028,1898.217482,hybrid
exp7,N248,N242,N248T0135_p12-Day0-HyP14-cell,T0135_p12-Day0-HyP14-cell,p12-Day0-HyP14-cell-K4-A05,A05,12-Day0-HyP14-K4-A05,p12,A05,115857.4453,116552.8125,65145,153202.4219,106366.7188,94393,29684.61429,206.4124427,192.2362284,2405.864703,2322.097332,1512.478151,hybrid
exp7,N248,N242,N248T0136_p12-Day0-HyP14-cell,T0136_p12-Day0-HyP14-cell,p12-Day0-HyP14-cell-K4-A06,A06,12-Day0-HyP14-K4-A06,p12,A06,161835.3594,132282.8438,80177,170362.2188,119027.0625,93801,39653.76945,330.7299305,1124.664521,16115.24185,5271.799327,20181.03779,hybrid
exp7,N248,N242,N248T0137_p12-Day0-HyP14-cell,T0137_p12-Day0-HyP14-cell,p12-Day0-HyP14-cell-K4-A07,A07,12-Day0-HyP14-K4-A07,p12,A07,168281.7969,94789.85156,116347,72325.96094,94943.39063,49924,21706.09209,142.79971,769.8517086,7102.048381,1905.83721,5742.784541,hybrid
exp7,N248,N242,N248T0138_p12-Day0-HyP14-cell,T0138_p12-Day0-HyP14-cell,p12-Day0-HyP14-cell-K4-A08,A08,12-Day0-HyP14-K4-A08,p12,A08,177589.4375,133369.6406,87265,100173.6406,116406.5469,56397,23337.79303,190.3910432,611.9046338,7402.042,3027.668363,7086.853117,hybrid
exp7,N248,N242,N248T0139_p12-Day0-HyP14-cell,T0139_p12-Day0-HyP14-cell,p12-Day0-HyP14-cell-K4-A09,A09,12-Day0-HyP14-K4-A09,p12,A09,138622.8438,99278.60938,91508,78306.89844,114669.5547,44754,25004.98792,195.6404907,846.3484277,6771.789308,4262.743439,2908.443585,hybrid
exp7,N248,N242,N248T0140_p12-Day0-HyP14-cell,T0140_p12-Day0-HyP14-cell,p12-Day0-HyP14-cell-K4-A10,A10,12-Day0-HyP14-K4-A10,p12,A10,67406.5625,85739.5,51523,55155.38281,78888.32031,45820,11824.68532,139.8851607,300.0530508,3621.49849,1653.293291,1730.656972,hybrid
exp7,N248,N242,N248T0141_p12-Day0-HyP14-cell,T0141_p12-Day0-HyP14-cell,p12-Day0-HyP14-cell-K4-A11,A11,12-Day0-HyP14-K4-A11,p12,A11,207853.7656,150445.1406,90544,128096.7813,124404.6641,67481,26021.36487,259.5329382,604.230391,12722.55156,4188.437439,6780.874184,hybrid
exp7,N248,N242,N248T0142_p12-Day0-HyP14-cell,T0142_p12-Day0-HyP14-cell,p12-Day0-HyP14-cell-K4-A12,A12,12-Day0-HyP14-K4-A12,p12,A12,91218,89879.46094,66512,72788.52344,82949.65625,57508,15431.26489,182.2110789,312.6568314,4671.381389,1473.219486,2255.515376,hybrid
exp7,N248,N242,N248T0155_p12-Day0-HyP14-cell,T0155_p12-Day0-HyP14-cell,p12-Day0-HyP14-cell-K4-B01,B01,12-Day0-HyP14-K4-B01,p12,B01,188739.8438,104849.0703,117972,66068.66406,96956.33594,44658,18900.96405,108.6224047,124.8545205,6408.927404,1720.784608,2911.027245,hybrid
exp7,N248,N242,N248T0156_p12-Day0-HyP14-cell,T0156_p12-Day0-HyP14-cell,p12-Day0-HyP14-cell-K4-B02,B02,12-Day0-HyP14-K4-B02,p12,B02,51803.35938,80931.25,41949,60212.17969,81231.53125,48578,14627.42882,116.2683492,57.18064144,3241.863666,2032.661557,1818.771147,hybrid
exp7,N248,N242,N248T0157_p12-Day0-HyP14-cell,T0157_p12-Day0-HyP14-cell,p12-Day0-HyP14-cell-K4-B03,B03,12-Day0-HyP14-K4-B03,p12,B03,106346.4844,106362.7109,65526,189138.0469,105097.8984,117941,27553.85564,286.2517013,95.36093242,11998.52305,2932.917366,6821.05009,hybrid
exp7,N248,N242,N248T0158_p12-Day0-HyP14-cell,T0158_p12-Day0-HyP14-cell,p12-Day0-HyP14-cell-K4-B04,B04,12-Day0-HyP14-K4-B04,p12,B04,85842.44531,91796.85938,61285,86476.17969,83756.54688,67664,22357.34377,139.2357423,702.1281113,3968.563534,5048.58569,1966.283481,hybrid
exp7,N248,N242,N248T0159_p12-Day0-HyP14-cell,T0159_p12-Day0-HyP14-cell,p12-Day0-HyP14-cell-K4-B05,B05,12-Day0-HyP14-K4-B05,p12,B05,73159.32031,88729.16406,54036,109430.7188,85937.44531,83452,18282.48912,104.3297991,114.9101475,2410.54753,4802.582529,1809.992765,hybrid
exp7,N248,N242,N248T0160_p12-Day0-HyP14-cell,T0160_p12-Day0-HyP14-cell,p12-Day0-HyP14-cell-K4-B06,B06,12-Day0-HyP14-K4-B06,p12,B06,187369.9688,107271.5234,114471,109854.0859,98068.39844,73412,30323.63649,268.4416866,158.1699081,9480.383561,2953.080051,12936.64505,hybrid
exp7,N248,N242,N248T0161_p12-Day0-HyP14-cell,T0161_p12-Day0-HyP14-cell,p12-Day0-HyP14-cell-K4-B07,B07,12-Day0-HyP14-K4-B07,p12,B07,168831.0469,115438.1094,95848,195916.7031,103012.6328,124641,18613.60605,315.357365,1125.640898,14942.08569,3156.895834,7520.227113,hybrid
exp7,N248,N242,N248T0162_p12-Day0-HyP14-cell,T0162_p12-Day0-HyP14-cell,p12-Day0-HyP14-cell-K4-B08,B08,12-Day0-HyP14-K4-B08,p12,B08,118646.8828,88471.15625,87889,60785.48047,83317.03906,47813,13074.38104,208.6644997,243.1846947,8232.296458,2001.062289,9333.457582,hybrid
exp7,N248,N242,N248T0163_p12-Day0-HyP14-cell,T0163_p12-Day0-HyP14-cell,p12-Day0-HyP14-cell-K4-B09,B09,12-Day0-HyP14-K4-B09,p12,B09,70482.125,93777.74219,49256,74552.52344,92404.24219,52875,9925.307093,200.9028392,1109.152169,3863.709095,4712.479961,1870.985817,hybrid
exp7,N248,N242,N248T0164_p12-Day0-HyP14-cell,T0164_p12-Day0-HyP14-cell,p12-Day0-HyP14-cell-K4-B10,B10,12-Day0-HyP14-K4-B10,p12,B10,118730.6016,92005.97656,84572,48704.03906,85653.24219,37265,17388.68264,72.09255491,30.32344265,3156.495381,1470.805203,1843.884115,hybrid
exp7,N248,N242,N248T0165_p12-Day0-HyP14-cell,T0165_p12-Day0-HyP14-cell,p12-Day0-HyP14-cell-K4-B11,B11,12-Day0-HyP14-K4-B11,p12,B11,128882.8047,89274.76563,94612,57259.44141,97365.25781,38541,12588.869,198.535862,1053.826352,7567.76282,910.3648379,4066.224697,hybrid
exp7,N248,N242,N248T0166_p12-Day0-HyP14-cell,T0166_p12-Day0-HyP14-cell,p12-Day0-HyP14-cell-K4-B12,B12,12-Day0-HyP14-K4-B12,p12,B12,156393.5625,103788.3281,98753,78921.35938,135931.4063,38050,21135.1108,124.4814122,415.5070319,6214.778964,2607.20111,6359.671983,hybrid
exp7,N248,N242,N248T0179_p12-Day0-HyP14-cell,T0179_p12-Day0-HyP14-cell,p12-Day0-HyP14-cell-K4-C01,C01,12-Day0-HyP14-K4-C01,p12,C01,156509.4844,99189.67188,103408,115478.3047,95044.16406,79626,32530.33106,221.8456899,351.8733315,14687.78484,2596.007275,5164.798893,hybrid
exp7,N248,N242,N248T0180_p12-Day0-HyP14-cell,T0180_p12-Day0-HyP14-cell,p12-Day0-HyP14-cell-K4-C02,C02,12-Day0-HyP14-K4-C02,p12,C02,148507.3281,95798.73438,101594,66798.75781,95122.40625,46022,6970.955191,17.03171713,1082.146611,7506.382676,2235.711351,10852.39636,hybrid
exp7,N248,N242,N248T0181_p12-Day0-HyP14-cell,T0181_p12-Day0-HyP14-cell,p12-Day0-HyP14-cell-K4-C03,C03,12-Day0-HyP14-K4-C03,p12,C03,80602.125,87656.25,60262,86423.25781,89187.21875,63505,15425.14637,93.46186141,-75.06754601,3988.52973,3572.518988,1648.272786,hybrid
exp7,N248,N242,N248T0182_p12-Day0-HyP14-cell,T0182_p12-Day0-HyP14-cell,p12-Day0-HyP14-cell-K4-C04,C04,12-Day0-HyP14-K4-C04,p12,C04,56714.32031,89312.52344,41616,39872.28125,84917.125,30772,16553.19633,57.35279625,15.41623035,3178.560801,1165.241841,1520.998907,hybrid
exp7,N248,N242,N248T0183_p12-Day0-HyP14-cell,T0183_p12-Day0-HyP14-cell,p12-Day0-HyP14-cell-K4-C05,C05,12-Day0-HyP14-K4-C05,p12,C05,78940.60156,112336.8984,46053,107603.0234,99625.21875,70784,26097.14141,138.4996679,685.9076968,15871.63734,4101.465681,10356.98466,hybrid
exp7,N248,N242,N248T0184_p12-Day0-HyP14-cell,T0184_p12-Day0-HyP14-cell,p12-Day0-HyP14-cell-K4-C06,C06,12-Day0-HyP14-K4-C06,p12,C06,209570.4844,129887.2813,105741,89265.26563,132944.4688,44004,22603.69158,83.40601243,627.3826061,7772.306793,3070.806755,6227.588857,hybrid
exp7,N248,N242,N248T0185_p12-Day0-HyP14-cell,T0185_p12-Day0-HyP14-cell,p12-Day0-HyP14-cell-K4-C07,C07,12-Day0-HyP14-K4-C07,p12,C07,128660.1641,98313.67969,85765,82360.17969,106232.2969,50809,19041.71604,154.4401994,710.9804518,11813.46714,1874.773967,5794.142181,hybrid
exp7,N248,N242,N248T0186_p12-Day0-HyP14-cell,T0186_p12-Day0-HyP14-cell,p12-Day0-HyP14-cell-K4-C08,C08,12-Day0-HyP14-K4-C08,p12,C08,113972.3594,96253.76563,77600,55207.32031,92778.08594,38997,23235.71772,85.31341833,73.94350204,2884.136573,2127.150693,2240.895744,hybrid
exp7,N248,N242,N248T0187_p12-Day0-HyP14-cell,T0187_p12-Day0-HyP14-cell,p12-Day0-HyP14-cell-K4-C09,C09,12-Day0-HyP14-K4-C09,p12,C09,213372.8438,141574.5625,98772,79635.78125,151297.6094,34495,25133.45885,27.4403071,-37.44304593,11530.90405,1421.519755,5222.709572,hybrid
exp7,N248,N242,N248T0188_p12-Day0-HyP14-cell,T0188_p12-Day0-HyP14-cell,p12-Day0-HyP14-cell-K4-C10,C10,12-Day0-HyP14-K4-C10,p12,C10,204703.6875,132256.7188,101435,215138.4219,126265.5078,111664,49006.28045,-465.2326781,540.7962031,11563.34568,892.3590826,11604.43789,hybrid
exp7,N248,N242,N248T0189_p12-Day0-HyP14-cell,T0189_p12-Day0-HyP14-cell,p12-Day0-HyP14-cell-K4-C11,C11,12-Day0-HyP14-K4-C11,p12,C11,215751.0469,136999.6563,103208,71934.9375,150099.6094,31408,16405.96662,52.99393606,241.9349249,8287.801163,1448.154325,4000.786839,hybrid
exp7,N248,N242,N248T0190_p12-Day0-HyP14-cell,T0190_p12-Day0-HyP14-cell,p12-Day0-HyP14-cell-K4-C12,C12,12-Day0-HyP14-K4-C12,p12,C12,96519.96094,89384.07031,70768,43841.28125,89226.49219,32201,11382.4616,159.032187,362.2423629,5816.810277,1077.201496,2281.070847,hybrid
exp7,N248,N242,N248T0203_p12-Day0-HyP14-nocell,T0203_p12-Day0-HyP14-nocell,p12-Day0-HyP14-nocell-K4-D05,D05,12-Day0-nocell-K4-D05,p12,D05,,,,,,,,,,,,,
exp7,N248,N242,N248T0204_p12-Day0-HyP14-cell,T0204_p12-Day0-HyP14-cell,p12-Day0-HyP14-cell-K4-D06,D06,12-Day0-HyP14-K4-D06,p12,D06,176319.8438,108795.6797,106211,106665.1641,109104.0859,64071,24119.23227,321.5378776,1088.443847,13050.17345,4940.357094,5923.042737,hybrid
exp7,N248,N242,N248T0205_p12-Day0-HyP14-cell,T0205_p12-Day0-HyP14-cell,p12-Day0-HyP14-cell-K4-D07,D07,12-Day0-HyP14-K4-D07,p12,D07,150804.5625,110984.0313,89050,172170.3281,105123.7656,107334,36322.44383,353.6882525,670.7499097,13376.21718,4267.858479,7187.249789,hybrid
exp7,N248,N242,N248T0206_p12-Day0-HyP14-cell,T0206_p12-Day0-HyP14-cell,p12-Day0-HyP14-cell-K4-D08,D08,12-Day0-HyP14-K4-D08,p12,D08,142873.25,128217.5391,73027,153751.2188,137819.2344,73112,28628.76351,334.2229862,823.1726825,12908.95668,1879.08304,6396.589249,hybrid
exp7,N248,N242,N248T0207_p12-Day0-HyP14-cell,T0207_p12-Day0-HyP14-cell,p12-Day0-HyP14-cell-K4-D09,D09,12-Day0-HyP14-K4-D09,p12,D09,132256.4375,103704.9688,83579,86840.74219,100200.625,56798,21867.65688,152.2689844,-50.72222264,4458.98926,3079.125513,3104.369164,hybrid
exp7,N248,N242,N248T0208_p12-Day0-HyP14-cell,T0208_p12-Day0-HyP14-cell,p12-Day0-HyP14-cell-K4-D10,D10,12-Day0-HyP14-K4-D10,p12,D10,146216.5156,134224.8438,71391,128521.125,107534.6719,78326,30378.31232,158.202615,717.3705515,13081.56074,4089.734024,8256.60535,hybrid
exp7,N248,N242,N248T0209_p12-Day0-HyP14-cell,T0209_p12-Day0-HyP14-cell,p12-Day0-HyP14-cell-K4-D11,D11,12-Day0-HyP14-K4-D11,p12,D11,173562.6094,110569.3359,102873,94787.5625,101263.3047,61345,34060.8076,148.9888179,659.7682318,11587.48376,3231.216435,8001.438573,hybrid
exp7,N248,N242,N248T0210_p12-Day0-HyP14-cell,T0210_p12-Day0-HyP14-cell,p12-Day0-HyP14-cell-K4-D12,D12,12-Day0-HyP14-K4-D12,p12,D12,83261.84375,89188.61719,61181,64525.16016,86965.99219,48625,13282.56351,191.6326206,674.6641699,4040.441202,1797.952936,2766.713554,hybrid
exp7,N248,N233,N248T0223_p13-Day4d5-allepithP15-cell,T0223_p13-Day4d5-allepithP15-cell,p13-Day4d5-allepithP15-cell-K4-A01,A01,p13-Day4d5-allepithP15-cell-K4-A01,p13,A01,159636.5625,101563.3672,103009,73839.07813,89134.60156,54290,12879.53034,44.0480205,-346.3716425,14312.16634,112.3773897,2135.922517,all_epith
exp7,N248,N233,N248T0224_p13-Day4d5-allepithP15-cell,T0224_p13-Day4d5-allepithP15-cell,p13-Day4d5-allepithP15-cell-K4-A02,A02,p13-Day4d5-allepithP15-cell-K4-A02,p13,A02,158178.3594,99157.08594,104545,69737.78125,90666.85938,50408,17742.03227,60.55891945,209.9489332,10974.78129,165.1729926,3348.60891,all_epith
exp7,N248,N233,N248T0225_p13-Day4d5-allepithP15-cell,T0225_p13-Day4d5-allepithP15-cell,p13-Day4d5-allepithP15-cell-K4-A03,A03,p13-Day4d5-allepithP15-cell-K4-A03,p13,A03,201432.1563,104590.9922,126216,68395.17969,105273.7656,42578,18381.90447,192.4254456,1355.652211,12223.22364,402.3257764,2367.71084,all_epith
exp7,N248,N233,N248T0226_p13-Day4d5-allepithP15-cell,T0226_p13-Day4d5-allepithP15-cell,p13-Day4d5-allepithP15-cell-K4-A04,A04,p13-Day4d5-allepithP15-cell-K4-A04,p13,A04,124554.2031,86155.29688,94745,36311.94141,82286.98438,28920,12983.37949,90.48433961,550.2870459,3679.84436,826.8421812,359.3675114,all_epith
exp7,N248,N233,N248T0227_p13-Day4d5-allepithP15-cell,T0227_p13-Day4d5-allepithP15-cell,p13-Day4d5-allepithP15-cell-K4-A05,A05,p13-Day4d5-allepithP15-cell-K4-A05,p13,A05,49405.83984,86729.20313,37333,73272.64063,96767.60938,49624,4766.47637,2828.169226,604.037276,1973.519265,260.4060701,547.2342651,all_epith
exp7,N248,N233,N248T0228_p13-Day4d5-allepithP15-cell,T0228_p13-Day4d5-allepithP15-cell,p13-Day4d5-allepithP15-cell-K4-A06,A06,p13-Day4d5-allepithP15-cell-K4-A06,p13,A06,122113.4453,97560.9375,82029,51034.48047,86962.96875,38460,14997.89029,68.13529687,6.160967831,2619.810822,1011.270539,552.0811768,all_epith
exp7,N248,N233,N248T0229_p13-Day4d5-allepithP15-cell,T0229_p13-Day4d5-allepithP15-cell,p13-Day4d5-allepithP15-cell-K4-A07,A07,p13-Day4d5-allepithP15-cell-K4-A07,p13,A07,97040.67969,84958.5625,74856,45020.22266,81899.94531,36025,13111.72305,136.9235575,211.5706342,11215.42926,210.6821434,1010.885067,all_epith
exp7,N248,N233,N248T0230_p13-Day4d5-allepithP15-cell,T0230_p13-Day4d5-allepithP15-cell,p13-Day4d5-allepithP15-cell-K4-A08,A08,p13-Day4d5-allepithP15-cell-K4-A08,p13,A08,62985.04297,113569.2578,36346,73545.07813,91545.11719,52650,18048.19657,90.16598862,186.9907316,8038.589072,221.7338698,833.4011075,all_epith
exp7,N248,N233,N248T0231_p13-Day4d5-allepithP15-cell,T0231_p13-Day4d5-allepithP15-cell,p13-Day4d5-allepithP15-cell-K4-A09,A09,p13-Day4d5-allepithP15-cell-K4-A09,p13,A09,127375.8438,98732.14063,84549,42514.35938,93444.04688,29817,15307.78636,76.26544504,653.7476698,9582.949242,373.1261525,1104.897856,all_epith
exp7,N248,N233,N248T0232_p13-Day4d5-allepithP15-cell,T0232_p13-Day4d5-allepithP15-cell,p13-Day4d5-allepithP15-cell-K4-A10,A10,p13-Day4d5-allepithP15-cell-K4-A10,p13,A10,132736.6875,102939.8125,84506,56406.83984,97183.83594,38038,14922.67684,192.6081887,-332.5508952,9496.095945,2717.37266,913.084028,all_epith
exp7,N248,N233,N248T0233_p13-Day4d5-allepithP15-cell,T0233_p13-Day4d5-allepithP15-cell,p13-Day4d5-allepithP15-cell-K4-A11,A11,p13-Day4d5-allepithP15-cell-K4-A11,p13,A11,149965.5156,111939.0859,87799,51990.96094,108758.0156,31329,16433.93754,167.1113551,1111.512899,10559.8512,2351.090955,1269.762097,all_epith
exp7,N248,N233,N248T0234_p13-Day4d5-allepithP15-cell,T0234_p13-Day4d5-allepithP15-cell,p13-Day4d5-allepithP15-cell-K4-A12,A12,p13-Day4d5-allepithP15-cell-K4-A12,p13,A12,119665.3203,88173.17188,88943,33740.42188,114969.7031,19233,5409.12064,84.7259893,370.306208,6417.702756,1107.337527,753.403802,all_epith
exp7,N248,N233,N248T0247_p13-Day4d5-allepithP15-cell,T0247_p13-Day4d5-allepithP15-cell,p13-Day4d5-allepithP15-cell-K4-B01,B01,p13-Day4d5-allepithP15-cell-K4-B01,p13,B01,103635.2422,93243.25781,72840,44313.64063,86386.42188,33618,10793.00985,79.5975343,989.7064398,7422.601039,260.2949689,1771.718973,all_epith
exp7,N248,N233,N248T0248_p13-Day4d5-allepithP15-cell,T0248_p13-Day4d5-allepithP15-cell,p13-Day4d5-allepithP15-cell-K4-B02,B02,p13-Day4d5-allepithP15-cell-K4-B02,p13,B02,51037.92188,105445.0156,31721,36588.30078,99092.9375,24198,2386.847551,158.8699312,69.32963343,4505.942122,724.1236775,1589.954329,all_epith
exp7,N248,N233,N248T0249_p13-Day4d5-allepithP15-cell,T0249_p13-Day4d5-allepithP15-cell,p13-Day4d5-allepithP15-cell-K4-B03,B03,p13-Day4d5-allepithP15-cell-K4-B03,p13,B03,53916.60156,102123.6641,34600,37541.83984,96144.66406,25590,5351.61876,87.67244519,886.2057478,1683.425663,455.2960427,618.200537,all_epith
exp7,N248,N233,N248T0250_p13-Day4d5-allepithP15-cell,T0250_p13-Day4d5-allepithP15-cell,p13-Day4d5-allepithP15-cell-K4-B04,B04,p13-Day4d5-allepithP15-cell-K4-B04,p13,B04,79879.92188,101202.6484,51728,97652.10156,90206.89844,70945,14842.0825,254.1642784,863.4793232,11544.79871,396.035451,976.4975684,all_epith
exp7,N248,N233,N248T0251_p13-Day4d5-allepithP15-cell,T0251_p13-Day4d5-allepithP15-cell,p13-Day4d5-allepithP15-cell-K4-B05,B05,p13-Day4d5-allepithP15-cell-K4-B05,p13,B05,106785.3203,82862.07813,84457,32915.26172,81101.39063,26598,5830.820396,117.5180768,405.846551,5637.417774,738.8795233,783.1045562,all_epith
exp7,N248,N233,N248T0252_p13-Day4d5-allepithP15-cell,T0252_p13-Day4d5-allepithP15-cell,p13-Day4d5-allepithP15-cell-K4-B06,B06,p13-Day4d5-allepithP15-cell-K4-B06,p13,B06,75239.4375,89140.42969,55316,32390.96094,79839.5625,26588,9750.751281,96.01647079,802.6037551,5925.999652,363.0241324,711.907895,all_epith
exp7,N248,N233,N248T0253_p13-Day4d5-allepithP15-cell,T0253_p13-Day4d5-allepithP15-cell,p13-Day4d5-allepithP15-cell-K4-B07,B07,p13-Day4d5-allepithP15-cell-K4-B07,p13,B07,120891.6797,88053.13281,89977,38317.01953,78934.52344,31813,13933.34842,53.17945783,545.6776727,10404.19579,295.8348066,974.3291589,all_epith
exp7,N248,N233,N248T0254_p13-Day4d5-allepithP15-cell,T0254_p13-Day4d5-allepithP15-cell,p13-Day4d5-allepithP15-cell-K4-B08,B08,p13-Day4d5-allepithP15-cell-K4-B08,p13,B08,187336.8438,105419.0078,116462,104890.3828,95045.84375,72324,17881.90197,193.1682239,353.5366132,5459.246097,4720.374496,975.9339442,all_epith
exp7,N248,N233,N248T0255_p13-Day4d5-allepithP15-cell,T0255_p13-Day4d5-allepithP15-cell,p13-Day4d5-allepithP15-cell-K4-B09,B09,p13-Day4d5-allepithP15-cell-K4-B09,p13,B09,174360.25,104168.5547,109696,67424.98438,88394.71875,49989,18398.66918,94.99068803,916.4017782,14263.27006,738.0679675,1001.295332,all_epith
exp7,N248,N233,N248T0256_p13-Day4d5-allepithP15-cell,T0256_p13-Day4d5-allepithP15-cell,p13-Day4d5-allepithP15-cell-K4-B10,B10,p13-Day4d5-allepithP15-cell-K4-B10,p13,B10,126956.3203,86140.34375,96589,39846.80078,87949.625,29692,5878.783051,95.31717761,751.75993,9118.744609,1551.881558,811.8034342,all_epith
exp7,N248,N233,N248T0257_p13-Day4d5-allepithP15-cell,T0257_p13-Day4d5-allepithP15-cell,p13-Day4d5-allepithP15-cell-K4-B11,B11,p13-Day4d5-allepithP15-cell-K4-B11,p13,B11,203705.4844,111049.5391,120217,128286.9063,109664.2578,76665,21937.47754,120.8963392,943.28254,17744.51534,585.8901174,1871.886203,all_epith
exp7,N248,N233,N248T0258_p13-Day4d5-allepithP15-cell,T0258_p13-Day4d5-allepithP15-cell,p13-Day4d5-allepithP15-cell-K4-B12,B12,p13-Day4d5-allepithP15-cell-K4-B12,p13,B12,136907.9688,101875.75,88072,81714.35938,79903.79688,67021,9400.566355,122.8156014,775.5612076,11678.99604,2056.83231,740.6025212,all_epith
exp7,N248,N233,N248T0271_p13-Day4d5-allepithP15-cell,T0271_p13-Day4d5-allepithP15-cell,p13-Day4d5-allepithP15-cell-K4-C01,C01,p13-Day4d5-allepithP15-cell-K4-C01,p13,C01,60584.76172,89546.30469,44340,53072.88281,91835.67969,37874,12550.1167,99.88500308,972.602849,17472.887,126.2178785,1873.505594,all_epith
exp7,N248,N233,N248T0272_p13-Day4d5-allepithP15-cell,T0272_p13-Day4d5-allepithP15-cell,p13-Day4d5-allepithP15-cell-K4-C02,C02,p13-Day4d5-allepithP15-cell-K4-C02,p13,C02,128823.9219,96701.30469,87306,89389.71875,84955.04688,68957,8970.922983,182.1255825,124.2738116,6432.678411,3594.605008,1410.581834,all_epith
exp7,N248,N233,N248T0273_p13-Day4d5-allepithP15-cell,T0273_p13-Day4d5-allepithP15-cell,p13-Day4d5-allepithP15-cell-K4-C03,C03,p13-Day4d5-allepithP15-cell-K4-C03,p13,C03,119213.6016,98377.94531,79416,39629.24219,95578.03906,27173,9955.510954,88.22595741,440.0607094,2594.219256,1127.635716,396.2779669,all_epith
exp7,N248,N233,N248T0274_p13-Day4d5-allepithP15-cell,T0274_p13-Day4d5-allepithP15-cell,p13-Day4d5-allepithP15-cell-K4-C04,C04,p13-Day4d5-allepithP15-cell-K4-C04,p13,C04,57730,85802.90625,44094,20154.67969,87595.80469,15079,9252.814872,38.32883366,-297.0887836,5349.121087,283.2928211,524.4340295,all_epith
exp7,N248,N233,N248T0275_p13-Day4d5-allepithP15-cell,T0275_p13-Day4d5-allepithP15-cell,p13-Day4d5-allepithP15-cell-K4-C05,C05,p13-Day4d5-allepithP15-cell-K4-C05,p13,C05,91924.5625,104038.8281,57905,44018.66016,106012.3125,27212,13850.32799,155.8316739,204.9496336,6711.071929,337.6904058,595.4543729,all_epith
exp7,N248,N233,N248T0276_p13-Day4d5-allepithP15-cell,T0276_p13-Day4d5-allepithP15-cell,p13-Day4d5-allepithP15-cell-K4-C06,C06,p13-Day4d5-allepithP15-cell-K4-C06,p13,C06,120842.9219,94839.38281,83505,43136.66016,103314.8516,27363,11270.26469,127.3995704,720.7056349,13076.61186,255.3836334,1228.589912,all_epith
exp7,N248,N233,N248T0277_p13-Day4d5-allepithP15-cell,T0277_p13-Day4d5-allepithP15-cell,p13-Day4d5-allepithP15-cell-K4-C07,C07,p13-Day4d5-allepithP15-cell-K4-C07,p13,C07,153410.9219,101211.4219,99336,94773.84375,90137.41406,68907,9286.918981,106.3635802,1068.55521,3841.852701,-7.03139997,5233.591578,all_epith
exp7,N248,N233,N248T0278_p13-Day4d5-allepithP15-cell,T0278_p13-Day4d5-allepithP15-cell,p13-Day4d5-allepithP15-cell-K4-C08,C08,p13-Day4d5-allepithP15-cell-K4-C08,p13,C08,61950.04297,89915.57813,45153,39398.94141,93218.13281,27699,8115.866991,85.69334208,328.985598,774.5547551,427.1094047,1329.476154,all_epith
exp7,N248,N233,N248T0279_p13-Day4d5-allepithP15-cell,T0279_p13-Day4d5-allepithP15-cell,p13-Day4d5-allepithP15-cell-K4-C09,C09,p13-Day4d5-allepithP15-cell-K4-C09,p13,C09,127009.6797,95218.39844,87417,44326.38281,85167.36719,34109,6648.461165,94.33075874,1116.807458,7434.538745,327.3873079,524.1590273,all_epith
exp7,N248,N233,N248T0280_p13-Day4d5-allepithP15-cell,T0280_p13-Day4d5-allepithP15-cell,p13-Day4d5-allepithP15-cell-K4-C10,C10,p13-Day4d5-allepithP15-cell-K4-C10,p13,C10,97781.28125,105703.9219,60624,45884.58203,89962.67188,33426,11554.5875,59.69006715,974.6613614,7388.906208,330.0868948,758.5353594,all_epith
exp7,N248,N233,N248T0281_p13-Day4d5-allepithP15-cell,T0281_p13-Day4d5-allepithP15-cell,p13-Day4d5-allepithP15-cell-K4-C11,C11,p13-Day4d5-allepithP15-cell-K4-C11,p13,C11,43239.08203,106103.8906,26707,26862.78125,94940.375,18543,8750.991475,58.43674864,38.40848622,3516.831254,396.3353645,509.0181416,all_epith
exp7,N248,N233,N248T0282_p13-Day4d5-allepithP15-cell,T0282_p13-Day4d5-allepithP15-cell,p13-Day4d5-allepithP15-cell-K4-C12,C12,p13-Day4d5-allepithP15-cell-K4-C12,p13,C12,64386.19922,99479.30469,42417,53979.38281,86451.44531,40920,3791.513518,87.66063921,686.3721453,6067.447776,399.9704845,619.8870465,all_epith
exp7,N248,N233,N248T0295_p13-Day4d5-allepithP15-cell,T0295_p13-Day4d5-allepithP15-cell,p13-Day4d5-allepithP15-cell-K4-D01,D01,p13-Day4d5-allepithP15-cell-K4-D01,p13,D01,125743.7656,117819.1641,69944,60635.54297,101629.3906,39101,18763.64539,194.9259324,776.0420579,18357.67984,-23.53842526,2010.51091,all_epith
exp7,N248,N233,N248T0296_p13-Day4d5-allepithP15-cell,T0296_p13-Day4d5-allepithP15-cell,p13-Day4d5-allepithP15-cell-K4-D02,D02,p13-Day4d5-allepithP15-cell-K4-D02,p13,D02,136578.6094,100735.0781,88855,51010.96094,96821.53906,34528,10101.48106,131.6758341,285.0646228,5110.734149,1134.426225,760.5685762,all_epith
exp7,N248,N233,N248T0297_p13-Day4d5-allepithP15-cell,T0297_p13-Day4d5-allepithP15-cell,p13-Day4d5-allepithP15-cell-K4-D03,D03,p13-Day4d5-allepithP15-cell-K4-D03,p13,D03,89527.96094,86223.03125,68048,31179.67969,81745.46875,24997,9742.845052,114.3026677,144.8432384,3900.202037,1766.427841,385.3197411,all_epith
exp7,N248,N233,N248T0298_p13-Day4d5-allepithP15-cell,T0298_p13-Day4d5-allepithP15-cell,p13-Day4d5-allepithP15-cell-K4-D04,D04,p13-Day4d5-allepithP15-cell-K4-D04,p13,D04,76691.20313,82162.34375,61172,48659.94141,78747.97656,40496,5331.104185,44.29866828,-11.54267357,4208.835777,196.8198525,1957.264785,all_epith
exp7,N248,N233,N248T0299_p13-Day4d5-allepithP15-cell,T0299_p13-Day4d5-allepithP15-cell,p13-Day4d5-allepithP15-cell-K4-D05,D05,p13-Day4d5-allepithP15-cell-K4-D05,p13,D05,57553.35938,91896.91406,41044,13982.64063,92900.07031,9864,3544.528855,135.708419,-445.1899764,9252.410956,105.4653298,755.9137604,all_epith
exp7,N248,N233,N248T0300_p13-Day4d5-allepithP15-cell,T0300_p13-Day4d5-allepithP15-cell,p13-Day4d5-allepithP15-cell-K4-D06,D06,p13-Day4d5-allepithP15-cell-K4-D06,p13,D06,33968.24219,87688.29688,25387,37497.74219,112603.1953,21824,2334.267001,2071.835431,1277.043155,2815.106433,127.0537368,594.9176846,all_epith
exp7,N248,N233,N248T0301_p13-Day4d5-allepithP15-cell,T0301_p13-Day4d5-allepithP15-cell,p13-Day4d5-allepithP15-cell-K4-D07,D07,p13-Day4d5-allepithP15-cell-K4-D07,p13,D07,56190.83984,100011.4844,36821,18898.32031,100358.1875,12341,5033.724569,82.84555364,1249.594191,15230.77823,152.2925113,1736.288875,all_epith
exp7,N248,N233,N248T0302_p13-Day4d5-allepithP15-cell,T0302_p13-Day4d5-allepithP15-cell,p13-Day4d5-allepithP15-cell-K4-D08,D08,p13-Day4d5-allepithP15-cell-K4-D08,p13,D08,125922.2422,108583.3203,76001,38913.83984,91868.0625,27760,7114.515277,92.77326407,666.3873695,4079.373775,2155.462173,460.9461868,all_epith
exp7,N248,N233,N248T0303_p13-Day4d5-allepithP15-cell,T0303_p13-Day4d5-allepithP15-cell,p13-Day4d5-allepithP15-cell-K4-D09,D09,p13-Day4d5-allepithP15-cell-K4-D09,p13,D09,67444.28125,102256.3125,43225,106835.6797,83691.92969,83659,11132.66687,277.8671535,1290.3827,14785.26865,805.9964998,3304.577015,all_epith
exp7,N248,N233,N248T0304_p13-Day4d5-allepithP15-cell,T0304_p13-Day4d5-allepithP15-cell,p13-Day4d5-allepithP15-cell-K4-D10,D10,p13-Day4d5-allepithP15-cell-K4-D10,p13,D10,69458.16406,104277.1484,43653,23779.70117,95909.07031,16249,2907.996545,99.27316248,160.740152,10967.68451,159.0625314,1246.647561,all_epith
exp7,N248,N233,N248T0305_p13-Day4d5-allepithP15-cell,T0305_p13-Day4d5-allepithP15-cell,p13-Day4d5-allepithP15-cell-K4-D11,D11,p13-Day4d5-allepithP15-cell-K4-D11,p13,D11,25998.28125,92053.78125,18509,25854.36133,82944.5625,20428,2307.693408,215.2538318,468.3116085,5170.063261,1069.827966,1963.669779,all_epith
exp7,N248,N233,N248T0306_p13-Day4d5-allepithP15-cell,T0306_p13-Day4d5-allepithP15-cell,p13-Day4d5-allepithP15-cell-K4-D12,D12,p13-Day4d5-allepithP15-cell-K4-D12,p13,D12,39193.83984,107096.7109,23984,21468.86133,97174.07031,14479,6218.983993,120.2674022,1437.727614,12773.75919,-12.73315498,2533.139834,all_epith
exp7,N248,N233,N248T0319_p13-Day4d5-allepithP15-cell,T0319_p13-Day4d5-allepithP15-cell,p13-Day4d5-allepithP15-cell-K4-E01,E01,p13-Day4d5-allepithP15-cell-K4-E01,p13,E01,62528.72266,86305.73438,47481,32037.17969,73760.35938,28465,7269.098036,167.3650525,52.08022415,3631.799027,395.4419784,1376.373034,all_epith
exp7,N248,N233,N248T0320_p13-Day4d5-allepithP15-cell,T0320_p13-Day4d5-allepithP15-cell,p13-Day4d5-allepithP15-cell-K4-E02,E02,p13-Day4d5-allepithP15-cell-K4-E02,p13,E02,131451.4375,102482.7422,84061,41075.72266,98292.57031,27387,11608.72281,96.6273508,499.4664305,21597.63034,152.7252055,2338.868248,all_epith
exp7,N248,N233,N248T0321_p13-Day4d5-allepithP15-cell,T0321_p13-Day4d5-allepithP15-cell,p13-Day4d5-allepithP15-cell-K4-E03,E03,p13-Day4d5-allepithP15-cell-K4-E03,p13,E03,78990.28125,114064.5781,45384,32425.25977,94609.40625,22461,7645.515075,51.63747293,165.7427968,16685.45904,-82.62482666,1194.605027,all_epith
exp7,N248,N233,N248T0322_p13-Day4d5-allepithP15-cell,T0322_p13-Day4d5-allepithP15-cell,p13-Day4d5-allepithP15-cell-K4-E04,E04,p13-Day4d5-allepithP15-cell-K4-E04,p13,E04,83161.5625,92996.77344,58605,45833.62109,92909.125,32330,6156.262179,127.5148257,1003.157021,6972.269443,1251.242481,1069.273287,all_epith
exp7,N248,N233,N248T0323_p13-Day4d5-allepithP15-cell,T0323_p13-Day4d5-allepithP15-cell,p13-Day4d5-allepithP15-cell-K4-E05,E05,p13-Day4d5-allepithP15-cell-K4-E05,p13,E05,115563.9609,97453.51563,77715,64920.10156,86756.05469,49041,15334.96746,137.2377275,1016.952413,1255.616856,1577.703587,1823.118157,all_epith
exp7,N248,N233,N248T0324_p13-Day4d5-allepithP15-cell,T0324_p13-Day4d5-allepithP15-cell,p13-Day4d5-allepithP15-cell-K4-E06,E06,p13-Day4d5-allepithP15-cell-K4-E06,p13,E06,73675.4375,81596.53125,59174,14301.14063,79165.42969,11839,7286.515601,72.8686533,-99.62839751,9086.714542,479.1737762,733.0239422,all_epith
exp7,N248,N233,N248T0325_p13-Day4d5-allepithP15-cell,T0325_p13-Day4d5-allepithP15-cell,p13-Day4d5-allepithP15-cell-K4-E07,E07,p13-Day4d5-allepithP15-cell-K4-E07,p13,E07,56092.40234,96889.16406,37941,19959.66016,109243.0547,11974,3919.848789,47.09412545,1006.351932,2117.575698,1154.260814,557.9626024,all_epith
exp7,N248,N233,N248T0326_p13-Day4d5-allepithP15-cell,T0326_p13-Day4d5-allepithP15-cell,p13-Day4d5-allepithP15-cell-K4-E08,E08,p13-Day4d5-allepithP15-cell-K4-E08,p13,E08,36144.96094,102812.3359,23040,47869.08203,95937.25,32700,4981.357417,159.4432021,1050.43008,16502.24169,67.22929108,1508.061345,all_epith
exp7,N248,N233,N248T0327_p13-Day4d5-allepithP15-cell,T0327_p13-Day4d5-allepithP15-cell,p13-Day4d5-allepithP15-cell-K4-E09,E09,p13-Day4d5-allepithP15-cell-K4-E09,p13,E09,36715.35938,103415.8984,23267,12067.7207,96306.64844,8212,3111.428534,46.91408557,740.3388451,6399.177671,-5.130715738,1012.238158,all_epith
exp7,N248,N233,N248T0328_p13-Day4d5-allepithP15-nocell,T0328_p13-Day4d5-allepithP15-nocell,p13-Day4d5-allepithP15-nocell-K4-E10,E10,p13-Day4d5-allepithP15-nocell-K4-E10,p13,E10,,,,,,,,,,,,,
exp7,N248,N233,N248T0341_p14-Day4d5-allepithP15-cell,T0341_p14-Day4d5-allepithP15-cell,p14-Day4d5-allepithP15-cell-K4-A01,A01,p14-Day4d5-allepithP15-cell-K4-A01,p14,A01,98204.48438,83451.28125,77122,29971.33984,76229.35938,25767,11696.88392,128.155367,216.8368367,1451.482938,2454.946029,692.0662759,all_epith
exp7,N248,N233,N248T0342_p14-Day4d5-allepithP15-cell,T0342_p14-Day4d5-allepithP15-cell,p14-Day4d5-allepithP15-cell-K4-A02,A02,p14-Day4d5-allepithP15-cell-K4-A02,p14,A02,174713.5156,102839.3047,111339,41601,81001.9375,33658,14589.31514,83.71729385,540.4721961,8802.966312,1331.300417,1183.202436,all_epith
exp7,N248,N233,N248T0343_p14-Day4d5-allepithP15-cell,T0343_p14-Day4d5-allepithP15-cell,p14-Day4d5-allepithP15-cell-K4-A03,A03,p14-Day4d5-allepithP15-cell-K4-A03,p14,A03,118909.0859,88683.82813,87872,40973.80078,81103.60156,33109,11168.98908,132.1376016,1345.007654,14548.4836,857.0009263,1408.864876,all_epith
exp7,N248,N233,N248T0344_p14-Day4d5-allepithP15-cell,T0344_p14-Day4d5-allepithP15-cell,p14-Day4d5-allepithP15-cell-K4-A04,A04,p14-Day4d5-allepithP15-cell-K4-A04,p14,A04,161894.25,103252.3516,102757,82615.96094,100356.25,53951,4128.156454,155.6659013,-72.447903,11771.44985,3553.172999,761.9874995,all_epith
exp7,N248,N233,N248T0345_p14-Day4d5-allepithP15-cell,T0345_p14-Day4d5-allepithP15-cell,p14-Day4d5-allepithP15-cell-K4-A05,A05,p14-Day4d5-allepithP15-cell-K4-A05,p14,A05,123972.7656,93147.28906,87224,41540.24219,100312.5156,27139,11587.60942,117.0472493,1404.57329,5071.373831,603.8168842,2136.032688,all_epith
exp7,N248,N233,N248T0346_p14-Day4d5-allepithP15-cell,T0346_p14-Day4d5-allepithP15-cell,p14-Day4d5-allepithP15-cell-K4-A06,A06,p14-Day4d5-allepithP15-cell-K4-A06,p14,A06,83973,92314.80469,59614,81549.71875,84882.26563,62963,18310.35848,83.32428464,200.1882476,8155.118922,222.6632127,1239.344649,all_epith
exp7,N248,N233,N248T0347_p14-Day4d5-allepithP15-cell,T0347_p14-Day4d5-allepithP15-cell,p14-Day4d5-allepithP15-cell-K4-A07,A07,p14-Day4d5-allepithP15-cell-K4-A07,p14,A07,203995.2813,112397.7188,118944,89544.5625,99726.27344,58845,14201.85158,301.9848289,1124.562197,17601.22738,904.3375697,2144.949577,all_epith
exp7,N248,N233,N248T0348_p14-Day4d5-allepithP15-cell,T0348_p14-Day4d5-allepithP15-cell,p14-Day4d5-allepithP15-cell-K4-A08,A08,p14-Day4d5-allepithP15-cell-K4-A08,p14,A08,126897.4453,116750.2188,71232,67280.92188,122620.8438,35959,14240.00796,119.3215134,1324.30827,7197.010166,3399.887931,811.1840518,all_epith
exp7,N248,N233,N248T0349_p14-Day4d5-allepithP15-cell,T0349_p14-Day4d5-allepithP15-cell,p14-Day4d5-allepithP15-cell-K4-A09,A09,p14-Day4d5-allepithP15-cell-K4-A09,p14,A09,127375.8438,88323.33594,94513,52925.88281,98571.96875,35188,11185.41173,151.5789132,228.3647785,18762.2952,374.3354548,1917.231194,all_epith
exp7,N248,N233,N248T0350_p14-Day4d5-allepithP15-cell,T0350_p14-Day4d5-allepithP15-cell,p14-Day4d5-allepithP15-cell-K4-A10,A10,p14-Day4d5-allepithP15-cell-K4-A10,p14,A10,136714.7656,98843.1875,90646,68612.74219,92801.51563,48454,17656.6632,130.9523792,1101.959645,12801.30927,587.506875,2863.845865,all_epith
exp7,N248,N233,N248T0351_p14-Day4d5-allepithP15-cell,T0351_p14-Day4d5-allepithP15-cell,p14-Day4d5-allepithP15-cell-K4-A11,A11,p14-Day4d5-allepithP15-cell-K4-A11,p14,A11,152527.7188,98580.44531,101400,66998.67969,78501.51563,55933,7760.198786,100.6547204,286.899184,3199.995287,1019.167972,620.7325622,all_epith
exp7,N248,N233,N248T0352_p14-Day4d5-allepithP15-cell,T0352_p14-Day4d5-allepithP15-cell,p14-Day4d5-allepithP15-cell-K4-A12,A12,p14-Day4d5-allepithP15-cell-K4-A12,p14,A12,43956.67969,70590.92188,40809,14083.58008,67033.30469,13769,2028.300412,57.76381505,843.7483905,3961.920361,196.4793131,748.0003123,all_epith
exp7,N248,N233,N248T0365_p14-Day4d5-allepithP15-nocell,T0365_p14-Day4d5-allepithP15-nocell,p14-Day4d5-allepithP15-nocell-K4-B01,B01,p14-Day4d5-allepithP15-nocell-K4-B01,p14,B01,,,,,,,,,,,,,
exp7,N248,N233,N248T0366_p14-Day4d5-allepithP15-cell,T0366_p14-Day4d5-allepithP15-cell,p14-Day4d5-allepithP15-cell-K4-B02,B02,p14-Day4d5-allepithP15-cell-K4-B02,p14,B02,162914.5156,100593.25,106138,60323.90234,83211.69531,47510,3138.634738,208.0643392,659.7146963,7448.501784,1007.954508,1990.739206,all_epith
exp7,N248,N233,N248T0367_p14-Day4d5-allepithP15-cell,T0367_p14-Day4d5-allepithP15-cell,p14-Day4d5-allepithP15-cell-K4-B03,B03,p14-Day4d5-allepithP15-cell-K4-B03,p14,B03,107881.9609,104021.7813,67968,108173.3828,89311.14844,79377,16652.1483,211.7107834,942.5718448,23880.54859,3618.583229,2755.506185,all_epith
exp7,N248,N233,N248T0368_p14-Day4d5-allepithP15-cell,T0368_p14-Day4d5-allepithP15-cell,p14-Day4d5-allepithP15-cell-K4-B04,B04,p14-Day4d5-allepithP15-cell-K4-B04,p14,B04,78288.32031,92789.51563,55294,54606.58203,78113.60938,45814,12278.67383,133.3210838,468.9058327,1527.523032,748.5935559,2382.619144,all_epith
exp7,N248,N233,N248T0369_p14-Day4d5-allepithP15-cell,T0369_p14-Day4d5-allepithP15-cell,p14-Day4d5-allepithP15-cell-K4-B05,B05,p14-Day4d5-allepithP15-cell-K4-B05,p14,B05,81530.39844,88340.32813,60484,45869.88281,86494.85938,34755,5177.18108,93.4091342,423.1600435,4016.034159,812.8384609,1512.928021,all_epith
exp7,N248,N233,N248T0370_p14-Day4d5-allepithP15-cell,T0370_p14-Day4d5-allepithP15-cell,p14-Day4d5-allepithP15-cell-K4-B06,B06,p14-Day4d5-allepithP15-cell-K4-B06,p14,B06,134852.6875,91843.22656,96226,66442.03906,93170.97656,46735,3498.322332,46.27495845,-479.3729182,8973.761697,2142.612138,1103.538845,all_epith
exp7,N248,N233,N248T0371_p14-Day4d5-allepithP15-cell,T0371_p14-Day4d5-allepithP15-cell,p14-Day4d5-allepithP15-cell-K4-B07,B07,p14-Day4d5-allepithP15-cell-K4-B07,p14,B07,188824.4844,111027.5859,111457,61611.62109,86638.32813,46605,20648.43446,127.5177599,1367.561766,17092.92796,412.6571394,926.0019708,all_epith
exp7,N248,N233,N248T0372_p14-Day4d5-allepithP15-cell,T0372_p14-Day4d5-allepithP15-cell,p14-Day4d5-allepithP15-cell-K4-B08,B08,p14-Day4d5-allepithP15-cell-K4-B08,p14,B08,150725.4375,94402.91406,104636,55370,89329.14063,40622,16753.24407,110.3246499,1192.71445,16893.54735,256.8659879,1382.144634,all_epith
exp7,N248,N233,N248T0373_p14-Day4d5-allepithP15-cell,T0373_p14-Day4d5-allepithP15-cell,p14-Day4d5-allepithP15-cell-K4-B09,B09,p14-Day4d5-allepithP15-cell-K4-B09,p14,B09,105918.6797,112679.1484,61604,63009.10156,185798.1875,22225,3565.526875,57.18297158,504.1168129,318.4085562,4961.174508,5116.539753,all_epith
exp7,N248,N233,N248T0374_p14-Day4d5-allepithP15-cell,T0374_p14-Day4d5-allepithP15-cell,p14-Day4d5-allepithP15-cell-K4-B10,B10,p14-Day4d5-allepithP15-cell-K4-B10,p14,B10,48930.19922,93902.89063,34149,117573.5391,91079.1875,84600,13368.4551,280.4927458,489.9706421,13493.57262,925.3004164,1643.836083,all_epith
exp7,N248,N233,N248T0375_p14-Day4d5-allepithP15-cell,T0375_p14-Day4d5-allepithP15-cell,p14-Day4d5-allepithP15-cell-K4-B11,B11,p14-Day4d5-allepithP15-cell-K4-B11,p14,B11,82145.88281,88747.50781,60661,44725.24219,79152.96094,37031,7104.253926,107.0360894,1135.462299,7640.857407,226.4578029,1709.070434,all_epith
exp7,N248,N233,N248T0376_p14-Day4d5-allepithP15-cell,T0376_p14-Day4d5-allepithP15-cell,p14-Day4d5-allepithP15-cell-K4-B12,B12,p14-Day4d5-allepithP15-cell-K4-B12,p14,B12,186212.6094,112093.6016,108870,83047.16406,95209.90625,57164,9820.788642,159.6524043,560.9656958,13018.31173,415.9938609,2049.584984,all_epith
exp6,N248,N232,,,,A01,p2-Day0-BCP13-cell-K4-A01,p2,A01,54817.49219,110986.4141,32369,47317.57031,109980.2969,28196,9957.697976,91.39639717,383.6484081,1252.400678,4034.671502,5843.256248,basal
exp6,N248,N232,,,,B01,p2-Day0-BCP13-cell-K4-B01,p2,B01,96828.55469,116493.6016,54473,121961.9844,110301.6875,72464,31036.80985,104.208839,1035.766482,3072.748915,3198.247533,12972.76603,basal
exp6,N248,N232,,,,C01,p2-Day0-BCP13-cell-K4-C01,p2,C01,50237.46094,88621.10156,37151,47901.51172,92593.01563,33904,7264.965048,123.0524688,477.236462,2322.0287,4333.185179,4540.985204,basal
exp6,N248,N232,,,,D01,p2-Day0-BCP13-cell-K4-D01,p2,D01,53705.47266,88949.47656,39569,38374.17188,88859.07813,28302,14836.08959,109.6232342,85.63917234,646.1695484,1545.805107,3519.469491,basal
exp6,N248,N232,,,,E01,p2-Day0-BCP13-cell-K4-E01,p2,E01,46990.58203,88677,34728,59914.96094,86143.375,45582,15534.08466,175.1029901,-58.75083241,1164.968275,1414.491123,4805.1925,basal
exp6,N248,N232,,,,F01,p2-Day0-BCP13-cell-K4-F01,p2,F01,50050.91016,114056,28759,176748.5625,117828.7813,98307,17843.17464,336.3247152,1490.879519,2358.48853,4374.041356,19573.22295,basal
exp6,N248,N232,,,,G01,p2-Day0-BCP13-cell-K4-G01,p2,G01,42507.92188,86663.53906,32145,35263.38281,92715.28906,24926,4537.598405,82.50555049,282.3350218,481.9924036,3806.383728,3613.421476,basal
exp6,N248,N232,,,,H01,p2-Day0-BCP13-cell-K4-H01,p2,H01,35627.41016,93717.50781,24914,128431.8828,89196.22656,94364,14988.44414,-0.86276162,1526.65835,2736.274834,1797.644796,11323.02705,basal
exp6,N248,N232,,,,I01,p2-Day0-BCP13-cell-K4-I01,p2,I01,43005.69141,87746.60938,32120,46236.99219,94486.67188,32070,5524.896893,144.7831386,657.8086901,1344.257352,3924.7425,5776.579956,basal
exp6,N248,N232,,,,J01,p2-Day0-BCP13-cell-K4-J01,p2,J01,34391.63281,84402.72656,26704,71432.74219,94191.59375,49701,15292.29147,152.5541208,1466.344654,518.3976474,1363.345535,3826.477665,basal
exp6,N248,N232,,,,K01,p2-Day0-BCP13-cell-K4-K01,p2,K01,44631.85938,88163.29688,33177,54746.80078,79499.375,45131,15822.08714,136.2989377,133.7110541,1460.969038,1397.896095,8528.553846,basal
exp6,N248,N232,,,,L01,p2-Day0-BCP13-cell-K4-L01,p2,L01,39498.55078,89828.125,28817,48306,97381.71094,32509,9551.605359,73.15270237,1829.382436,2494.629396,1396.749289,4669.521798,basal
exp6,N248,N232,,,,M01,p2-Day0-BCP13-cell-K4-M01,p2,M01,40105.51953,89987.51563,29208,28539.3418,83606.20313,22371,4396.907028,45.71907579,-114.0840077,380.6424045,1349.548846,2568.652565,basal
exp6,N248,N232,,,,N01,p2-Day0-BCP13-cell-K4-N01,p2,N01,38140.83203,83328.25781,29997,35340.01172,82964.71875,27916,10800.68254,83.98447563,824.8756091,1360.835014,1233.389689,4942.1199,basal
exp6,N248,N232,,,,O01,p2-Day0-BCP13-cell-K4-O01,p2,O01,33046.65234,78697.14063,27520,54818.58203,77872.94531,46134,13929.18294,51.07751682,282.5869783,908.9384323,1285.716758,5303.107241,basal
exp6,N248,N232,,,,P01,p2-Day0-BCP13-cell-K4-P01,p2,P01,43209.53125,82984.99219,34124,43953.60938,97020.67188,29690,8885.992791,75.27317391,232.2088915,885.3972189,3583.398373,4646.597616,basal
exp6,N248,N232,,,,A02,p2-Day0-BCP13-cell-K4-A02,p2,A02,35417.19922,88084,26351,80379.05469,82532.53906,63826,14151.29917,116.6198825,280.1509895,1125.377486,1180.267414,5319.911237,basal
exp6,N248,N232,,,,B02,p2-Day0-BCP13-cell-K4-B02,p2,B02,38413.83203,83930.28125,29995,48952.01953,79570.40625,40318,5948.392825,8.138305975,207.3684153,1819.147421,1214.214963,5977.266113,basal
exp6,N248,N232,,,,C02,p2-Day0-BCP13-cell-K4-C02,p2,C02,35146.92969,77529.08594,29710,52426.5625,85078.91406,40384,13981.45868,85.47483418,176.1094383,1439.286021,896.9288169,5569.198692,basal
exp6,N248,N232,,,,D02,p2-Day0-BCP13-cell-K4-D02,p2,D02,67970.63281,93578.49219,47602,59191.33984,90662.20313,42787,9233.982983,232.7210111,349.8151992,839.8473878,2471.351408,5954.022184,basal
exp6,N248,N232,,,,E02,p2-Day0-BCP13-cell-K4-E02,p2,E02,73128.51563,108775.7422,44059,102603.6953,120757.0547,55684,5910.207014,190.4530401,282.9841076,1574.484192,2380.70872,11572.19185,basal
exp6,N248,N232,,,,F02,p2-Day0-BCP13-cell-K4-F02,p2,F02,51224.8125,90817.50781,36965,29223.19141,90176.625,21238,11690.35477,139.7698592,179.9382479,849.0474113,1866.533282,2852.821401,basal
exp6,N248,N232,,,,G02,p2-Day0-BCP13-cell-K4-G02,p2,G02,47880.5625,110256.5234,28460,56957.43359,106473.9063,35058,14496.94587,219.8465608,471.0439328,905.3537982,2784.869037,4013.269115,basal
exp6,N248,N232,,,,H02,p2-Day0-BCP13-cell-K4-H02,p2,H02,22181.25,79836.90625,18208,94425.625,69718.4375,88761,10577.93747,111.2642653,92.73496817,1472.01763,809.4951894,5105.003598,basal
exp6,N248,N232,,,,I02,p2-Day0-BCP13-cell-K4-I02,p2,I02,39811.58984,88503.82031,29480,49404.04297,88063.52344,36766,10339.42839,147.1726691,420.9752507,656.2840367,3849.099241,3615.262774,basal
exp6,N248,N232,,,,J02,p2-Day0-BCP13-cell-K4-J02,p2,J02,43398.8125,93827.21875,30313,42157.17188,95984.3125,28784,8356.458868,128.7852496,2685.928366,1034.201427,1976.50345,3302.042939,basal
exp6,N248,N232,,,,K02,p2-Day0-BCP13-cell-K4-K02,p2,K02,35511.83984,79221.96875,29377,34615.42188,84467.97656,26857,3952.592681,55.03536825,198.4867662,758.2880011,791.1076623,2637.752161,basal
exp6,N248,N232,,,,L02,p2-Day0-BCP13-cell-K4-L02,p2,L02,73019.3125,101659,47073,81294.73438,105336.9453,50578,16672.20732,188.8868784,184.0550494,2775.029952,2151.908447,6196.038596,basal
exp6,N248,N232,,,,M02,p2-Day0-BCP13-cell-K4-M02,p2,M02,54310.62109,129152.0469,27559,161406.0625,124993,84628,24117.63526,281.3856276,1647.526832,1467.810969,3020.154939,7261.90918,basal
exp6,N248,N232,,,,N02,p2-Day0-BCP13-cell-K4-N02,p2,N02,44824.78125,109695.1797,26780,130604.6875,103399.5313,82779,8568.864462,345.1228359,393.3858088,2335.099864,2013.310204,8936.559248,basal
exp6,N248,N232,,,,O02,p2-Day0-BCP13-cell-K4-O02,p2,O02,40424.01953,81001.29688,32706,41212.39063,78948.14844,34211,4118.977336,56.42777677,334.7664261,712.7957462,1034.247914,3698.815547,basal
exp6,N248,N232,,,,P02,p2-Day0-BCP13-cell-K4-P02,p2,P02,32476.99023,77577.35156,27436,40814.69141,76024.09375,35184,11407.49554,32.83127799,285.5573108,1181.796033,1957.087395,4409.729981,basal
exp6,N248,N232,,,,A03,p2-Day0-BCP13-cell-K4-A03,p2,A03,60298.42188,94265.82813,41921,41082.41016,89919.74219,29942,15390.10616,110.0098681,463.337401,676.1863252,1750.126816,5144.20302,basal
exp6,N248,N232,,,,B03,p2-Day0-BCP13-cell-K4-B03,p2,B03,21593.39063,77840.73438,18180,60413.54297,78280.32031,50578,14793.39803,126.2434064,463.1800742,1344.140375,1545.723829,4785.13343,basal
exp6,N248,N232,,,,C03,p2-Day0-BCP13-cell-K4-C03,p2,C03,44700.10938,89212.35938,32837,34781.29297,103803.7656,21959,3752.988297,79.18743701,288.536917,844.9243331,2471.365756,3527.439656,basal
exp6,N248,N232,,,,D03,p2-Day0-BCP13-cell-K4-D03,p2,D03,39938.99219,89773.70313,29156,28441.37109,85639.03906,21765,2902.086961,65.47598803,379.0286503,434.8840571,1941.956899,2406.239603,basal
exp6,N248,N232,,,,E03,p2-Day0-BCP13-cell-K4-E03,p2,E03,52466.96094,105604.2578,32560,90481.60156,100884.7266,58778,23599.37763,235.1803494,935.1085204,2433.764152,2743.915946,9382.623195,basal
exp6,N248,N232,,,,F03,p2-Day0-BCP13-cell-K4-F03,p2,F03,51212.07031,87866.42969,38197,31104.99023,94765.3125,21511,8369.844811,87.9558428,138.0522842,435.5250926,1557.095359,3394.812368,basal
exp6,N248,N232,,,,G03,p2-Day0-BCP13-cell-K4-G03,p2,G03,50194.69141,90831.65625,36216,29838.16992,97705.32813,20014,4286.739537,48.62673434,271.287303,712.0384371,1316.917004,4953.225752,basal
exp6,N248,N232,,,,H03,p2-Day0-BCP13-cell-K4-H03,p2,H03,48857.90234,90432.72656,35407,88925.71875,81783.85938,71259,5453.271134,82.53616193,310.130412,956.474546,1887.05999,4729.02574,basal
exp6,N248,N232,,,,I03,p2-Day0-BCP13-cell-K4-I03,p2,I03,52898.30078,91545.67188,37869,53857.3125,105078.6875,33590,14956.16106,130.2430254,998.2137425,1378.366595,2819.49714,6733.720514,basal
exp6,N248,N232,,,,J03,p2-Day0-BCP13-cell-K4-J03,p2,J03,38356.5,79215.0625,31733,46065.30078,81736.44531,36935,12910.35596,103.5656951,171.4647184,1362.713329,774.9727882,5644.788888,basal
exp6,N248,N232,,,,K03,p2-Day0-BCP13-cell-K4-K03,p2,K03,84703.71094,115588.6016,48025,134926.0313,102451.7891,86309,28723.28177,303.2743601,2315.242503,3024.237539,4510.176848,18554.72352,basal
exp6,N248,N232,,,,L03,p2-Day0-BCP13-cell-K4-L03,p2,L03,42322.28125,107488.4922,25804,128909.125,101786.6328,82999,5950.187047,176.4523265,-121.4973443,594.0090635,1122.95454,5312.419211,basal
exp6,N248,N232,,,,M03,p2-Day0-BCP13-cell-K4-M03,p2,M03,29580.46094,86216.8125,22485,73383.41406,82324.89063,58418,9244.184822,101.0981414,-52.21029601,463.5450152,1129.838323,2217.36473,basal
exp6,N248,N232,,,,N03,p2-Day0-BCP13-cell-K4-N03,p2,N03,62100.22266,92756.86719,43876,94882.49219,86845.42188,71601,19108.21115,123.5544508,872.8964453,6046.522451,3104.791775,13009.10735,basal
exp6,N248,N232,,,,O03,p2-Day0-BCP13-cell-K4-O03,p2,O03,36560.16016,76576.64063,31289,33528.05078,75620.14063,29057,7210.84042,65.20300452,364.8153322,2045.76799,1309.273443,3285.220493,basal
exp6,N248,N232,,,,P03,p2-Day0-BCP13-cell-K4-P03,p2,P03,51259.39063,88925.42188,37777,53129.8125,93209.00781,37356,7488.874721,99.63889137,164.1106844,1398.801673,2508.837821,5645.761085,basal
exp6,N248,N232,,,,A04,p2-Day0-BCP13-cell-K4-A04,p2,A04,31309.46094,76574.74219,26796,25400.41992,80223.71094,20750,8943.770488,80.3415857,1035.457434,815.3499138,824.8557668,3222.566846,basal
exp6,N248,N232,,,,B04,p2-Day0-BCP13-cell-K4-B04,p2,B04,38825.15234,85990.03906,29590,50154.82031,88323.16406,37215,10519.63146,128.9174623,259.7899627,796.8117961,1160.328032,3843.144416,basal
exp6,N248,N232,,,,C04,p2-Day0-BCP13-cell-K4-C04,p2,C04,43007.51172,85221.78906,33073,51605.94141,87375.59375,38707,5343.887116,76.71901252,705.0525528,2325.761834,1587.970503,7239.997533,basal
exp6,N248,N232,,,,D04,p2-Day0-BCP13-cell-K4-D04,p2,D04,34677.37109,75572.5,30072,39566.30078,77945.61719,33267,9624.803015,76.49939644,304.9475881,1021.862386,1603.136039,5031.415067,basal
exp6,N248,N232,,,,E04,p2-Day0-BCP13-cell-K4-E04,p2,E04,72698.08594,125281.8047,38029,95784.59375,110824.8203,56642,9721.711961,178.2078378,1092.235847,2949.755376,5021.16313,17661.38626,basal
exp6,N248,N232,,,,F04,p2-Day0-BCP13-cell-K4-F04,p2,F04,25044.11133,88203.50781,18608,96892.33594,77320.375,82125,5024.431704,163.5811272,236.1738469,924.9690363,3333.75069,3791.193751,basal
exp6,N248,N232,,,,G04,p2-Day0-BCP13-cell-K4-G04,p2,G04,39070.85156,82457.32813,31053,45166.11328,82723.34375,35782,11760.14152,29.39360526,766.767866,1120.739928,876.0335377,7000.774748,basal
exp6,N248,N232,,,,H04,p2-Day0-BCP13-cell-K4-H04,p2,H04,28529.41016,72623.94531,25745,42467.57031,75240.72656,36990,7322.471252,94.09281197,154.3502401,910.5399909,833.8693441,4338.083453,basal
exp6,N248,N232,,,,I04,p2-Day0-BCP13-cell-K4-I04,p2,I04,65039.52344,125984.4063,33833,92911.45313,119376.6563,51007,9620.35596,179.5514252,871.2260921,2314.213529,3469.047393,10609.58678,basal
exp6,N248,N232,,,,J04,p2-Day0-BCP13-cell-K4-J04,p2,J04,66296.23438,127802.9766,33996,97136.77344,116228.5781,54771,14948.12563,169.9590431,-78.61469736,1481.315737,2615.425842,11979.89987,basal
exp6,N248,N232,,,,K04,p2-Day0-BCP13-cell-K4-K04,p2,K04,55254.29297,89638.97656,40397,109381.0859,98171.69531,73019,23166.78003,224.5751001,1102.966465,1944.356147,4091.814422,11737.61276,basal
exp6,N248,N232,,,,L04,p2-Day0-BCP13-cell-K4-L04,p2,L04,34611.85156,74459.10938,30464,41432.58203,81930.05469,33142,2969.020306,94.81676016,1090.891419,386.8156005,1366.882656,4234.664337,basal
exp6,N248,N232,,,,M04,p2-Day0-BCP13-cell-K4-M04,p2,M04,57370.95313,94100.07813,39956,128382.4141,94588.75781,88950,15007.89239,245.3392911,907.6854128,3297.275625,4276.355562,9471.343878,basal
exp6,N248,N232,,,,N04,p2-Day0-BCP13-cell-K4-N04,p2,N04,44410.73047,83558.26563,34832,62821.08203,79049.24219,52082,16210.16215,20.40811771,-437.3136125,706.9003678,2402.30905,5484.446152,basal
exp6,N248,N232,,,,O04,p2-Day0-BCP13-cell-K4-O04,p2,O04,37097.0625,90114.28125,26979,77346.83594,91744.98438,55251,9406.873324,158.8406821,182.398494,1172.080654,1715.211176,6008.355988,basal
exp6,N248,N232,,,,P04,p2-Day0-BCP13-cell-K4-P04,p2,P04,39399.35938,83370.78906,30971,38855.29297,80977.57031,31446,2678.170031,110.8736499,-174.5219369,483.5205818,2555.379248,1940.868495,basal
exp6,N248,N232,,,,A05,p2-Day0-BCP13-cell-K4-A05,p2,A05,44499.91016,82308.25,35432,47305.92969,79357.03906,39067,5278.329354,109.9257158,4998.10361,1256.821855,1271.483061,5576.21656,basal
exp6,N248,N232,,,,B05,p2-Day0-BCP13-cell-K4-B05,p2,B05,51594.27344,98287.38281,34402,30302.80078,110470.2891,17977,8489.079462,98.20967851,148.1898298,337.6078936,4075.661476,2629.9941,basal
exp6,N248,N232,,,,C05,p2-Day0-BCP13-cell-K4-C05,p2,C05,72214.875,119007.0938,39768,77060.67969,114080.9297,44269,10210.00286,106.432962,427.3394829,2477.85229,2246.993876,8315.125956,basal
exp6,N248,N232,,,,D05,p2-Day0-BCP13-cell-K4-D05,p2,D05,36464.60938,81837.77344,29201,30976.95117,89688.78125,22635,13375.56878,91.8731654,510.7457567,1223.836515,1091.859797,6195.139863,basal
exp6,N248,N232,,,,E05,p2-Day0-BCP13-cell-K4-E05,p2,E05,50542.3125,87804.60938,37724,64535.07031,91562.66406,46191,7917.745182,212.9852788,3429.67863,1365.117015,1336.582561,1073.51028,basal
exp6,N248,N232,,,,F05,p2-Day0-BCP13-cell-K4-F05,p2,F05,74207.77344,109169.4453,44548,132507.8281,105078.8828,82643,20663.40069,311.6794707,1094.703667,2155.062785,1694.866716,9234.179023,basal
exp6,N248,N232,,,,G05,p2-Day0-BCP13-cell-K4-G05,p2,G05,32431.49023,82878.92969,25645,46994.5625,79428.39063,38775,3857.823527,-2.790400122,514.3547722,651.7111367,-421.3833177,4458.540073,basal
exp6,N248,N232,,,,H05,p2-Day0-BCP13-cell-K4-H05,p2,H05,45673.8125,99437.875,30102,56879.83203,106629.9609,34959,12794.19731,179.7914393,20.2343969,1526.301923,3663.799627,3715.435339,basal
exp6,N248,N232,,,,I05,p2-Day0-BCP13-cell-K4-I05,p2,I05,30399.46094,78469.375,25389,68775.91406,82620.85938,54554,12520.82964,102.6001307,192.3439702,1052.954008,1132.356285,3822.762655,basal
exp6,N248,N232,,,,J05,p2-Day0-BCP13-cell-K4-J05,p2,J05,49706.92969,104843.5313,31071,40853.49219,122702.7813,21820,9932.863506,70.41693328,1219.65935,628.6085432,4999.345466,2680.384925,basal
exp6,N248,N232,,,,K05,p2-Day0-BCP13-cell-K4-K05,p2,K05,44740.15234,83881.86719,34955,38587.57031,86727.07813,29159,5428.462175,18.10067414,733.7038567,1412.345412,964.6302374,3994.110299,basal
exp6,N248,N232,,,,L05,p2-Day0-BCP13-cell-K4-L05,p2,L05,56741.23047,91733.3125,40537,53042.51172,89560.32031,38814,9748.737668,66.84119086,494.2886848,1308.634334,1878.261545,7671.106265,basal
exp6,N248,N232,,,,M05,p2-Day0-BCP13-cell-K4-M05,p2,M05,38149.01953,81950.11719,30508,64812.49219,80878.01563,52518,12417.53776,93.49668704,23.86449274,3017.590712,1635.835118,5123.228785,basal
exp6,N248,N232,,,,N05,p2-Day0-BCP13-cell-K4-N05,p2,N05,47683.08984,90894.67969,34380,29634.4707,95136.90625,20414,6079.512577,44.5356669,542.0547612,1080.994246,2094.112882,6097.640974,basal
exp6,N248,N232,,,,O05,p2-Day0-BCP13-cell-K4-O05,p2,O05,50635.13281,84632.08594,39210,45535.67969,99163.5,30094,13756.59275,72.62652168,-88.0408633,1356.351117,2875.769939,6284.658224,basal
exp6,N248,N232,,,,P05,p2-Day0-BCP13-cell-K4-P05,p2,P05,34599.10938,81971.20313,27662,20838.50977,85025.0625,16062,6749.290954,-201.9419213,-288.7178375,909.4660258,3223.358577,2108.802898,basal
exp6,N248,N232,,,,A06,p2-Day0-BCP13-cell-K4-A06,p2,A06,33436.13281,76692.92969,28572,36982.22266,80269.82813,30194,8784.012188,124.5852856,618.6603914,1483.598093,4784.040725,4462.014506,basal
exp6,N248,N232,,,,B06,p2-Day0-BCP13-cell-K4-B06,p2,B06,43169.49219,85184.75,33212,52055.05078,97254.10938,35078,7052.398797,104.2270233,407.5613063,392.2077205,849.5938648,3030.365418,basal
exp6,N248,N232,,,,C06,p2-Day0-BCP13-cell-K4-C06,p2,C06,47075.21094,83368.13281,37006,84968.125,97074.26563,57363,4914.708564,385.5108839,1624.151858,498.4688218,2581.101041,8346.851207,basal
exp6,N248,N232,,,,D06,p2-Day0-BCP13-cell-K4-D06,p2,D06,44223.26953,102784.5703,28197,72748.0625,97725.10938,48786,19130.11071,127.9447947,429.3850456,4676.640077,2345.478545,6922.03605,basal
exp6,N248,N232,,,,E06,p2-Day0-BCP13-cell-K4-E06,p2,E06,45668.35156,93678.08594,31949,33842.33203,84007.85156,26401,9990.999599,68.93610966,370.8896525,1464.256466,3086.401011,4151.901895,basal
exp6,N248,N232,,,,F06,p2-Day0-BCP13-cell-K4-F06,p2,F06,47740.42188,89450.67188,34977,46149.69141,111640.9922,27091,12045.54444,196.6772264,306.7690586,1515.985828,4407.219755,4803.158444,basal
exp6,N248,N232,,,,G06,p2-Day0-BCP13-cell-K4-G06,p2,G06,45601.92188,82527.48438,36213,25501.30078,81767.85938,20439,8513.235364,202.9959173,229.9071803,350.3813412,2113.825996,2220.54037,basal
exp6,N248,N232,,,,H06,p2-Day0-BCP13-cell-K4-H06,p2,H06,33528.03906,90733.52344,24217,73335.88281,101175.5078,47503,13686.15721,216.9505737,332.7445452,858.6413557,1162.439744,5406.953983,basal
exp6,N248,N232,,,,I06,p2-Day0-BCP13-cell-K4-I06,p2,I06,37830.51953,87507.44531,28332,50740.70313,86171.09375,38590,10779.41281,79.43284268,756.9859148,1865.459128,1656.685624,7692.298136,basal
exp6,N248,N232,,,,J06,p2-Day0-BCP13-cell-K4-J06,p2,J06,65218.79297,95011.32031,44986,71514.21875,97634.64063,48003,19481.20827,201.0182038,893.2124248,2140.576281,2444.611938,7822.958232,basal
exp6,N248,N232,,,,K06,p2-Day0-BCP13-cell-K4-K06,p2,K06,25385.36133,80521.51563,20661,57748.95313,77522.23438,48820,11392.87262,122.3796036,230.8917073,1314.494149,1100.201082,3097.137643,basal
exp6,N248,N232,,,,L06,p2-Day0-BCP13-cell-K4-L06,p2,L06,29580.46094,89849.14844,21576,58458.99219,99045.22656,38681,4936.748231,121.550895,578.5571595,1018.422586,1038.547033,5455.478885,basal
exp6,N248,N232,,,,M06,p2-Day0-BCP13-cell-K4-M06,p2,M06,49793.38281,93591.61719,34867,31731.61133,102044.4063,20379,7578.060912,111.2087187,534.7872894,912.1310535,3472.186601,3852.964823,basal
exp6,N248,N232,,,,N06,p2-Day0-BCP13-cell-K4-N06,p2,N06,44999.5,90056.71875,32747,43577.25,96420.49219,29619,2168.330481,99.67865678,254.27919,512.1463639,2924.980108,2840.136237,basal
exp6,N248,N232,,,,O06,p2-Day0-BCP13-cell-K4-O06,p2,O06,31508.75,89423.0625,23092,66513.875,87788.5625,49654,9830.921464,85.58467866,1045.831313,956.1524152,1505.561092,5693.504636,basal
exp6,N248,N232,,,,P06,p2-Day0-BCP13-cell-K4-P06,p2,P06,43578.99219,85783.57813,33293,46910.17188,91193.19531,33712,10969.45225,161.3734053,16.16119106,633.0511887,2983.130332,4666.564953,basal
exp6,N248,N232,,,,A07,p2-Day0-BCP13-cell-K4-A07,p2,A07,41118.35156,81500.49219,33064,50609.75,101585.3203,32650,8536.217133,151.4234716,1261.074347,931.9359675,3663.255355,6087.955824,basal
exp6,N248,N232,,,,B07,p2-Day0-BCP13-cell-K4-B07,p2,B07,33595.38281,82291.41406,26755,113750.9297,77146.09375,96632,6683.627273,114.9835523,444.4541518,2269.412664,2881.057737,8633.606554,basal
exp6,N248,N232,,,,C07,p2-Day0-BCP13-cell-K4-C07,p2,C07,40207.44141,83208.13281,31668,59391.16016,86946.77344,44766,5778.971959,105.2640623,452.3569014,795.7711758,1259.79148,5822.161825,basal
exp6,N248,N232,,,,D07,p2-Day0-BCP13-cell-K4-D07,p2,D07,37609.39063,84615.64063,29129,76956.89063,83287.03906,60555,11145.12777,160.3785834,347.8245619,600.4796235,1169.753048,4808.679539,basal
exp6,N248,N232,,,,E07,p2-Day0-BCP13-cell-K4-E07,p2,E07,36603.83984,87886.77344,27295,69711.96094,88440.19531,51658,8070.496875,86.08874161,485.490049,1050.739553,1480.306648,5621.497072,basal
exp6,N248,N232,,,,F07,p2-Day0-BCP13-cell-K4-F07,p2,F07,34302.44922,86566.5,25969,64703.85156,86668.53906,48927,11160.71115,100.3553891,706.7032113,1446.452283,1635.473707,7503.367556,basal
exp6,N248,N232,,,,G07,p2-Day0-BCP13-cell-K4-G07,p2,G07,36821.33203,91684.00781,26320,96672.14063,85810.90625,73831,17432.35414,208.7865493,170.8395289,1488.536416,1996.498153,5593.239389,basal
exp6,N248,N232,,,,H07,p2-Day0-BCP13-cell-K4-H07,p2,H07,47067.01953,92339.00781,33405,42008.76172,101101.1875,27231,11835.60463,112.1529406,345.7460024,859.6648916,4031.091197,3298.086648,basal
exp6,N248,N232,,,,I07,p2-Day0-BCP13-cell-K4-I07,p2,I07,59817.94141,94317.89063,41564,55907.89063,93960.23438,38995,8655.828233,96.89105087,608.1989835,1436.002221,1217.318951,5618.309924,basal
exp6,N248,N232,,,,J07,p2-Day0-BCP13-cell-K4-J07,p2,J07,55019.51172,89695.48438,40200,45020.60938,93236.55469,31645,11977.4054,77.26115195,1099.933522,1079.281135,4373.91474,7442.54489,basal
exp6,N248,N232,,,,K07,p2-Day0-BCP13-cell-K4-K07,p2,K07,40724.32031,83790.94531,31852,51589.45313,81938.99219,41262,10665.39605,69.3650581,272.3379712,977.6284614,1310.57225,6750.572342,basal
exp6,N248,N232,,,,L07,p2-Day0-BCP13-cell-K4-L07,p2,L07,28550.3418,79048.39063,23670,94091.94531,80556.11719,76548,11450.38998,133.2401819,155.5731205,722.8741928,2662.705684,6165.567187,basal
exp6,N248,N232,,,,M07,p2-Day0-BCP13-cell-K4-M07,p2,M07,62085.66016,100314.2422,40561,70565.5625,99594.80469,46434,16213.10063,137.211341,562.3547285,1695.576121,1443.946807,6578.250641,basal
exp6,N248,N232,,,,N07,p2-Day0-BCP13-cell-K4-N07,p2,N07,35493.64063,79981.8125,29083,54074.58984,81239.5625,43622,11549.97617,156.2778383,231.3453888,475.7654631,1496.399656,4274.509227,basal
exp6,N248,N232,,,,O07,p2-Day0-BCP13-cell-K4-O07,p2,O07,38554.88281,89445.03125,28249,82057.15625,93724.04688,57378,7470.893569,196.0508046,639.6018674,2267.219749,2172.775779,10212.54064,basal
exp6,N248,N232,,,,P07,p2-Day0-BCP13-cell-K4-P07,p2,P07,40581.44922,95787.71875,27765,73712.24219,89793.59375,53799,17125.24123,156.9413293,160.7265227,2100.274534,1927.424929,8099.649184,basal
exp6,N248,N232,,,,A08,p2-Day0-BCP13-cell-K4-A08,p2,A08,18599.49023,81523.29688,14952,90948.17188,80795.71094,73771,15848.2648,149.729661,91.00694488,1441.64218,1589.025334,5769.935343,basal
exp6,N248,N232,,,,B08,p2-Day0-BCP13-cell-K4-B08,p2,B08,35237.92969,81458.65625,28350,64666.99219,83192.96875,50942,9405.677267,107.7711211,440.8140938,1498.636184,3772.359949,2944.067793,basal
exp6,N248,N232,,,,C08,p2-Day0-BCP13-cell-K4-C08,p2,C08,43611.75,90720.19531,31505,57896.39063,99407.85156,38169,5672.790579,51.27391898,169.0862618,915.992886,990.6156355,4155.072017,basal
exp6,N248,N232,,,,D08,p2-Day0-BCP13-cell-K4-D08,p2,D08,23210.46094,78002.1875,19501,45530.83203,78180.33594,38167,4214.466968,72.11281019,230.0182803,1076.630934,1941.078122,4538.080564,basal
exp6,N248,N232,,,,E08,p2-Day0-BCP13-cell-K4-E08,p2,E08,36777.65234,82472.54688,29225,84149.44531,85515.64063,64489,14353.01027,169.7038551,188.0062647,2158.760914,3919.133852,4736.498173,basal
exp6,N248,N232,,,,F08,p2-Day0-BCP13-cell-K4-F08,p2,F08,30158.31055,71920.78906,27481,62660.0625,69094.4375,59433,3624.9487,99.13816567,64.79455724,707.4574275,903.6238527,2497.35571,basal
exp6,N248,N232,,,,G08,p2-Day0-BCP13-cell-K4-G08,p2,G08,28593.11133,76363.26563,24539,37223.75,78166.41406,31209,3763.03876,1.446000009,329.6168515,926.9395289,747.2121023,3153.366024,basal
exp6,N248,N232,,,,H08,p2-Day0-BCP13-cell-K4-H08,p2,H08,32729.06055,92525.75,23182,69520.875,90944.15625,50098,17109.37525,115.8693033,456.7884291,1753.800241,1559.320201,6407.115348,basal
exp6,N248,N232,,,,I08,p2-Day0-BCP13-cell-K4-I08,p2,I08,35230.65234,91899.21875,25124,84368.66406,86475.9375,63939,4159.777481,231.0451591,396.8576989,1704.562934,1487.027453,4093.469172,basal
exp6,N248,N232,,,,J08,p2-Day0-BCP13-cell-K4-J08,p2,J08,35645.60938,80054.51563,29181,73771.41406,88881.03125,54395,7640.493414,163.8735054,1356.187576,1717.745656,1434.253331,4589.408101,basal
exp6,N248,N232,,,,K08,p2-Day0-BCP13-cell-K4-K08,p2,K08,48790.5625,86221.875,37085,56305.58984,83750.42188,44060,16878.84166,104.4881061,309.2883301,1531.823285,1991.53597,5933.010508,basal
exp6,N248,N232,,,,L08,p2-Day0-BCP13-cell-K4-L08,p2,L08,40290.25,84370.58594,31296,44077.76953,81566.58594,35415,6271.240511,99.37243556,81.22360515,1430.681647,1553.026581,4143.856196,basal
exp6,N248,N232,,,,M08,p2-Day0-BCP13-cell-K4-M08,p2,M08,108755.0156,150818.25,47258,167206.6719,154726.7188,70822,14192.31472,191.9709743,2419.665661,4647.374955,5053.16553,20035.17747,basal
exp6,N248,N232,,,,N08,p2-Day0-BCP13-cell-K4-N08,p2,N08,42593.46094,84796.17188,32919,34851.13281,87934.23438,25974,6218.553491,77.19198435,283.5535868,1537.418185,1363.787116,7452.425779,basal
exp6,N248,N232,,,,O08,p2-Day0-BCP13-cell-K4-O08,p2,O08,43827.42188,81922.1875,35061,42311.40234,84566.02344,32790,8473.357378,36.15498601,216.5454507,1002.204374,3427.946889,4634.909752,basal
exp6,N248,N232,,,,P08,p2-Day0-BCP13-cell-K4-P08,p2,P08,56400.89063,93979.02344,39331,55741.05078,100308.7969,36418,15830.87343,92.4768267,577.877488,903.4416122,3768.432444,2048.984029,basal
exp6,N248,N232,,,,A09,p2-Day0-BCP13-cell-K4-A09,p2,A09,45819.41016,86057.97656,34893,41303.57031,88318.39844,30649,10346.93754,112.3195458,377.2766965,808.20384,3285.953871,4534.260225,basal
exp6,N248,N232,,,,B09,p2-Day0-BCP13-cell-K4-B09,p2,B09,41758.99219,78838.39063,34713,38062.80078,79956.53125,31198,6055.771012,41.05189575,317.4272652,1802.930838,998.784423,5335.337745,basal
exp6,N248,N232,,,,C09,p2-Day0-BCP13-cell-K4-C09,p2,C09,35537.32031,82866.88281,28105,39508.10156,84289.44531,30718,8077.828607,88.55865223,119.04891,1090.154095,2551.799761,2888.706435,basal
exp6,N248,N232,,,,D09,p2-Day0-BCP13-cell-K4-D09,p2,D09,36460.97266,84494.57031,28280,38475.05078,84939.05469,29686,8945.372155,30.76780731,706.6770153,1231.697655,893.9002671,3864.522179,basal
exp6,N248,N232,,,,E09,p2-Day0-BCP13-cell-K4-E09,p2,E09,33247.76172,76579.8125,28453,30673.3418,75336.66406,26683,6417.192938,52.78405421,213.8692832,482.9664014,819.837701,2819.365457,basal
exp6,N248,N232,,,,F09,p2-Day0-BCP13-cell-K4-F09,p2,F09,38595.83203,93047.99219,27184,89121.66406,87654.42969,66633,4997.325061,93.28257344,4138.956931,1684.595832,1829.428253,4873.821526,basal
exp6,N248,N232,,,,G09,p2-Day0-BCP13-cell-K4-G09,p2,G09,30801.68164,80709.24219,25011,53035.72266,90082.66406,38584,7806.80238,3.961897637,-193.0822427,845.0388322,660.9421479,4193.931307,basal
exp6,N248,N232,,,,H09,p2-Day0-BCP13-cell-K4-H09,p2,H09,87837.75,142566.125,40378,71365.8125,147927.7031,31617,20191.50739,135.1683723,662.8304603,2300.563026,2668.526571,6170.110103,basal
exp6,N248,N232,,,,I09,p2-Day0-BCP13-cell-K4-I09,p2,I09,57102.5,97434.63281,38408,98343.45313,96277.92188,66942,6655.628683,198.7445711,814.8896893,3064.365217,2984.447431,9407.732492,basal
exp6,N248,N232,,,,J09,p2-Day0-BCP13-cell-K4-J09,p2,J09,23373.35156,77898.49219,19664,68750.69531,85201.88281,52882,10022.0518,110.0706643,727.7687296,1429.951485,1129.429897,5555.510038,basal
exp6,N248,N232,,,,K09,p2-Day0-BCP13-cell-K4-K09,p2,K09,38910.69141,79401.27344,32116,29322.13086,77159.41406,24905,3719.939907,-2.200693729,-420.0279179,837.5444871,1138.034539,4234.30082,basal
exp6,N248,N232,,,,L09,p2-Day0-BCP13-cell-K4-L09,p2,L09,24041.29102,82711.42969,19049,48466.05078,78529.21875,40447,8226.816505,133.1300086,180.8709442,1043.535742,1146.693265,3941.349255,basal
exp6,N248,N232,,,,M09,p2-Day0-BCP13-cell-K4-M09,p2,M09,44164.12109,83682.875,34587,53579.89063,83952.84375,41826,13610.05635,73.56092128,147.2072333,628.9545934,4185.385843,6571.167226,basal
exp6,N248,N232,,,,N09,p2-Day0-BCP13-cell-K4-N09,p2,N09,70787.99219,123763.7969,37484,103578.5469,112244.9219,60476,27088.91061,-15.21015636,508.5792133,2615.403076,1819.324081,13372.61418,basal
exp6,N248,N232,,,,O09,p2-Day0-BCP13-cell-K4-O09,p2,O09,43829.24219,93991.92969,30560,28291.02148,96086.26563,19296,7035.259908,79.77189001,411.5022288,330.6027148,4160.186946,2603.96401,basal
exp6,N248,N232,,,,P09,p2-Day0-BCP13-cell-K4-P09,p2,P09,36674.82031,97080.58594,24758,81452.84375,87581.52344,60950,6162.308038,120.5952293,3915.011829,1367.099789,2895.302227,7131.969103,basal
exp6,N248,N232,,,,A10,p2-Day0-BCP13-cell-K4-A10,p2,A10,42342.30078,87626.14844,31668,36011.25,91360.84375,25832,7862.702587,29.54030578,628.5766806,1422.176772,1925.977046,5439.848699,basal
exp6,N248,N232,,,,B10,p2-Day0-BCP13-cell-K4-B10,p2,B10,41752.62109,81641.60156,33516,51626.3125,86185.45313,39257,10886.81165,56.47958044,127.2759233,657.3034531,2905.186244,5511.379819,basal
exp6,N248,N232,,,,C10,p2-Day0-BCP13-cell-K4-C10,p2,C10,56458.22266,89220.08594,41471,56713.96094,83099.83594,44727,4937.347094,148.6731549,2195.771091,1714.323839,2070.721025,8020.819659,basal
exp6,N248,N232,,,,D10,p2-Day0-BCP13-cell-K4-D10,p2,D10,75471.76563,116910.1563,42307,107356.6953,118987.4766,59130,21349.38949,223.9212925,3618.475112,3893.319737,2660.353312,10291.03837,basal
exp6,N248,N232,,,,E10,p2-Day0-BCP13-cell-K4-E10,p2,E10,39240.10938,82442.85156,31193,40306.41016,108485.8047,24349,11733.83384,95.16981268,783.8192698,1706.813199,1359.774172,4604.221272,basal
exp6,N248,N232,,,,F10,p2-Day0-BCP13-cell-K4-F10,p2,F10,26123.37109,78778.8125,21732,41109.57031,73356.30469,36727,4164.401466,143.8746889,474.5639272,565.954881,925.8800407,3806.398051,basal
exp6,N248,N232,,,,G10,p2-Day0-BCP13-cell-K4-G10,p2,G10,32406.01172,74546.67969,28489,30584.10156,69302.24219,28922,7676.066409,63.04546671,102.564166,662.4208175,3084.809586,1773.469411,basal
exp6,N248,N232,,,,H10,p2-Day0-BCP13-cell-K4-H10,p2,H10,31696.21094,89362.99219,23245,45880.03125,80260.35156,37463,13462.60226,96.74162729,138.3512224,802.5502854,888.4719237,5919.651125,basal
exp6,N248,N232,,,,I10,p2-Day0-BCP13-cell-K4-I10,p2,I10,43081.22266,92886.26563,30396,45048.74219,90268.27344,32706,10808.26059,110.2368333,278.6265672,1136.824236,1721.429818,3571.810815,basal
exp6,N248,N232,,,,J10,p2-Day0-BCP13-cell-K4-J10,p2,J10,49107.24219,106771.0234,30142,165645.9375,111361.8125,97482,21416.80803,310.0819182,1386.586503,883.9469088,3883.728174,7922.427034,basal
exp6,N248,N232,,,,K10,p2-Day0-BCP13-cell-K4-K10,p2,K10,46388.16016,89651.86719,33910,29551.05078,96586.59375,20051,4648.220763,69.88437829,452.2718392,523.4663155,864.6735776,2336.47178,basal
exp6,N248,N232,,,,L10,p2-Day0-BCP13-cell-K4-L10,p2,L10,39990.85938,90249.34375,29040,39693.37109,92017.85938,28270,6279.493625,84.48276448,-216.6052125,784.9520272,2736.478447,3610.962253,basal
exp6,N248,N232,,,,M10,p2-Day0-BCP13-cell-K4-M10,p2,M10,44686.46094,88420.39844,33121,52724.35156,100250.7734,34467,5046.375788,186.1097462,321.2397878,1246.163966,4225.445931,4352.807235,basal
exp6,N248,N232,,,,N10,p2-Day0-BCP13-cell-K4-N10,p2,N10,34890.3125,83997.1875,27222,44337.73047,82217.125,35342,10722.59748,148.5841948,197.1932874,719.452586,1728.760823,5793.571329,basal
exp6,N248,N232,,,,O10,p2-Day0-BCP13-cell-K4-O10,p2,O10,42892.85156,90725.08594,30984,39548.83984,81163.42188,31934,2416.774141,216.225622,280.5994786,945.473606,2620.47862,2990.566573,basal
exp6,N248,N232,,,,P10,p2-Day0-BCP13-cell-K4-P10,p2,P10,34395.26953,83199.66406,27093,39733.14063,83863.15625,31050,3725.23377,63.56964228,66.48456128,749.1807871,2825.089837,4498.533951,basal
exp6,N248,N232,,,,A11,p2-Day0-BCP13-cell-K4-A11,p2,A11,44293.33984,87748.50781,33081,24796.11133,82808.70313,19624,3947.757849,61.07511949,969.4585512,774.4504216,3710.598397,3734.908946,basal
exp6,N248,N232,,,,B11,p2-Day0-BCP13-cell-K4-B11,p2,B11,35754.8125,81822.3125,28638,56031.08203,80555.74219,45584,5515.155243,119.2681822,383.81353,403.3742017,1223.180142,4241.604991,basal
exp6,N248,N232,,,,C11,p2-Day0-BCP13-cell-K4-C11,p2,C11,40101.88281,83321.19531,31542,22548.62109,93339.21875,15832,7456.540883,96.78026978,198.7018264,332.5595493,1254.097067,3114.185602,basal
exp6,N248,N232,,,,D11,p2-Day0-BCP13-cell-K4-D11,p2,D11,30040.01172,79408.77344,24792,29137.83008,76918.42969,24826,4626.055442,42.99882966,63.6177846,1093.544819,991.2514686,3237.246294,basal
exp6,N248,N232,,,,E11,p2-Day0-BCP13-cell-K4-E11,p2,E11,51629.76172,126033.0078,26847,154404.6094,137989.7031,73332,18559.15875,277.285574,715.5383456,2620.052035,3890.13305,13447.51005,basal
exp6,N248,N232,,,,F11,p2-Day0-BCP13-cell-K4-F11,p2,F11,53196.78125,86698.10156,40212,39346.10938,80573.28125,32003,10827.24202,72.61545965,124.4739846,1561.264996,3149.538331,7546.213421,basal
exp6,N248,N232,,,,G11,p2-Day0-BCP13-cell-K4-G11,p2,G11,32556.16016,78277.15625,27257,63035.45313,72579.70313,56918,9923.07097,139.2643268,231.800846,700.9661535,837.8757175,3345.030888,basal
exp6,N248,N232,,,,H11,p2-Day0-BCP13-cell-K4-H11,p2,H11,63290.5,91652.07813,45256,61934.5,94697.85156,42862,5948.481282,144.570843,1087.345802,1205.020933,1122.752065,1326.996164,basal
exp6,N248,N232,,,,I11,p2-Day0-BCP13-cell-K4-I11,p2,I11,55553.67969,117111.6172,31088,138231.7969,113259.3203,79986,10478.37574,285.9741914,921.2700258,4277.588281,4709.489393,9826.35037,basal
exp6,N248,N232,,,,J11,p2-Day0-BCP13-cell-K4-J11,p2,J11,22954.75,85669.84375,17560,105164.4922,88056.0625,78269,5771.702473,145.8354586,636.7396328,1515.923295,1029.582927,4786.267502,basal
exp6,N248,N232,,,,K11,p2-Day0-BCP13-cell-K4-K11,p2,K11,34581.82031,89931.11719,25201,88168.15625,93932.90625,61514,6758.58381,95.92582989,153.2460795,2345.896792,1567.627931,8136.149165,basal
exp6,N248,N232,,,,L11,p2-Day0-BCP13-cell-K4-L11,p2,L11,49890.75,92318.38281,35417,51050.13281,88759.75781,37693,15215.97499,60.30107005,152.3224428,2501.879634,2334.518772,8745.388387,basal
exp6,N248,N232,,,,M11,p2-Day0-BCP13-cell-K4-M11,p2,M11,38307.35938,81850.25781,30672,77115.96875,83386.22656,60608,6114.247325,77.12560878,1538.399936,1132.399766,1215.856615,9281.872464,basal
exp6,N248,N232,,,,N11,p2-Day0-BCP13-cell-K4-N11,p2,N11,46136.08984,110733.3672,27305,128096.2656,118802.1641,70663,20425.22402,249.4003572,1339.886945,1884.522534,3000.436675,10711.16557,basal
exp6,N248,N232,,,,O11,p2-Day0-BCP13-cell-K4-O11,p2,O11,48757.80078,81132.1875,39385,51155.86328,80283.3125,41759,15776.49271,81.24102548,637.7560082,2222.442751,2244.276349,4214.056329,basal
exp6,N248,N232,,,,P11,p2-Day0-BCP13-cell-K4-P11,p2,P11,37265.41016,84482.70313,28908,35961.78125,83293.5625,28295,9954.360278,31.20813749,458.4409397,1764.669814,2377.410946,4641.602591,basal
exp6,N248,N232,,,,A12,p2-Day0-BCP13-cell-K4-A12,p2,A12,28626.78125,83307.49219,22520,47839.42969,82577.10938,37967,11324.06203,28.18248583,402.2260892,1422.92385,1445.671131,8153.769002,basal
exp6,N248,N232,,,,B12,p2-Day0-BCP13-cell-K4-B12,p2,B12,30719.78125,80314.8125,25067,52869.85156,80996.73438,42778,6500.182093,108.7455576,70.5768053,1573.555515,2746.850759,3504.850582,basal
exp6,N248,N232,,,,C12,p2-Day0-BCP13-cell-K4-C12,p2,C12,40413.10156,82546.77344,32085,68645.92969,86626.60938,51933,9697.556358,205.3719557,326.5300506,1104.126984,1984.101914,7201.006026,basal
exp6,N248,N232,,,,D12,p2-Day0-BCP13-cell-K4-D12,p2,D12,37581.17969,79972.73438,30797,39520.71094,81115.85938,31930,4519.798736,71.11978819,895.3497631,657.9132802,1654.940678,3699.957403,basal
exp6,N248,N232,,,,E12,p2-Day0-BCP13-cell-K4-E12,p2,E12,49527.66016,95744.8125,33901,57919.67188,86984.35938,43638,22470.17134,168.5868336,64.31808412,1056.773715,1164.617857,7416.019382,basal
exp6,N248,N232,,,,F12,p2-Day0-BCP13-cell-K4-F12,p2,F12,28424.76172,80891.28125,23029,70618.91406,81013.89844,57127,5878.903987,126.1808341,605.4958907,889.3873625,1060.257898,4934.068762,basal
exp6,N248,N232,,,,G12,p2-Day0-BCP13-cell-K4-G12,p2,G12,69198.21875,90363.34375,50186,59661.79297,89594.53906,43641,22199.54015,171.3872862,-476.3024723,2017.332013,3917.532091,6035.982029,basal
exp6,N248,N232,,,,H12,p2-Day0-BCP13-cell-K4-H12,p2,H12,34848.44922,87329.00781,26152,101579.375,76221.45313,87339,13887.95589,120.0126685,270.461091,1327.078589,1473.02234,6935.195019,basal
exp6,N248,N232,,,,I12,p2-Day0-BCP13-cell-K4-I12,p2,I12,44156.83984,90193.63281,32085,44246.55078,90135.27344,32171,11090.33256,80.2158793,2810.190199,546.1156797,3688.55712,3660.516556,basal
exp6,N248,N232,,,,J12,p2-Day0-BCP13-cell-K4-J12,p2,J12,40876.29297,82801.25,32353,44465.76953,81813.32031,35619,13426.25562,92.45071697,89.59793734,1069.070345,1377.968107,5832.638734,basal
exp6,N248,N232,,,,K12,p2-Day0-BCP13-cell-K4-K12,p2,K12,48538.49219,84588.0625,37606,57057.33984,89035.42969,41998,17724.03172,149.290528,826.7018897,1134.886204,1599.546211,6252.657219,basal
exp6,N248,N232,,,,L12,p2-Day0-BCP13-cell-K4-L12,p2,L12,11498.76074,75988.98438,9917,53114.29297,73353.10938,47454,14457.19952,100.3473832,341.9109542,902.1921231,1369.445019,4704.565951,basal
exp6,N248,N232,,,,M12,p2-Day0-BCP13-cell-K4-M12,p2,M12,42809.13281,87158.32813,32189,47091.5625,88119.02344,35023,6839.899415,103.5247505,1648.842498,1369.200699,1269.446556,7470.602646,basal
exp6,N248,N232,,,,N12,p2-Day0-BCP13-cell-K4-N12,p2,N12,35874.92969,72816.50781,32288,28814.82031,76459.96094,24698,2236.628469,-12.74519949,89.45991441,701.7544053,1229.297186,4060.6622,basal
exp6,N248,N232,,,,O12,p2-Day0-BCP13-cell-K4-O12,p2,O12,27177.15039,84359.48438,21113,68114.375,83779.58594,53282,6866.133887,106.9138573,14.75652113,577.6397784,1184.682808,3066.531629,basal
exp6,N248,N232,,,,P12,p2-Day0-BCP13-nocell-K4-P12,p2,P12,NA,NA,NA,NA,NA,NA,NA,NA,NA,NA,NA,NA,
exp6,N248,N232,,,,A01,p3-Day0-LCP11-cell-K4-A01,p3,A01,70608.71875,125526.6094,36864,119481.6953,95299.17969,82166,13948.93512,389.8442044,1123.609757,10994.98846,1859.476977,1567.940711,luminal
exp6,N248,N232,,,,B01,p3-Day0-LCP11-cell-K4-B01,p3,B01,55914.04297,92684.71094,39536,89854.01563,92679.54688,63538,8204.904258,185.9542892,908.8452659,10900.13916,1346.823733,1855.065055,luminal
exp6,N248,N232,,,,C01,p3-Day0-LCP11-cell-K4-C01,p3,C01,40252.94141,97951.02344,26932,73599.71875,84004.10156,57419,19467.89536,138.4380312,692.7346071,8298.313513,982.5141902,663.1254887,luminal
exp6,N248,N232,,,,D01,p3-Day0-LCP11-cell-K4-D01,p3,D01,51963.73047,86959.17188,39162,41837.07031,82201.60156,33355,12931.45259,170.0430871,1481.572967,11892.75626,1378.012261,1048.110305,luminal
exp6,N248,N232,,,,E01,p3-Day0-LCP11-cell-K4-E01,p3,E01,38766.91016,83353.94531,30480,30344.51172,81857.99219,24294,12390.00984,104.2314252,422.9414063,10210.52326,594.4151754,649.7833263,luminal
exp6,N248,N232,,,,F01,p3-Day0-LCP11-cell-K4-F01,p3,F01,45472.70313,98077.96875,30385,87235.01563,93559.28906,61106,25311.42557,175.0455318,2233.654361,14617.87088,2825.600968,1173.473559,luminal
exp6,N248,N232,,,,G01,p3-Day0-LCP11-cell-K4-G01,p3,G01,45531.85156,98438.80469,30313,42146.5,98862.27344,27939,11124.18548,105.1401953,877.5453573,5091.307392,2228.647474,799.9569994,luminal
exp6,N248,N232,,,,H01,p3-Day0-LCP11-cell-K4-H01,p3,H01,73370.57031,107376.2031,44781,69093.10156,101850.8594,44458,10197.86377,141.6928498,1135.723186,11457.30271,5085.159028,1038.144659,luminal
exp6,N248,N232,,,,I01,p3-Day0-LCP11-cell-K4-I01,p3,I01,52859.17188,86780.19531,39919,33318.53125,87806.14844,24868,10899.17364,130.1499416,1221.168038,12966.58287,2871.42617,1007.130765,luminal
exp6,N248,N232,,,,J01,p3-Day0-LCP11-cell-K4-J01,p3,J01,73427.89844,102106.3594,47129,88616.28906,96419.79688,60232,21488.05372,233.9882202,337.4116457,5846.354012,5265.249663,313.1063182,luminal
exp6,N248,N232,,,,K01,p3-Day0-LCP11-cell-K4-K01,p3,K01,78676.78125,114122.3359,45181,80486.71875,124408.0625,42399,19785.96813,208.6959666,891.5168847,12599.63151,3138.190461,1266.264991,luminal
exp6,N248,N232,,,,L01,p3-Day0-LCP11-cell-K4-L01,p3,L01,32347.77148,79706.11719,26597,32184.60156,80675.08594,26145,10544.40804,73.56322397,537.4111518,8113.995881,1092.921784,1110.946512,luminal
exp6,N248,N232,,,,M01,p3-Day0-LCP11-cell-K4-M01,p3,M01,62529.74219,90428.51563,45317,47476.65234,90908.36719,34226,17214.24221,70.59517715,1695.216342,10991.09648,1302.639923,974.9550736,luminal
exp6,N248,N232,,,,N01,p3-Day0-LCP11-cell-K4-N01,p3,N01,46319.91016,84545.92969,35905,38510.94141,84607.88281,29830,5775.411343,126.5706141,343.6876048,4874.882665,2024.888054,258.4792588,luminal
exp6,N248,N232,,,,O01,p3-Day0-LCP11-cell-K4-O01,p3,O01,36572.90234,72649.1875,32992,11580.83008,65007.38672,11675,7186.669798,89.32353181,92.17396011,3440.945269,2515.480339,259.4902161,luminal
exp6,N248,N232,,,,P01,p3-Day0-LCP11-cell-K4-P01,p3,P01,82225.78125,108344.8672,49737,88283.58594,98527.86719,58722,19022.23618,167.191697,536.5657406,12834.12605,2950.635832,1735.43687,luminal
exp6,N248,N232,,,,A02,p3-Day0-LCP11-cell-K4-A02,p3,A02,74261.46094,105157.6016,46281,179702.2031,98014.75781,120155,26959.72086,468.7125595,1758.626033,23900.51415,3658.136998,2621.010545,luminal
exp6,N248,N232,,,,B02,p3-Day0-LCP11-cell-K4-B02,p3,B02,30772.56055,79961.5625,25221,48398.15234,76654.78125,41378,11201.27099,108.4472805,619.0673351,7496.783565,1007.566088,607.5199464,luminal
exp6,N248,N232,,,,C02,p3-Day0-LCP11-cell-K4-C02,p3,C02,57780.45313,94377.28125,40123,107183.0625,96650.28125,72678,9597.624972,216.1705333,302.8465051,11406.44034,2015.586442,1178.471582,luminal
exp6,N248,N232,,,,D02,p3-Day0-LCP11-cell-K4-D02,p3,D02,38821.51172,101682.8516,25021,79877.5625,94474.92969,55410,10230.33784,209.5374738,557.7790924,13817.54845,4388.693613,1286.050853,luminal
exp6,N248,N232,,,,E02,p3-Day0-LCP11-cell-K4-E02,p3,E02,38501.19141,81813.625,30841,32859.72266,73906.74219,29138,15986.57972,52.9497312,343.2395818,7755.086683,775.2447075,555.7416728,luminal
exp6,N248,N232,,,,F02,p3-Day0-LCP11-cell-K4-F02,p3,F02,112475.0938,129527.7969,56908,163295.625,116305.5859,92014,28717.66048,334.218377,1576.385529,26924.6954,3648.571446,2374.469907,luminal
exp6,N248,N232,,,,G02,p3-Day0-LCP11-cell-K4-G02,p3,G02,54377.05078,101743.1094,35026,74886.91406,97632.46875,50268,10649.53878,224.3535454,725.1716386,8476.262673,4025.100793,989.4736959,luminal
exp6,N248,N232,,,,H02,p3-Day0-LCP11-cell-K4-H02,p3,H02,40485.90234,83940.78125,31609,51901.79297,79778.5,42636,4543.075478,117.0981148,1015.848559,6750.685691,1027.642789,911.6802562,luminal
exp6,N248,N232,,,,I02,p3-Day0-LCP11-cell-K4-I02,p3,I02,37321.83203,91190.95313,26822,50045.21094,94566.72656,34682,5732.951687,189.4219847,668.9519864,9935.118392,1602.674877,799.7012016,luminal
exp6,N248,N232,,,,J02,p3-Day0-LCP11-cell-K4-J02,p3,J02,75061.35156,125547.9766,39182,104953.0313,115214.6875,59699,17110.70553,183.6802275,1436.307201,12228.72999,1777.625621,1339.940549,luminal
exp6,N248,N232,,,,K02,p3-Day0-LCP11-cell-K4-K02,p3,K02,68996.20313,114070.0078,39640,74668.66406,108758.6172,44994,8031.615363,203.9521442,876.3597833,11399.34898,4304.178623,1243.955218,luminal
exp6,N248,N232,,,,L02,p3-Day0-LCP11-cell-K4-L02,p3,L02,42674.45313,83693.82813,33416,32998.42969,82208.82031,26306,9696.414928,114.6929965,314.4668314,8174.541504,595.4531275,275.2811354,luminal
exp6,N248,N232,,,,M02,p3-Day0-LCP11-cell-K4-M02,p3,M02,50433.11328,87047.25781,37970,31899.42188,86294.09375,24226,7047.558473,73.74694026,608.7349966,7922.242275,885.3911911,804.7075397,luminal
exp6,N248,N232,,,,N02,p3-Day0-LCP11-cell-K4-N02,p3,N02,31121.0918,89176.33594,22871,93063.74219,106929.1563,57038,12177.05599,189.9346945,1865.759617,14564.93027,1505.224213,1146.45041,luminal
exp6,N248,N232,,,,O02,p3-Day0-LCP11-cell-K4-O02,p3,O02,53581.71094,93478.79688,37565,46610.44141,94891.79688,32191,8931.151102,101.3322122,361.000181,11632.79399,1931.452075,783.9540769,luminal
exp6,N248,N232,,,,P02,p3-Day0-LCP11-cell-K4-P02,p3,P02,108096.1719,132969.0313,53277,115665.7109,120601.2109,62854,35809.61092,387.4838983,918.3307017,11448.8639,5133.298303,785.1433693,luminal
exp6,N248,N232,,,,A03,p3-Day0-LCP11-cell-K4-A03,p3,A03,55895.83984,94832.5,38628,64887.18359,92102.10156,46171,5816.431832,128.9362587,727.45421,7563.69979,1103.098173,760.5207609,luminal
exp6,N248,N232,,,,B03,p3-Day0-LCP11-cell-K4-B03,p3,B03,49382.0625,85260.10156,37958,38068.62109,79548.03906,31363,7826.135298,45.45844473,1163.676546,6588.377411,622.9351392,505.9264219,luminal
exp6,N248,N232,,,,C03,p3-Day0-LCP11-cell-K4-C03,p3,C03,82347.71875,104440.2344,51673,77225.58594,103089.0938,49094,24223.24356,252.5326945,919.7653458,20650.26476,2665.207066,1583.868638,luminal
exp6,N248,N232,,,,D03,p3-Day0-LCP11-cell-K4-D03,p3,D03,80859.875,109190.4844,48532,99923.58594,106311.7656,61598,29791.19644,220.4185494,795.4455043,17510.73974,3471.420214,1831.600224,luminal
exp6,N248,N232,,,,E03,p3-Day0-LCP11-cell-K4-E03,p3,E03,46523.75,98404.99219,30984,98687.80469,86650.64844,74640,18700.94835,198.6906279,823.4097433,9788.102227,1832.78961,735.6094528,luminal
exp6,N248,N232,,,,F03,p3-Day0-LCP11-cell-K4-F03,p3,F03,68338.27344,93677.28125,47809,63726.09375,90077.50781,46364,19415.61339,94.72556519,944.8727803,11028.18914,1302.655003,1167.753433,luminal
exp6,N248,N232,,,,G03,p3-Day0-LCP11-cell-K4-G03,p3,G03,90639.64063,143012.3281,41536,77103.35938,151825.1875,33282,7135.530023,188.0492894,944.962576,13467.38861,1925.723279,1835.780661,luminal
exp6,N248,N232,,,,H03,p3-Day0-LCP11-cell-K4-H03,p3,H03,34017.62109,79196.40625,28150,47293.32031,72751.09375,42603,3815.004363,155.981116,364.8935845,5121.771536,919.0527775,676.9701563,luminal
exp6,N248,N232,,,,I03,p3-Day0-LCP11-cell-K4-I03,p3,I03,87967.88281,138343.8125,41672,99922.60938,105925.5234,61822,11560.80529,229.5279103,1351.111428,16183.4305,1669.007979,1650.26602,luminal
exp6,N248,N232,,,,J03,p3-Day0-LCP11-cell-K4-J03,p3,J03,83044.78125,122406.1719,44462,85777.10156,109599.8984,51291,10592.12676,146.1319846,713.1944197,10978.98117,1673.407977,1663.968993,luminal
exp6,N248,N232,,,,K03,p3-Day0-LCP11-cell-K4-K03,p3,K03,83699.98438,133240.1094,41169,81327.71094,142904.0469,37297,14955.194,174.5956363,1387.651813,16570.49651,2751.690429,1377.739669,luminal
exp6,N248,N232,,,,L03,p3-Day0-LCP11-cell-K4-L03,p3,L03,67687.625,135486.8906,32741,95574.10156,126293.8672,49595,15096.55574,180.6051774,2228.292473,21020.14138,2297.446312,2059.220098,luminal
exp6,N248,N232,,,,M03,p3-Day0-LCP11-cell-K4-M03,p3,M03,76977.8125,122435.1563,41204,80337.34375,129634.8125,40614,10271.18241,244.1812463,433.4389564,8787.440205,4174.379543,1096.943116,luminal
exp6,N248,N232,,,,N03,p3-Day0-LCP11-cell-K4-N03,p3,N03,40219.26953,90316.95313,29184,45651.11328,79681.24219,37547,11342.34318,103.2654874,364.3654394,5378.138564,1222.667274,787.7717046,luminal
exp6,N248,N232,,,,O03,p3-Day0-LCP11-cell-K4-O03,p3,O03,40043.64063,85938.375,30537,62583.43359,75328.16406,54448,13114.94962,151.1867164,625.3702469,11554.37807,931.6691976,801.8821777,luminal
exp6,N248,N232,,,,P03,p3-Day0-LCP11-cell-K4-P03,p3,P03,90001.73438,104990.2734,56180,101123.4766,103987.5156,63731,21201.3665,112.7069259,1393.761445,15698.07972,1393.307518,2658.958832,luminal
exp6,N248,N232,,,,A04,p3-Day0-LCP11-cell-K4-A04,p3,A04,49658.70313,103938.9609,31311,82966.03906,91861.17188,59190,22539.95419,194.6202341,1190.470668,16834.13008,1132.830345,1457.081532,luminal
exp6,N248,N232,,,,B04,p3-Day0-LCP11-cell-K4-B04,p3,B04,51150.19141,105847.1484,31670,98374.49219,94423.84375,68278,24974.81807,223.8126949,98.25173976,14313.95396,1581.640252,1626.727322,luminal
exp6,N248,N232,,,,C04,p3-Day0-LCP11-cell-K4-C04,p3,C04,70623.28125,98568.17969,46956,105692.1719,92120.625,75191,8802.945628,247.2059664,1701.369479,5580.213217,4800.392022,524.8522253,luminal
exp6,N248,N232,,,,D04,p3-Day0-LCP11-cell-K4-D04,p3,D04,49252.83984,86727.77344,37218,38751.5,89103.16406,28502,8792.780266,47.15745501,1148.673727,9534.498888,953.7224035,1103.198961,luminal
exp6,N248,N232,,,,E04,p3-Day0-LCP11-cell-K4-E04,p3,E04,35615.58203,86605.42188,26951,62100.37109,87773.85156,46367,10714.75769,193.838268,628.2988654,13965.23463,1939.963753,868.8013463,luminal
exp6,N248,N232,,,,F04,p3-Day0-LCP11-cell-K4-F04,p3,F04,58498.44141,87702.83594,43713,46429.05078,86516.1875,35170,8214.590578,45.52424833,726.7544262,8420.940802,849.5820198,1056.515258,luminal
exp6,N248,N232,,,,G04,p3-Day0-LCP11-cell-K4-G04,p3,G04,75943.14063,100974.0234,49290,100506.5547,108497.8828,60709,18515.9791,200.7220634,823.3659362,11185.96915,1428.713631,725.4055537,luminal
exp6,N248,N232,,,,H04,p3-Day0-LCP11-cell-K4-H04,p3,H04,41325.83203,85226.5625,31778,22674.7207,81083.125,18327,2589.189759,46.5231843,267.4593014,6105.895066,1527.876987,353.8237885,luminal
exp6,N248,N232,,,,I04,p3-Day0-LCP11-cell-K4-I04,p3,I04,81328.52344,114462.5,46565,103571.75,101122.9922,67123,19858.39582,256.3025972,1539.94126,17419.51836,2179.733707,1745.311397,luminal
exp6,N248,N232,,,,J04,p3-Day0-LCP11-cell-K4-J04,p3,J04,39338.39063,85085.17969,30300,47724,83622.27344,37402,8628.788632,126.2662631,168.2224252,3434.575813,1076.158432,301.9571147,luminal
exp6,N248,N232,,,,K04,p3-Day0-LCP11-cell-K4-K04,p3,K04,32990.23047,88768.58594,24356,46542.54297,85375.54688,35727,10095.56358,115.630365,314.6205372,5374.400003,1859.005434,421.3683273,luminal
exp6,N248,N232,,,,L04,p3-Day0-LCP11-cell-K4-L04,p3,L04,68156.27344,102456.4141,43596,86493.92969,89892.89844,63058,21852.89759,180.8965918,1074.025963,16407.67327,3628.462587,2297.585697,luminal
exp6,N248,N232,,,,M04,p3-Day0-LCP11-cell-K4-M04,p3,M04,59346.5625,108978.5781,35689,124364.6719,107126.0313,76082,15387.00376,276.0586974,1136.546657,8663.853883,2291.253674,1023.023088,luminal
exp6,N248,N232,,,,N04,p3-Day0-LCP11-cell-K4-N04,p3,N04,42075.67188,78088.78906,35312,32983.88281,79334.67188,27247,11819.4162,107.3002559,495.9973065,6168.726611,667.8806744,1191.368277,luminal
exp6,N248,N232,,,,O04,p3-Day0-LCP11-cell-K4-O04,p3,O04,32663.54102,107090.7969,19989,106058.8359,94940.26563,73211,26287.89102,271.5503453,1247.652305,11652.37805,1782.033502,1667.060607,luminal
exp6,N248,N232,,,,P04,p3-Day0-LCP11-cell-K4-P04,p3,P04,23647.25977,80210.48438,19321,74269.02344,77119.10156,63114,22606.03967,116.9573807,271.0042397,10449.67838,1279.247499,791.7870329,luminal
exp6,N248,N232,,,,A05,p3-Day0-LCP11-cell-K4-A05,p3,A05,45934.98047,81786.42969,36808,39931.99219,82570.30469,31694,5176.080094,85.41328778,419.6980293,9918.329197,723.1237249,1238.077424,luminal
exp6,N248,N232,,,,B05,p3-Day0-LCP11-cell-K4-B05,p3,B05,47646.69141,92073.28125,33914,42401.60938,87469.92188,31769,13524.09141,140.5681071,716.1974514,11151.92904,890.9946396,1198.819002,luminal
exp6,N248,N232,,,,C05,p3-Day0-LCP11-cell-K4-C05,p3,C05,59483.0625,103031.0313,37836,104229.4141,96808.09375,70560,18429.82034,249.5518773,408.0278762,5528.078058,1962.793408,469.7241492,luminal
exp6,N248,N232,,,,D05,p3-Day0-LCP11-cell-K4-D05,p3,D05,40648.79297,96748.11719,27535,69558.70313,101405.8672,44954,11584.38046,163.8174418,152.5757761,8109.28859,1494.110977,817.4933038,luminal
exp6,N248,N232,,,,E05,p3-Day0-LCP11-cell-K4-E05,p3,E05,39766.08984,80955.21875,32192,28392.87109,84124.74219,22119,6385.443293,94.72576543,458.4162763,7195.640131,829.4507604,747.7328181,luminal
exp6,N248,N232,,,,F05,p3-Day0-LCP11-cell-K4-F05,p3,F05,47305.44141,85887.89063,36096,31610.36133,85066.17188,24353,5263.620946,41.59570966,92.99376795,4608.720831,3019.519409,357.7489862,luminal
exp6,N248,N232,,,,G05,p3-Day0-LCP11-cell-K4-G05,p3,G05,46445.49219,96495.42969,31544,48080.96094,99345.28906,31718,4856.498142,224.2566992,577.8723826,7532.156014,2332.114471,1003.308594,luminal
exp6,N248,N232,,,,H05,p3-Day0-LCP11-cell-K4-H05,p3,H05,29900.78125,79563.83594,24629,46672.51953,72865.07813,41978,19168.78197,133.6630975,677.7241799,9628.069238,1114.121866,785.256712,luminal
exp6,N248,N232,,,,I05,p3-Day0-LCP11-cell-K4-I05,p3,I05,74431.63281,106768.9141,45687,92754.3125,97404.88281,62407,29978.06144,194.72687,928.3077941,20921.62714,4317.196455,2841.820775,luminal
exp6,N248,N232,,,,J05,p3-Day0-LCP11-cell-K4-J05,p3,J05,40318.46094,83018.4375,31828,36571.91016,84387.60938,28402,4809.727996,120.8944301,832.2504141,6739.131443,1877.032283,1209.343207,luminal
exp6,N248,N232,,,,K05,p3-Day0-LCP11-cell-K4-K05,p3,K05,42932.89063,97290.79688,28920,93669.99219,95483.92188,64291,19731.29267,258.7843505,1077.790132,8360.529795,3857.024064,690.7926634,luminal
exp6,N248,N232,,,,L05,p3-Day0-LCP11-cell-K4-L05,p3,L05,54288.78125,109590.9375,32465,106303.2734,89225.04688,78080,34928.66406,237.5635972,442.062488,10520.09268,3848.444891,1342.31756,luminal
exp6,N248,N232,,,,M05,p3-Day0-LCP11-cell-K4-M05,p3,M05,94612.70313,142879.4219,43397,86628.76563,136964.2031,41451,20391.52062,257.9393969,1397.642692,12339.74322,3635.539233,1791.480726,luminal
exp6,N248,N232,,,,N05,p3-Day0-LCP11-cell-K4-N05,p3,N05,69964.44531,100771.1875,45501,57580.17188,99529.83594,37914,8234.749368,97.37754625,1982.378742,11612.13462,3758.29793,648.9088181,luminal
exp6,N248,N232,,,,O05,p3-Day0-LCP11-cell-K4-O05,p3,O05,70944.51563,120585.625,38557,71133.98438,119479.1328,39018,12614.43857,227.3390383,728.1905988,10750.23675,5082.067624,982.9751913,luminal
exp6,N248,N232,,,,P05,p3-Day0-LCP11-cell-K4-P05,p3,P05,75441.73438,103073.9844,47967,103614.4297,101075.8125,67182,10743.64688,259.6172294,1424.189791,13065.27564,2567.199303,1551.795134,luminal
exp6,N248,N232,,,,A06,p3-Day0-LCP11-cell-K4-A06,p3,A06,31847.27148,78986.63281,26424,59699.62109,77674.69531,50370,6693.928118,117.5728333,224.3901629,7513.747529,1028.300747,423.872674,luminal
exp6,N248,N232,,,,B06,p3-Day0-LCP11-cell-K4-B06,p3,B06,32622.5918,95185.17188,22461,73567.71094,117144.9219,41157,12825.37844,180.036955,1573.928148,15169.72403,1713.443112,1580.404489,luminal
exp6,N248,N232,,,,C06,p3-Day0-LCP11-cell-K4-C06,p3,C06,30000.88086,92983.58594,21145,59602.62109,96950.04688,40290,7219.441027,111.7296386,627.7246161,6359.685421,3692.253512,838.6072792,luminal
exp6,N248,N232,,,,D06,p3-Day0-LCP11-cell-K4-D06,p3,D06,47390.07031,91125.98438,34082,73233.0625,88520.46094,54218,17700.34415,184.3095674,1132.075058,6846.64022,1271.052398,830.0468,luminal
exp6,N248,N232,,,,E06,p3-Day0-LCP11-cell-K4-E06,p3,E06,33178.60156,81046.36719,26829,58277.60156,81842.89844,46666,13409.01189,167.7914517,1910.329401,8829.926992,1418.230838,1089.770712,luminal
exp6,N248,N232,,,,F06,p3-Day0-LCP11-cell-K4-F06,p3,F06,77299.95313,102160.3906,49588,99559.83594,97776.95313,66731,16049.17173,220.0622184,1622.454447,15260.22916,1442.393307,1182.518405,luminal
exp6,N248,N232,,,,G06,p3-Day0-LCP11-cell-K4-G06,p3,G06,45267.95313,85829.03906,34565,34079.01172,90253.0625,24746,3224.863162,125.9519604,479.879078,5552.214455,3567.92162,346.8566109,luminal
exp6,N248,N232,,,,H06,p3-Day0-LCP11-cell-K4-H06,p3,H06,43951.17969,79137.96094,36397,25995.03125,77712.35938,21922,8355.95124,125.1780445,983.8798156,3954.273625,1538.747457,597.4104442,luminal
exp6,N248,N232,,,,I06,p3-Day0-LCP11-cell-K4-I06,p3,I06,39930.80078,103043.9922,25396,43321.17188,107431.6641,26427,12584.6226,82.39470828,561.6444182,8290.645681,2148.083613,689.3138763,luminal
exp6,N248,N232,,,,J06,p3-Day0-LCP11-cell-K4-J06,p3,J06,54713.75,123148.6875,29117,122508.0938,109839.125,73095,23021.11502,317.0415244,1676.070937,14856.64231,3732.063429,1888.317554,luminal
exp6,N248,N232,,,,K06,p3-Day0-LCP11-cell-K4-K06,p3,K06,39504.01172,87843.88281,29472,64175.20313,77973.00781,53939,5762.421452,160.4577765,1984.625341,9704.211281,1331.053322,1017.440562,luminal
exp6,N248,N232,,,,L06,p3-Day0-LCP11-cell-K4-L06,p3,L06,57912.40234,99573.60156,38116,218065.7031,82822.30469,172552,24190.26298,433.6772416,552.284941,7536.219028,1661.004063,486.1011283,luminal
exp6,N248,N232,,,,M06,p3-Day0-LCP11-cell-K4-M06,p3,M06,96349.89063,138762.4688,45505,136572.125,130496.9063,68587,16571.75567,391.5288234,1032.710873,8530.823585,5089.621603,767.2948358,luminal
exp6,N248,N232,,,,N06,p3-Day0-LCP11-cell-K4-N06,p3,N06,91190.19531,121658.7109,49123,154562.7188,126709.6484,79942,23522.6315,250.7435181,1178.231738,15665.92401,2131.521778,1699.465765,luminal
exp6,N248,N232,,,,O06,p3-Day0-LCP11-cell-K4-O06,p3,O06,55280.67969,85752.57031,42248,39040.5625,82377.48438,31059,8651.677195,86.34122372,913.7726951,11101.01025,1038.602164,965.5200799,luminal
exp6,N248,N232,,,,P06,p3-Day0-LCP11-cell-K4-P06,p3,P06,32205.81055,95447.92969,22113,122693.3672,93637.42188,85872,8042.213084,220.8015699,463.9677407,10004.794,1989.471577,1496.888688,luminal
exp6,N248,N232,,,,A07,p3-Day0-LCP11-cell-K4-A07,p3,A07,77861.42188,105210.8516,48500,89154.64063,104351.3125,55992,19816.56724,284.2017065,652.43434,6916.11395,4855.919175,419.7499789,luminal
exp6,N248,N232,,,,B07,p3-Day0-LCP11-cell-K4-B07,p3,B07,27674.01172,78782.15625,23021,35673.69141,76557.4375,30538,13055.08071,136.7014802,620.3328232,8635.353258,735.4746285,491.2072782,luminal
exp6,N248,N232,,,,C07,p3-Day0-LCP11-cell-K4-C07,p3,C07,37279.0625,84771.70313,28820,62941.36328,79414.0625,51942,4308.883807,119.3496125,262.2535531,4024.062124,4362.88619,590.0441201,luminal
exp6,N248,N232,,,,D07,p3-Day0-LCP11-cell-K4-D07,p3,D07,119117.1797,148012.2813,52742,119450.6563,128503.7266,60919,21139.62366,243.8831347,1855.792593,17527.5348,3051.398087,2119.510283,luminal
exp6,N248,N232,,,,E07,p3-Day0-LCP11-cell-K4-E07,p3,E07,83550.74219,111991.1172,48893,127157.3047,98311.57813,84765,26818.90311,305.4194864,2229.816911,19924.58432,3748.721547,1868.607702,luminal
exp6,N248,N232,,,,F07,p3-Day0-LCP11-cell-K4-F07,p3,F07,58789.64063,94977.03125,40566,46018.74219,92705.15625,32532,10047.64599,88.3633564,706.5754549,8657.05648,1271.733089,956.6451171,luminal
exp6,N248,N232,,,,G07,p3-Day0-LCP11-cell-K4-G07,p3,G07,43907.5,81945.66406,35115,50106.32031,79450.48438,41331,14793.10092,105.2035581,961.6230775,11313.3518,1027.629307,1070.899668,luminal
exp6,N248,N232,,,,H07,p3-Day0-LCP11-cell-K4-H07,p3,H07,65803.92188,96791.0625,44555,87576.45313,92401.22656,62114,16588.72713,191.6117983,691.4523979,9864.016174,2472.285318,906.8689046,luminal
exp6,N248,N232,,,,I07,p3-Day0-LCP11-cell-K4-I07,p3,I07,92046.5,145358.0469,41500,106952.2031,142324.9688,49248,14681.74366,298.7147188,1622.720397,20570.51017,1927.980913,2266.426181,luminal
exp6,N248,N232,,,,J07,p3-Day0-LCP11-cell-K4-J07,p3,J07,93856.49219,117850.6484,52193,136696.2813,109567.0156,81763,36077.27611,294.880042,2535.787538,23185.90988,2962.877707,2954.220713,luminal
exp6,N248,N232,,,,K07,p3-Day0-LCP11-cell-K4-K07,p3,K07,75674.69531,130346.3281,38048,98660.64063,124726.5391,51840,15521.05878,203.8621651,1201.584716,10866.0966,1861.2818,1676.801132,luminal
exp6,N248,N232,,,,L07,p3-Day0-LCP11-cell-K4-L07,p3,L07,92274,113387,53333,118556.3125,114007.2266,68151,21172.67413,267.7380605,1074.190901,18576.06463,5086.357786,1371.677891,luminal
exp6,N248,N232,,,,M07,p3-Day0-LCP11-cell-K4-M07,p3,M07,90636.91406,117346.8672,50619,72039.96094,106030.2969,44527,17217.97285,161.2304393,1088.989882,11872.19757,1665.416698,1047.058957,luminal
exp6,N248,N232,,,,N07,p3-Day0-LCP11-cell-K4-N07,p3,N07,71302.14063,101927.3047,45845,91871.60938,112462.3672,53537,15839.22621,196.5029063,1788.773792,16311.98324,3927.805989,2028.115541,luminal
exp6,N248,N232,,,,O07,p3-Day0-LCP11-cell-K4-O07,p3,O07,62247.64063,99986.8125,40800,46876.22266,108377.9063,28346,14498.56902,146.0762646,1039.255623,10429.55635,2446.779813,971.9435941,luminal
exp6,N248,N232,,,,P07,p3-Day0-LCP11-cell-K4-P07,p3,P07,95502.67969,128350.0859,48764,169778.1406,116804.6719,95258,29749.82573,338.3587107,2536.46882,25236.07076,4060.718133,3742.966662,luminal
exp6,N248,N232,,,,A08,p3-Day0-LCP11-cell-K4-A08,p3,A08,62620.74219,97849.67188,41941,63823.09375,94899.84375,44075,16281.25074,152.9741423,881.6770635,14350.99888,1380.639511,1666.517924,luminal
exp6,N248,N232,,,,B08,p3-Day0-LCP11-cell-K4-B08,p3,B08,37901.5,81110,30624,35303.15234,75342.82813,30708,12216.64212,97.60449492,747.7210481,6555.784963,530.8144813,1176.477932,luminal
exp6,N248,N232,,,,C08,p3-Day0-LCP11-cell-K4-C08,p3,C08,44843.89063,85534.77344,34359,39593.46094,83078.71094,31233,16547.7043,96.4109041,1075.354145,14022.00649,843.027585,926.9955125,luminal
exp6,N248,N232,,,,D08,p3-Day0-LCP11-cell-K4-D08,p3,D08,33632.69141,78570.99219,28053,36014.16016,80757.67969,29226,4084.780637,88.43714697,248.0519371,6809.200045,1228.573803,666.1084177,luminal
exp6,N248,N232,,,,E08,p3-Day0-LCP11-cell-K4-E08,p3,E08,82556.10938,103906.2344,52070,96285.10938,80115.54688,78763,6347.77461,201.3387906,1416.477954,18968.6694,2393.982477,1757.280651,luminal
exp6,N248,N232,,,,F08,p3-Day0-LCP11-cell-K4-F08,p3,F08,47461.96094,86036.21094,36153,43222.23047,86165.72656,32874,12364.89076,120.2192673,703.460074,9772.330322,885.2895747,885.8021943,luminal
exp6,N248,N232,,,,G08,p3-Day0-LCP11-cell-K4-G08,p3,G08,56047.8125,111213.1953,33028,125613.0625,90272.03125,91193,21324.89316,631.7484119,2266.378562,13604.23025,2902.89971,1590.195988,luminal
exp6,N248,N232,,,,H08,p3-Day0-LCP11-cell-K4-H08,p3,H08,24703.77148,84675.02344,19120,72466.76563,77164.75,61546,12686.30737,169.4043089,1049.254342,20879.36354,2151.966044,1279.359132,luminal
exp6,N248,N232,,,,I08,p3-Day0-LCP11-cell-K4-I08,p3,I08,20779.85156,74270.75,18336,36733.90234,78871.4375,30523,11290.3235,92.77735854,681.5689634,6083.709355,2169.694759,1026.071133,luminal
exp6,N248,N232,,,,J08,p3-Day0-LCP11-cell-K4-J08,p3,J08,115076.7813,130931.8125,57600,139261.9375,106734.7031,85508,13667.1197,223.85039,1304.471926,19025.44275,3560.066909,2041.332236,luminal
exp6,N248,N232,,,,K08,p3-Day0-LCP11-cell-K4-K08,p3,K08,96533.71094,128974.0156,49052,109019.2734,126672.1094,56403,14914.68144,189.6976356,1835.83441,15144.34772,1793.122776,2160.295927,luminal
exp6,N248,N232,,,,L08,p3-Day0-LCP11-cell-K4-L08,p3,L08,45616.48047,99194.42969,30138,105906.5469,96911.32031,71619,12016.16951,187.3305671,775.0881737,17755.40828,3149.1407,1798.454448,luminal
exp6,N248,N232,,,,M08,p3-Day0-LCP11-cell-K4-M08,p3,M08,58478.42188,96125.85156,39869,39848.57031,95012.59375,27486,11566.97316,143.0298637,1079.425203,9986.738317,3200.70304,707.1476769,luminal
exp6,N248,N232,,,,N08,p3-Day0-LCP11-cell-K4-N08,p3,N08,84708.26563,104330.7813,53210,71797.46094,98596.45313,47723,20546.02143,253.7719417,365.8312519,7140.350712,5257.13978,566.852817,luminal
exp6,N248,N232,,,,O08,p3-Day0-LCP11-cell-K4-O08,p3,O08,69045.34375,127373.8359,35525,102533.8516,147480.5938,45563,25185.77431,256.5456576,2279.210012,19148.11722,2327.666733,1430.59159,luminal
exp6,N248,N232,,,,P08,p3-Day0-LCP11-cell-K4-P08,p3,P08,16737.63086,78525.11719,13969,66966.85938,82889.30469,52947,10147.02715,239.9805777,862.2564365,10648.54646,3458.757745,1557.03011,luminal
exp6,N248,N232,,,,A09,p3-Day0-LCP11-cell-K4-A09,p3,A09,52328.64063,89416.99219,38353,52728.23047,91476,37776,13073.86898,107.7432523,696.0823444,16161.1578,1248.503335,1128.084328,luminal
exp6,N248,N232,,,,B09,p3-Day0-LCP11-cell-K4-B09,p3,B09,57873.27344,106995.6797,35448,98242.57031,91353.6875,70478,20200.87588,156.8860354,1029.636256,7847.954256,1452.173889,1107.687143,luminal
exp6,N248,N232,,,,C09,p3-Day0-LCP11-cell-K4-C09,p3,C09,36704.85156,85744.96094,28054,50833.82031,78886.25,42231,13465.4356,202.4572875,976.1362691,11550.44119,1137.076641,897.5133225,luminal
exp6,N248,N232,,,,D09,p3-Day0-LCP11-cell-K4-D09,p3,D09,39207.35156,78678.82813,32658,31107.90039,79742.125,25566,12794.64927,70.82279223,324.689874,8458.438844,525.0386651,382.4506597,luminal
exp6,N248,N232,,,,E09,p3-Day0-LCP11-cell-K4-E09,p3,E09,47236.28125,83430.1875,37105,32401.88086,78957.75,26894,11077.49766,72.77023531,733.1060948,10453.16428,1043.758487,664.2386482,luminal
exp6,N248,N232,,,,F09,p3-Day0-LCP11-cell-K4-F09,p3,F09,52912.86328,87583.59375,39593,53153.08984,89092.84375,39099,14632.02608,87.77972493,895.5150774,8471.059282,1542.474931,1040.019387,luminal
exp6,N248,N232,,,,G09,p3-Day0-LCP11-cell-K4-G09,p3,G09,105232.4063,144178.9531,47833,105925.9453,148924.4219,46614,24792.09993,741.3236804,1216.557392,10800.90275,4839.296487,636.6086292,luminal
exp6,N248,N232,,,,H09,p3-Day0-LCP11-cell-K4-H09,p3,H09,52128.44141,96579.01563,35373,85787.77344,82972.07031,67760,5906.004422,142.2017166,236.7814186,7854.407153,3107.855313,685.4554493,luminal
exp6,N248,N232,,,,I09,p3-Day0-LCP11-cell-K4-I09,p3,I09,53555.32031,108888.4531,32233,74019.73438,95823.27344,50624,12428.52731,157.1532263,1246.009995,14149.11225,2006.859969,1349.513178,luminal
exp6,N248,N232,,,,J09,p3-Day0-LCP11-cell-K4-J09,p3,J09,51182.04297,92210.98438,36376,56498.62109,88392.98438,41889,6475.532138,77.52383073,270.9111187,7095.441558,2821.108907,545.1567809,luminal
exp6,N248,N232,,,,K09,p3-Day0-LCP11-cell-K4-K09,p3,K09,49238.28125,89041.94531,36240,54832.16016,81977.42969,43835,13704.38274,114.9317707,499.7187399,5089.935538,1963.011797,801.1598312,luminal
exp6,N248,N232,,,,L09,p3-Day0-LCP11-cell-K4-L09,p3,L09,65379.86328,103383.6328,41445,111235.7266,101110.2031,72099,23227.87258,242.4008926,721.1978486,11407.24418,2260.845175,651.2890853,luminal
exp6,N248,N232,,,,M09,p3-Day0-LCP11-cell-K4-M09,p3,M09,62072.92188,127224.7422,31975,164408.2188,118426.25,90982,38155.87937,353.9150067,2108.325393,20379.10926,5184.116511,1940.674799,luminal
exp6,N248,N232,,,,N09,p3-Day0-LCP11-cell-K4-N09,p3,N09,57436.47266,93345.48438,40325,86588.02344,88073.02344,64431,9046.527871,152.4149765,686.6812117,12156.93755,3936.52745,1046.411941,luminal
exp6,N248,N232,,,,O09,p3-Day0-LCP11-cell-K4-O09,p3,O09,42465.15234,81108.54688,34312,31934.3418,78024.42188,26823,6562.615931,161.6657984,2478.074253,4207.587464,1302.933387,424.8774164,luminal
exp6,N248,N232,,,,P09,p3-Day0-LCP11-cell-K4-P09,p3,P09,78247.26563,99640.78125,51465,76648.42969,95500.51563,52599,18892.27188,132.8929113,1209.692098,10905.33521,1453.191519,895.2811372,luminal
exp6,N248,N232,,,,A10,p3-Day0-LCP11-cell-K4-A10,p3,A10,81215.67969,122874.4141,43317,47105.14063,111798.1641,27613,13537.34991,115.5069052,1455.448646,18364.36865,4925.457804,1418.985717,luminal
exp6,N248,N232,,,,B10,p3-Day0-LCP11-cell-K4-B10,p3,B10,39143.65234,89718.41406,28593,54384.99219,94058.91406,37893,8025.44932,153.8993139,436.6606293,4447.550914,1546.298162,554.3725421,luminal
exp6,N248,N232,,,,C10,p3-Day0-LCP11-cell-K4-C10,p3,C10,75014.94531,110317.2969,44564,72606.44531,103946,45777,10905.29815,195.9568213,1235.307093,14369.7537,3445.513213,1686.136299,luminal
exp6,N248,N232,,,,D10,p3-Day0-LCP11-cell-K4-D10,p3,D10,86473.66406,127325.6719,44509,199781.2031,128803.3516,101650,25249.13816,352.3508207,1743.336899,18278.47486,4144.576197,1744.133493,luminal
exp6,N248,N232,,,,E10,p3-Day0-LCP11-cell-K4-E10,p3,E10,59948.07031,90714.55469,43309,37539,86925.16406,28302,18188.60922,111.7773598,1798.60653,15949.69314,1027.955162,1951.76734,luminal
exp6,N248,N232,,,,F10,p3-Day0-LCP11-cell-K4-F10,p3,F10,57042.44141,91661.76563,40784,70431.70313,87942.00781,52487,14490.09229,200.0709893,547.3131719,8937.286939,2310.79535,818.4142862,luminal
exp6,N248,N232,,,,G10,p3-Day0-LCP11-cell-K4-G10,p3,G10,60919.95313,93666.71875,42624,35408.88281,86275.67188,26897,11320.39562,139.3805749,595.0264762,10098.94505,2275.637694,948.4710722,luminal
exp6,N248,N232,,,,H10,p3-Day0-LCP11-cell-K4-H10,p3,H10,63956.62109,103378,40545,93610.82031,86820.0625,70662,16705.79785,168.9818782,538.0227622,10148.56786,1955.604451,1479.701781,luminal
exp6,N248,N232,,,,I10,p3-Day0-LCP11-cell-K4-I10,p3,I10,95939.48438,147110.2031,42740,160964.7188,153219.1406,68849,13478.92235,426.906526,2788.566143,33133.82923,5157.964525,2573.304255,luminal
exp6,N248,N232,,,,J10,p3-Day0-LCP11-cell-K4-J10,p3,J10,67237.17188,100567.2734,43816,102975.2031,99968.64844,67507,18310.89081,211.5103356,1129.698668,13464.99603,1871.736954,1284.212272,luminal
exp6,N248,N232,,,,K10,p3-Day0-LCP11-cell-K4-K10,p3,K10,37590.28125,87467.3125,28165,46092.46094,75280.75,40126,10829.27438,120.9177073,2488.432488,10208.57719,1535.82013,1206.017952,luminal
exp6,N248,N232,,,,L10,p3-Day0-LCP11-cell-K4-L10,p3,L10,81141.0625,105360.7109,50471,129660.875,100993.0625,84139,19191.14718,196.3250665,3140.756429,13954.87904,3968.118922,1353.535495,luminal
exp6,N248,N232,,,,M10,p3-Day0-LCP11-cell-K4-M10,p3,M10,66159.73438,100983.8984,42936,81458.66406,93098.85938,57342,9208.127209,237.0476116,631.4664451,9917.768686,1983.835053,996.0363168,luminal
exp6,N248,N232,,,,N10,p3-Day0-LCP11-cell-K4-N10,p3,N10,78260,138288.5938,37088,67241.375,146661.25,30047,16624.93356,237.4684781,944.5308209,7791.488087,2679.690308,1075.910336,luminal
exp6,N248,N232,,,,O10,p3-Day0-LCP11-cell-K4-O10,p3,O10,48698.65234,84729.74219,37667,44228.12109,80824.65625,35862,17803.6122,115.1044743,447.847374,8770.692662,804.9619321,636.4917714,luminal
exp6,N248,N232,,,,P10,p3-Day0-LCP11-cell-K4-P10,p3,P10,35110.53125,106621.75,21581,114545.3672,100128.6484,74972,10666.84545,252.6277492,1019.23059,10648.18111,3601.027697,1710.288452,luminal
exp6,N248,N232,,,,A11,p3-Day0-LCP11-cell-K4-A11,p3,A11,108637.625,147487.7344,48273,95095.89063,156674.6406,39778,12719.30755,257.5691161,314.8301574,12392.97603,3819.644271,444.4021088,luminal
exp6,N248,N232,,,,B11,p3-Day0-LCP11-cell-K4-B11,p3,B11,61270.30078,96069.34375,41797,70441.39844,100403.3906,45979,17254.42343,163.1801456,1094.640091,10512.10244,864.7137834,1328.525819,luminal
exp6,N248,N232,,,,C11,p3-Day0-LCP11-cell-K4-C11,p3,C11,42001.05078,80694.8125,34111,50006.41016,81689.51563,40118,4044.442659,165.2982448,1184.9661,4628.969035,4833.539935,745.9508319,luminal
exp6,N248,N232,,,,D11,p3-Day0-LCP11-cell-K4-D11,p3,D11,57914.22266,97808.69531,38805,44381.38281,104108.3281,27938,12777.24205,89.12662109,668.3976317,10786.38092,3253.563091,707.6117702,luminal
exp6,N248,N232,,,,E11,p3-Day0-LCP11-cell-K4-E11,p3,E11,63187.67188,94900.25,43636,96517.91406,92315.96875,68519,18142.87492,177.0901817,543.209652,12763.87845,3066.357503,1021.383122,luminal
exp6,N248,N232,,,,F11,p3-Day0-LCP11-cell-K4-F11,p3,F11,143577.0781,164386.2344,57240,203231.5,154960.1563,85951,20253.91869,499.2589399,537.2743139,17455.50363,2150.348289,1897.262204,luminal
exp6,N248,N232,,,,G11,p3-Day0-LCP11-cell-K4-G11,p3,G11,29396.64063,82567.10938,23333,52972.67188,80137.04688,43321,10903.29959,91.40096863,665.4817173,8410.394155,1048.683195,942.7000486,luminal
exp6,N248,N232,,,,H11,p3-Day0-LCP11-cell-K4-H11,p3,H11,38677.73047,104626.3984,24227,96347.19531,94827.89063,66586,19554.24066,268.1173809,839.5274389,17079.18763,4456.709431,2017.475556,luminal
exp6,N248,N232,,,,I11,p3-Day0-LCP11-cell-K4-I11,p3,I11,77988.82031,123250.5156,41469,56551.97266,129596.125,28598,7064.463146,76.26037355,2379.872298,10131.9182,1546.571391,1145.637999,luminal
exp6,N248,N232,,,,J11,p3-Day0-LCP11-cell-K4-J11,p3,J11,55602.82031,89773.26563,40591,41752.67969,85656.71094,31945,14875.91584,40.18133335,1240.540879,10899.06604,1101.495301,839.7930433,luminal
exp6,N248,N232,,,,K11,p3-Day0-LCP11-cell-K4-K11,p3,K11,100460.3594,148490.4531,44338,134333.3594,128840.4922,68330,12559.34308,391.0891248,2711.92766,26696.668,4352.3481,2790.068932,luminal
exp6,N248,N232,,,,L11,p3-Day0-LCP11-cell-K4-L11,p3,L11,59665.0625,129838.2734,30116,76209.99219,121322.8594,41167,19305.11431,198.9114119,809.218184,10119.31085,1475.586478,844.0683062,luminal
exp6,N248,N232,,,,M11,p3-Day0-LCP11-cell-K4-M11,p3,M11,49471.24219,98318.39063,32976,29715.95117,103352.1563,18843,17513.67685,134.4754624,861.1236485,12084.97785,1344.810308,669.2068936,luminal
exp6,N248,N232,,,,N11,p3-Day0-LCP11-cell-K4-N11,p3,N11,39573.17188,81522.25,31813,31845.10156,70882.75,29443,6332.708468,142.1951939,771.1936612,7149.298559,1699.33374,686.3872459,luminal
exp6,N248,N232,,,,O11,p3-Day0-LCP11-cell-K4-O11,p3,O11,50286.60156,93019.35938,35429,31568.65039,94560.22656,21879,9877.462067,48.69296442,422.0968919,8655.387891,2660.533329,603.8505187,luminal
exp6,N248,N232,,,,P11,p3-Day0-LCP11-cell-K4-P11,p3,P11,34874.83984,82819.05469,27597,23552.57031,86356.79688,17874,3347.50123,63.33508523,456.488086,7888.512602,2948.84242,892.1132298,luminal
exp6,N248,N232,,,,A12,p3-Day0-LCP11-cell-K4-A12,p3,A12,88014.28906,121970.4531,47291,120247.0234,110408.3828,71376,13664.94478,236.6197985,1342.053479,18618.87931,1886.234248,1337.146669,luminal
exp6,N248,N232,,,,B12,p3-Day0-LCP11-cell-K4-B12,p3,B12,43215.90234,88087.75781,32152,46883.01172,74632.00781,41169,7455.003463,145.280707,1798.059278,9596.915884,1301.527158,1365.585648,luminal
exp6,N248,N232,,,,C12,p3-Day0-LCP11-cell-K4-C12,p3,C12,76389.95313,116141.7891,43105,117735.6953,109111.4688,70716,32828.0695,276.0115475,827.1758388,23553.48566,4249.442214,2009.74147,luminal
exp6,N248,N232,,,,D12,p3-Day0-LCP11-cell-K4-D12,p3,D12,60404.89063,93736.85156,42232,32139.01172,91473.21094,23026,13229.03137,117.9630621,863.8095187,12880.53735,3022.633113,1068.113124,luminal
exp6,N248,N232,,,,E12,p3-Day0-LCP11-cell-K4-E12,p3,E12,85063.16406,107636.3125,51792,95365.55469,107242.4844,58278,20921.80621,203.5404365,1509.848922,15938.53356,3046.317978,1302.769446,luminal
exp6,N248,N232,,,,F12,p3-Day0-LCP11-cell-K4-F12,p3,F12,43477.98047,83851.95313,33981,39781.64063,80718.58594,32299,6305.382844,118.3753857,450.5035055,9775.749921,1109.026439,1149.20863,luminal
exp6,N248,N232,,,,G12,p3-Day0-LCP11-cell-K4-G12,p3,G12,90291.10938,118657.25,49869,142610.375,134323.7813,69579,26653.23048,409.6512752,2142.121748,19715.59977,2876.402196,2098.347067,luminal
exp6,N248,N232,,,,H12,p3-Day0-LCP11-cell-K4-H12,p3,H12,83081.17969,116471.4688,46748,174518.5313,92748.97656,123314,26280.7293,302.5429537,1629.421667,19178.72326,1503.614199,1299.554336,luminal
exp6,N248,N232,,,,I12,p3-Day0-LCP11-cell-K4-I12,p3,I12,43922.97266,92305.14844,31185,36475.88281,85049.40625,28107,4333.853706,111.0533898,4222.298245,5187.432018,2197.323817,515.220324,luminal
exp6,N248,N232,,,,J12,p3-Day0-LCP11-cell-K4-J12,p3,J12,77563.85156,99888.47656,50889,87742.32031,99744.67188,57650,18288.28354,210.9672231,763.2208503,9283.645172,2051.547522,1221.801621,luminal
exp6,N248,N232,,,,K12,p3-Day0-LCP11-cell-K4-K12,p3,K12,70256.55469,99282.67969,46376,86986.69531,95794.99219,59510,24898.85511,214.0970896,596.0499178,11268.17504,4120.963295,1054.682116,luminal
exp6,N248,N232,,,,L12,p3-Day0-LCP11-cell-K4-L12,p3,L12,52801.83984,88863.1875,38941,48581.48047,90421.63281,35211,8770.688322,192.0502746,1119.999952,11388.12196,5172.217052,844.2306793,luminal
exp6,N248,N232,,,,M12,p3-Day0-LCP11-cell-K4-M12,p3,M12,50812.58203,84794.60156,39272,61449.5,87468.875,46041,10249.92663,176.225819,727.5311729,16197.3432,758.0766657,1284.857656,luminal
exp6,N248,N232,,,,N12,p3-Day0-LCP11-cell-K4-N12,p3,N12,56731.22266,97845.60938,37998,80319.88281,95280.08594,55246,16525.39103,168.1488806,418.7826711,12854.64678,3147.097931,1178.709252,luminal
exp6,N248,N232,,,,O12,p3-Day0-LCP11-cell-K4-O12,p3,O12,84592.69531,142603.8438,38876,60693.87109,146570.625,27138,12776.12446,165.1993177,1948.505026,21623.86357,3818.559688,1880.060229,luminal
exp6,N248,N232,,,,P12,p3-Day0-LCP11-nocell-K4-P12,p3,P12,,,,,,,,,,,,,
exp6,N248,N232,,,,A01,p4-Day0-HyP14-cell-K4-A01,p4,A01,77327.25,125454.1094,40395,69472.375,148871.6406,30583,18962.13149,145.9617621,2736.128827,10433.04493,5041.216572,4488.231284,hybrid
exp6,N248,N232,,,,B01,p4-Day0-HyP14-cell-K4-B01,p4,B01,49075.39063,88948.64063,36158,97479.17969,99732.98438,64055,8744.70304,167.2275558,1976.757328,17636.65925,2032.562068,10270.14674,hybrid
exp6,N248,N232,,,,C01,p4-Day0-HyP14-cell-K4-C01,p4,C01,69123.60156,112820.5703,40153,192101.7188,115048.9609,109428,11280.02297,283.9314108,1628.640926,18872.68381,4291.044792,13758.09967,hybrid
exp6,N248,N232,,,,D01,p4-Day0-HyP14-cell-K4-D01,p4,D01,42964.74219,120330.6641,23400,168263,100761.9297,109439,34484.14225,328.7068875,1268.380636,14153.81419,3436.360804,5261.769956,hybrid
exp6,N248,N232,,,,E01,p4-Day0-HyP14-cell-K4-E01,p4,E01,38267.32031,79093.21094,31708,73539.58594,79572.88281,60567,15770.7485,100.0503696,199.9455176,5850.734794,3988.111897,6286.964878,hybrid
exp6,N248,N232,,,,F01,p4-Day0-HyP14-cell-K4-F01,p4,F01,61224.80078,87853.13281,45672,74641.5,80896.08594,60469,11477.46824,-39.83988807,4256.008619,11243.2465,2840.58339,7371.266253,hybrid
exp6,N248,N232,,,,G01,p4-Day0-HyP14-cell-K4-G01,p4,G01,43639.05078,85603.54688,33409,30598.65039,82621.78125,24271,15398.66261,57.00742267,595.7468335,4883.776502,1053.73622,1656.049376,hybrid
exp6,N248,N232,,,,H01,p4-Day0-HyP14-cell-K4-H01,p4,H01,62591.62109,95218.30469,43080,64599.09375,99070.17969,42733,14409.21974,102.4475486,674.6133412,9787.284628,3610.794216,4264.551671,hybrid
exp6,N248,N232,,,,I01,p4-Day0-HyP14-cell-K4-I01,p4,I01,90992.71875,140786.625,42357,125751.7734,140775.3281,58542,15930.57142,188.7135396,1294.036147,14033.38014,2433.374475,5800.808783,hybrid
exp6,N248,N232,,,,J01,p4-Day0-HyP14-cell-K4-J01,p4,J01,72653.49219,133332.0156,35711,68643.99219,188662.3125,23845,12573.19918,319.6420175,1858.721044,4365.957976,3650.472402,1376.827135,hybrid
exp6,N248,N232,,,,K01,p4-Day0-HyP14-cell-K4-K01,p4,K01,48213.62109,84151.69531,37548,28785.7207,77675.34375,24287,3420.527272,64.01976807,153.2840882,2403.203005,2202.881293,1354.291956,hybrid
exp6,N248,N232,,,,L01,p4-Day0-HyP14-cell-K4-L01,p4,L01,,,,,,,,,,,,,
exp6,N248,N232,,,,M01,p4-Day0-HyP14-cell-K4-M01,p4,M01,,,,,,,,,,,,,
exp6,N248,N232,,,,N01,p4-Day0-HyP14-cell-K4-N01,p4,N01,,,,,,,,,,,,,
exp6,N248,N232,,,,O01,p4-Day0-HyP14-cell-K4-O01,p4,O01,,,,,,,,,,,,,
exp6,N248,N232,,,,P01,p4-Day0-HyP14-cell-K4-P01,p4,P01,,,,,,,,,,,,,
exp6,N248,N232,,,,A02,p4-Day0-HyP14-cell-K4-A02,p4,A02,23597.21094,81910.32031,18880,48731.83203,77569.44531,41172,13726.276,4.618293271,-112.816036,3350.688904,1385.312353,1300.21804,hybrid
exp6,N248,N232,,,,B02,p4-Day0-HyP14-cell-K4-B02,p4,B02,61693.45313,91187.03906,44339,85175.70313,87981.51563,63446,6894.195821,216.9144129,223.5451576,3832.254557,1513.088377,1632.195981,hybrid
exp6,N248,N232,,,,C02,p4-Day0-HyP14-cell-K4-C02,p4,C02,22471.54102,84000.39844,17532,67651.67969,84523.97656,52454,6516.918916,128.8028594,765.9817628,5463.757566,2034.369974,5819.477182,hybrid
exp6,N248,N232,,,,D02,p4-Day0-HyP14-cell-K4-D02,p4,D02,85644.65625,142424.5313,39409,106393.4844,127633.2266,54630,22054.25081,210.6649529,3286.632392,8544.022556,1976.599127,5324.901349,hybrid
exp6,N248,N232,,,,E02,p4-Day0-HyP14-cell-K4-E02,p4,E02,93021.10938,144917.1875,42067,156025.4688,121570.3828,84110,21536.04039,322.6517489,2857.196174,22950.68399,3394.069019,6686.763384,hybrid
exp6,N248,N232,,,,F02,p4-Day0-HyP14-cell-K4-F02,p4,F02,69100.85156,106824.0859,42393,118076.1641,79048.75,97892,8038.689055,159.0060901,351.8284815,4801.856876,3995.246365,1924.807616,hybrid
exp6,N248,N232,,,,G02,p4-Day0-HyP14-cell-K4-G02,p4,G02,82080.17969,141008.9063,38148,144175.9531,154446.2969,61178,37272.36841,341.8594823,1379.135302,18236.18957,2091.466558,7022.794451,hybrid
exp6,N248,N232,,,,H02,p4-Day0-HyP14-cell-K4-H02,p4,H02,83666.3125,113883.6328,48147,166986.4688,119987.9922,91206,13518.16157,465.6992362,1636.807334,2866.957095,2316.147178,1791.505072,hybrid
exp6,N248,N232,,,,I02,p4-Day0-HyP14-cell-K4-I02,p4,I02,80467.66406,131739.4219,40030,143945.0938,137774.9219,68471,25522.34323,182.211916,2879.854623,18630.09497,3853.802856,5609.616469,hybrid
exp6,N248,N232,,,,J02,p4-Day0-HyP14-cell-K4-J02,p4,J02,65284.3125,100186.7031,42705,84970.0625,123840.1953,44966,9878.809088,204.7491322,1326.417467,12892.6947,4111.99639,5750.009795,hybrid
exp6,N248,N232,,,,K02,p4-Day0-HyP14-cell-K4-K02,p4,K02,72241.26563,99353.72656,47652,128023.5156,106482.0859,78794,29849.08295,188.0353294,1334.819792,12888.78016,1423.702259,6457.682648,hybrid
exp6,N248,N232,,,,L02,p4-Day0-HyP14-cell-K4-L02,p4,L02,,,,,,,,,,,,,hybrid
exp6,N248,N232,,,,M02,p4-Day0-HyP14-cell-K4-M02,p4,M02,,,,,,,,,,,,,hybrid
exp6,N248,N232,,,,N02,p4-Day0-HyP14-cell-K4-N02,p4,N02,,,,,,,,,,,,,hybrid
exp6,N248,N232,,,,O02,p4-Day0-HyP14-cell-K4-O02,p4,O02,,,,,,,,,,,,,hybrid
exp6,N248,N232,,,,P02,p4-Day0-HyP14-cell-K4-P02,p4,P02,,,,,,,,,,,,,hybrid
exp6,N248,N232,,,,A03,p4-Day0-HyP14-cell-K4-A03,p4,A03,88641.28125,119653.8672,48550,211311.5938,144946.9063,95542,28952.92715,517.7906063,3132.233655,19256.2685,4633.753724,7789.759755,hybrid
exp6,N248,N232,,,,B03,p4-Day0-HyP14-cell-K4-B03,p4,B03,85727.46094,123776.9219,45390,86361.03906,113615.5234,49815,5772.056546,156.4209346,465.0411196,8888.789627,3783.433604,5234.047921,hybrid
exp6,N248,N232,,,,C03,p4-Day0-HyP14-cell-K4-C03,p4,C03,66713.01563,121656.8672,35938,153597.5625,102046.4688,98643,54619.96605,389.800798,1469.62845,29259.62745,4164.179693,11653.94102,hybrid
exp6,N248,N232,,,,D03,p4-Day0-HyP14-cell-K4-D03,p4,D03,48181.76953,92686.40625,34068,129139.9844,95844.0625,88303,14427.85923,275.4466741,2376.139905,10772.20997,3685.069874,7690.322257,hybrid
exp6,N248,N232,,,,E03,p4-Day0-HyP14-cell-K4-E03,p4,E03,72637.10938,122468.375,38870,93820.34375,146155.3594,42069,10629.35812,192.7115175,2320.470483,9943.722613,2594.956281,7329.638287,hybrid
exp6,N248,N232,,,,F03,p4-Day0-HyP14-cell-K4-F03,p4,F03,101958.2266,139669.625,47841,129141.9219,137776.0625,61429,18085.77973,251.9464173,2942.442118,12494.40439,4226.359781,5867.540956,hybrid
exp6,N248,N232,,,,G03,p4-Day0-HyP14-cell-K4-G03,p4,G03,64912.12109,114016.8047,37311,131083.8594,111537.2734,77021,12658.23685,324.7560412,995.2256602,15310.07566,4768.266538,7086.141391,hybrid
exp6,N248,N232,,,,H03,p4-Day0-HyP14-cell-K4-H03,p4,H03,46578.35156,88030.875,34676,72433.78125,79768.44531,59510,10678.25277,210.3607572,-78.91646515,2199.535481,5274.445227,1028.442494,hybrid
exp6,N248,N232,,,,I03,p4-Day0-HyP14-cell-K4-I03,p4,I03,80764.32031,119283.5859,44373,135823.2813,128181.6094,69443,23126.37751,294.2734936,2316.331326,10054.57992,4733.375811,16200.60676,hybrid
exp6,N248,N232,,,,J03,p4-Day0-HyP14-cell-K4-J03,p4,J03,123937.4531,144348.8438,56269,148701.9688,121807.5156,80006,46901.75813,253.0819476,4316.597007,24713.9945,5186.95859,13685.16503,hybrid
exp6,N248,N232,,,,K03,p4-Day0-HyP14-cell-K4-K03,p4,K03,91234.78125,137401.4844,43516,78741.69531,124569.4922,41426,21310.3316,174.1166991,1570.664458,13334.08983,4294.474967,3686.11239,hybrid
exp6,N248,N232,,,,L03,p4-Day0-HyP14-cell-K4-L03,p4,L03,,,,,,,,,,,,,hybrid
exp6,N248,N232,,,,M03,p4-Day0-HyP14-cell-K4-M03,p4,M03,,,,,,,,,,,,,hybrid
exp6,N248,N232,,,,N03,p4-Day0-HyP14-cell-K4-N03,p4,N03,,,,,,,,,,,,,hybrid
exp6,N248,N232,,,,O03,p4-Day0-HyP14-cell-K4-O03,p4,O03,,,,,,,,,,,,,hybrid
exp6,N248,N232,,,,P03,p4-Day0-HyP14-cell-K4-P03,p4,P03,,,,,,,,,,,,,hybrid
exp6,N248,N232,,,,A04,p4-Day0-HyP14-cell-K4-A04,p4,A04,98729.53906,129215.5469,50074,135774.7813,125502.6328,70900,19997.00145,314.7196973,1411.455592,12464.62438,2518.478174,3759.969811,hybrid
exp6,N248,N232,,,,B04,p4-Day0-HyP14-cell-K4-B04,p4,B04,100959.9531,142917.5781,46296,195717.875,109235.7109,117421,54768.96525,398.8981837,2512.989505,34798.89749,3496.616152,9374.361839,hybrid
exp6,N248,N232,,,,C04,p4-Day0-HyP14-cell-K4-C04,p4,C04,66452.75,107553.2891,40492,89330.21094,125753.8438,46554,9740.711334,186.5967112,377.5721192,8699.305678,2377.50413,7643.176088,hybrid
exp6,N248,N232,,,,D04,p4-Day0-HyP14-cell-K4-D04,p4,D04,89889.80469,139340.0469,42278,213335.0156,126693.3984,110354,43501.69218,643.060783,1620.889984,22377.7862,4897.427153,10893.9586,hybrid
exp6,N248,N232,,,,E04,p4-Day0-HyP14-cell-K4-E04,p4,E04,29146.39063,94076.9375,20304,113296,91787.5,80893,17634.62725,180.8863954,674.818257,7822.802908,2444.867371,3979.008145,hybrid
exp6,N248,N232,,,,F04,p4-Day0-HyP14-cell-K4-F04,p4,F04,51945.53125,111884.2578,30427,104937.5156,92785.72656,74119,6421.953976,195.5443665,1484.080363,12200.47268,2650.680479,8884.912689,hybrid
exp6,N248,N232,,,,G04,p4-Day0-HyP14-cell-K4-G04,p4,G04,46453.67969,85114.85938,35768,55303.58203,87685.09375,41334,4032.234392,191.4256745,704.6501033,3225.398052,1380.455523,1213.450723,hybrid
exp6,N248,N232,,,,H04,p4-Day0-HyP14-cell-K4-H04,p4,H04,84625.45313,121697.8438,45572,156845.125,143864.8906,71449,27643.85851,223.337558,816.7847894,8617.6847,4859.490389,7294.488868,hybrid
exp6,N248,N232,,,,I04,p4-Day0-HyP14-cell-K4-I04,p4,I04,46043.26953,87848.02344,34349,44707.30078,91039.91406,32183,11128.02268,99.06915852,148.0893645,2379.291422,1974.079844,1247.23874,hybrid
exp6,N248,N232,,,,J04,p4-Day0-HyP14-cell-K4-J04,p4,J04,79150.89063,140537.3281,36910,77333.25,126440.4297,40083,23974.69176,211.6847164,1281.853289,11741.33457,4718.752204,5599.215748,hybrid
exp6,N248,N232,,,,K04,p4-Day0-HyP14-cell-K4-K04,p4,K04,56729.40234,86164.32031,43148,69874.92188,83976.50781,54531,16267.42774,148.1500527,726.6156899,9746.010063,3464.514916,5995.589198,hybrid
exp6,N248,N232,,,,L04,p4-Day0-HyP14-cell-K4-L04,p4,L04,,,,,,,,,,,,,hybrid
exp6,N248,N232,,,,M04,p4-Day0-HyP14-cell-K4-M04,p4,M04,,,,,,,,,,,,,hybrid
exp6,N248,N232,,,,N04,p4-Day0-HyP14-cell-K4-N04,p4,N04,,,,,,,,,,,,,hybrid
exp6,N248,N232,,,,O04,p4-Day0-HyP14-cell-K4-O04,p4,O04,,,,,,,,,,,,,hybrid
exp6,N248,N232,,,,P04,p4-Day0-HyP14-cell-K4-P04,p4,P04,,,,,,,,,,,,,hybrid
exp6,N248,N232,,,,A05,p4-Day0-HyP14-cell-K4-A05,p4,A05,85620.08594,126435.2813,44380,126562.6953,141381.2344,58667,13685.04937,172.2510229,2747.762591,17375.8664,2548.069084,11092.49207,hybrid
exp6,N248,N232,,,,B05,p4-Day0-HyP14-cell-K4-B05,p4,B05,72687.16406,97797.65625,48709,74253.5,91075.92188,53431,5183.395288,204.4602809,890.8143485,6641.581793,3987.075821,7331.242699,hybrid
exp6,N248,N232,,,,C05,p4-Day0-HyP14-cell-K4-C05,p4,C05,50103.69141,122613.7266,26780,169859.6094,125233.9531,88889,18451.26811,745.3489936,1068.109823,13523.47212,4681.21924,11821.34286,hybrid
exp6,N248,N232,,,,D05,p4-Day0-HyP14-cell-K4-D05,p4,D05,57373.68359,121377.8125,30978,115463.9531,95544.71094,79199,34175.61053,176.7312252,1606.393187,18480.60138,2417.974324,7372.537392,hybrid
exp6,N248,N232,,,,E05,p4-Day0-HyP14-cell-K4-E05,p4,E05,110999.0703,154587.7344,47057,112247.4297,140864.9219,52222,7205.476294,235.3907696,1169.491393,8059.002144,4328.312314,8652.574171,hybrid
exp6,N248,N232,,,,F05,p4-Day0-HyP14-cell-K4-F05,p4,F05,66102.39844,125888.8438,34412,133969.6094,119305.7813,73591,23773.78859,267.210143,2428.517652,18901.0689,3780.020219,9006.944992,hybrid
exp6,N248,N232,,,,G05,p4-Day0-HyP14-cell-K4-G05,p4,G05,44699.20313,86227.50781,33973,36812.47266,86341.07813,27942,6629.667063,129.187623,661.5074399,5795.273157,1622.952307,2964.566767,hybrid
exp6,N248,N232,,,,H05,p4-Day0-HyP14-cell-K4-H05,p4,H05,61756.24219,97484.33594,41517,140965.25,83323.24219,110873,12805.1441,186.5482973,645.0837222,9858.796601,2792.52918,7090.103599,hybrid
exp6,N248,N232,,,,I05,p4-Day0-HyP14-cell-K4-I05,p4,I05,72585.24219,105156.1016,45237,113174.75,94856.51563,78192,23764.56624,291.9246118,1254.843794,9885.147003,3304.292853,7716.331171,hybrid
exp6,N248,N232,,,,J05,p4-Day0-HyP14-cell-K4-J05,p4,J05,65394.42188,113123.6328,37885,127859.5859,115764.8438,72383,22420.05751,348.6645361,3487.16969,16407.35804,2313.48278,8990.602921,hybrid
exp6,N248,N232,,,,K05,p4-Day0-HyP14-cell-K4-K05,p4,K05,76813.10156,132610.4063,37961,205766.1094,113404.8828,118911,22057.11581,343.4486509,1808.485099,13451.38474,3450.207224,9455.721352,hybrid
exp6,N248,N232,,,,L05,p4-Day0-HyP14-cell-K4-L05,p4,L05,40593.28125,104342.6875,25496,111350.1797,82249.76563,88723,12759.2407,201.3259276,1456.297381,13341.60615,5037.075707,7639.001966,hybrid
exp6,N248,N232,,,,M05,p4-Day0-HyP14-cell-K4-M05,p4,M05,,,,,,,,,,,,,hybrid
exp6,N248,N232,,,,N05,p4-Day0-HyP14-cell-K4-N05,p4,N05,,,,,,,,,,,,,hybrid
exp6,N248,N232,,,,O05,p4-Day0-HyP14-cell-K4-O05,p4,O05,,,,,,,,,,,,,hybrid
exp6,N248,N232,,,,P05,p4-Day0-HyP14-cell-K4-P05,p4,P05,,,,,,,,,,,,,hybrid
exp6,N248,N232,,,,A06,p4-Day0-HyP14-cell-K4-A06,p4,A06,23070.32031,87985.125,17184,89998.53906,81665.73438,72223,24350.1295,153.1034883,1841.800262,15681.34586,2076.11818,4587.982177,hybrid
exp6,N248,N232,,,,B06,p4-Day0-HyP14-cell-K4-B06,p4,B06,16800.41992,84538.71875,13024,49365.24219,75924.07813,42611,13482.47236,113.4548443,147.6871084,3210.756298,2377.413938,1012.145139,hybrid
exp6,N248,N232,,,,C06,p4-Day0-HyP14-cell-K4-C06,p4,C06,56237.08984,102807.7188,35849,98234.8125,122117.5703,52719,17445.55202,211.2836354,1578.344262,7805.514628,2156.736177,4116.542644,hybrid
exp6,N248,N232,,,,D06,p4-Day0-HyP14-cell-K4-D06,p4,D06,130777.9219,158642.5156,54025,144369.9531,162617.8125,58182,21650.53767,266.1308015,3259.188386,26868.65668,2995.417024,8461.148336,hybrid
exp6,N248,N232,,,,E06,p4-Day0-HyP14-cell-K4-E06,p4,E06,78175.375,115605.7813,44317,178040.5938,97193.41406,120050,28028.36417,318.8799627,1720.638735,13889.58006,4263.405788,12125.48025,hybrid
exp6,N248,N232,,,,F06,p4-Day0-HyP14-cell-K4-F06,p4,F06,106117.8359,144114.6094,48257,175635.9688,122549.6797,93925,18001.38508,308.6317381,3056.705044,20859.83245,4480.10517,10649.5392,hybrid
exp6,N248,N232,,,,G06,p4-Day0-HyP14-cell-K4-G06,p4,G06,91188.375,136528.4063,43772,207638.2031,118775.7188,114567,22176.94418,574.5072457,2333.120268,24166.12362,4723.022868,10187.3351,hybrid
exp6,N248,N232,,,,H06,p4-Day0-HyP14-cell-K4-H06,p4,H06,63517.09375,107088.9844,38871,79387.71094,133815.6719,38880,11776.79783,169.72029,809.102181,7868.451816,2327.76748,9634.053519,hybrid
exp6,N248,N232,,,,I06,p4-Day0-HyP14-cell-K4-I06,p4,I06,82067.44531,141127.5938,38110,194472.3906,118426.5078,107619,50912.65198,474.4729785,3514.157377,25958.52791,4902.428808,11457.91738,hybrid
exp6,N248,N232,,,,J06,p4-Day0-HyP14-cell-K4-J06,p4,J06,94727.35938,132963.2031,46690,90742.53125,133332.6563,44602,20717.75022,162.6511914,1582.305999,9965.408238,3101.079199,5044.016327,hybrid
exp6,N248,N232,,,,K06,p4-Day0-HyP14-cell-K4-K06,p4,K06,48056.19141,104729.0078,30072,109586.7266,109386.4297,65656,16692.71486,212.2770379,1639.379537,13905.60838,1475.951449,3834.634211,hybrid
exp6,N248,N232,,,,L06,p4-Day0-HyP14-cell-K4-L06,p4,L06,46900.49219,85541.32031,35932,52404.25,89907.1875,38199,15731.54038,120.3557285,917.972362,16819.09518,1466.369656,5066.224958,hybrid
exp6,N248,N232,,,,M06,p4-Day0-HyP14-cell-K4-M06,p4,M06,,,,,,,,,,,,,hybrid
exp6,N248,N232,,,,N06,p4-Day0-HyP14-cell-K4-N06,p4,N06,,,,,,,,,,,,,hybrid
exp6,N248,N232,,,,O06,p4-Day0-HyP14-cell-K4-O06,p4,O06,,,,,,,,,,,,,hybrid
exp6,N248,N232,,,,P06,p4-Day0-HyP14-cell-K4-P06,p4,P06,,,,,,,,,,,,,hybrid
exp6,N248,N232,,,,A07,p4-Day0-HyP14-cell-K4-A07,p4,A07,76979.63281,128418.9141,39285,155807.2188,109882.9453,92926,15384.3893,401.379693,2042.624922,7322.870583,4220.837842,2439.998543,hybrid
exp6,N248,N232,,,,B07,p4-Day0-HyP14-cell-K4-B07,p4,B07,97170.71094,141647.2969,44958,198526.0313,142581.9219,91250,52584.3798,421.7496573,1080.884599,14383.46802,4326.719161,18289.68999,hybrid
exp6,N248,N232,,,,C07,p4-Day0-HyP14-cell-K4-C07,p4,C07,71104.67188,126755.5938,36763,207939.875,111178.125,122574,9607.163089,471.3748172,2840.753153,18465.76513,3930.683788,7560.588532,hybrid
exp6,N248,N232,,,,D07,p4-Day0-HyP14-cell-K4-D07,p4,D07,61948.25,120889.7422,33583,84501.55469,104516.1719,52986,10231.08339,75.92676136,1243.248469,10846.09251,1756.681026,3293.254896,hybrid
exp6,N248,N232,,,,E07,p4-Day0-HyP14-cell-K4-E07,p4,E07,64173.20313,107948.0313,38960,214153.7031,112114.0781,125183,18686.35908,554.4841212,2149.949576,8563.787637,3781.627799,2687.927574,hybrid
exp6,N248,N232,,,,F07,p4-Day0-HyP14-cell-K4-F07,p4,F07,44135.91016,94390.13281,30644,85901.26563,82764.26563,68020,24846.38367,224.2280699,756.9567827,4311.548223,2943.030187,2687.366448,hybrid
exp6,N248,N232,,,,G07,p4-Day0-HyP14-cell-K4-G07,p4,G07,65393.51172,100262.7188,42744,49328.38281,96999.0625,33328,24195.83119,150.1764108,3828.118859,23174.44527,1749.833321,7106.085677,hybrid
exp6,N248,N232,,,,H07,p4-Day0-HyP14-cell-K4-H07,p4,H07,106666.5625,145163.6406,48156,155717.0156,130130.2031,78422,49535.11914,492.3271348,2355.767499,29469.98344,3761.971052,9747.358283,hybrid
exp6,N248,N232,,,,I07,p4-Day0-HyP14-cell-K4-I07,p4,I07,89579.49219,115601.0078,50784,186310.8125,110336.5703,110662,24513.98843,461.5942472,1668.699498,23744.76241,4375.977099,12877.70759,hybrid
exp6,N248,N232,,,,J07,p4-Day0-HyP14-cell-K4-J07,p4,J07,51372.23047,93676.42188,35940,79264.52344,107590.4063,48282,6706.257334,209.8316618,3463.504675,8766.324458,2666.527211,4043.967935,hybrid
exp6,N248,N232,,,,K07,p4-Day0-HyP14-cell-K4-K07,p4,K07,70488.60156,115281.0234,40072,79893.08594,120606.125,43413,37086.71576,164.4630981,552.2408145,14194.5749,3931.265263,7585.12075,hybrid
exp6,N248,N232,,,,L07,p4-Day0-HyP14-cell-K4-L07,p4,L07,86200.66406,141093.625,40039,183763.5938,170691.4219,70555,31060.14774,378.0178605,1136.755758,12495.44274,5088.026206,5917.331358,hybrid
exp6,N248,N232,,,,M07,p4-Day0-HyP14-cell-K4-M07,p4,M07,,,,,,,,,,,,,hybrid
exp6,N248,N232,,,,N07,p4-Day0-HyP14-cell-K4-N07,p4,N07,,,,,,,,,,,,,hybrid
exp6,N248,N232,,,,O07,p4-Day0-HyP14-cell-K4-O07,p4,O07,,,,,,,,,,,,,hybrid
exp6,N248,N232,,,,P07,p4-Day0-HyP14-cell-K4-P07,p4,P07,,,,,,,,,,,,,hybrid
exp6,N248,N232,,,,A08,p4-Day0-HyP14-cell-K4-A08,p4,A08,100102.7344,134886.3594,48636,108100.6797,132982.0469,53274,14847.39314,264.4316209,880.2216317,12097.421,5111.749715,4783.961085,hybrid
exp6,N248,N232,,,,B08,p4-Day0-HyP14-cell-K4-B08,p4,B08,83583.5,114931.0391,47661,84488.94531,110161.9141,50263,6166.838423,220.4711287,874.8821442,7778.423894,3287.630785,4484.035524,hybrid
exp6,N248,N232,,,,C08,p4-Day0-HyP14-cell-K4-C08,p4,C08,59825.22266,132487.6094,29593,119293.5156,144966.0781,53930,12254.7785,239.8896924,1364.191199,13458.1323,3040.707131,6749.912009,hybrid
exp6,N248,N232,,,,D08,p4-Day0-HyP14-cell-K4-D08,p4,D08,24885.77148,98861.24219,16497,113408.5234,98564.32031,75406,9722.22819,250.6943699,1088.711291,10426.95261,2765.586519,12206.27832,hybrid
exp6,N248,N232,,,,E08,p4-Day0-HyP14-cell-K4-E08,p4,E08,59530.38281,89303.07031,43687,91567.03125,86763.88281,69164,25050.17351,83.78301261,837.5773747,9197.865316,2681.022939,8750.825666,hybrid
exp6,N248,N232,,,,F08,p4-Day0-HyP14-cell-K4-F08,p4,F08,58775.08203,101440.1094,37972,133439.0313,90666.54688,96453,11661.2387,339.5569365,1254.36467,11917.47558,3256.216135,6091.746999,hybrid
exp6,N248,N232,,,,G08,p4-Day0-HyP14-cell-K4-G08,p4,G08,95369.82031,138769.0156,45040,208645.0625,126640.5781,107973,45793.37306,404.1586725,2524.043638,25715.04276,3894.506392,9602.856814,hybrid
exp6,N248,N232,,,,H08,p4-Day0-HyP14-cell-K4-H08,p4,H08,73750.03906,118949.6875,40633,82682.80469,102556.9688,52836,17912.40139,40.14757486,1811.768262,10919.51207,2084.906564,7424.485138,hybrid
exp6,N248,N232,,,,I08,p4-Day0-HyP14-cell-K4-I08,p4,I08,63890.19141,101646.0938,41193,105107.2656,103741.1719,66399,8071.185495,191.9293941,3528.221431,14473.72542,2914.37274,4781.421503,hybrid
exp6,N248,N232,,,,J08,p4-Day0-HyP14-cell-K4-J08,p4,J08,72933.77344,124376.4766,38430,76341.91406,127361.5547,39283,9978.463283,145.7729633,935.1162707,8817.547679,2019.72811,4235.206609,hybrid
exp6,N248,N232,,,,K08,p4-Day0-HyP14-cell-K4-K08,p4,K08,43212.26172,105195.1563,26921,109691.4844,81237.89844,88490,14277.67874,202.2985568,519.8658826,8222.800784,3364.757892,3580.135166,hybrid
exp6,N248,N232,,,,L08,p4-Day0-HyP14-cell-K4-L08,p4,L08,45240.65234,111090.3906,26689,124482.0469,111433.6172,73210,25793.95398,320.2069656,3605.082377,21486.1092,2565.471232,5916.029604,hybrid
exp6,N248,N232,,,,M08,p4-Day0-HyP14-cell-K4-M08,p4,M08,,,,,,,,,,,,,hybrid
exp6,N248,N232,,,,N08,p4-Day0-HyP14-cell-K4-N08,p4,N08,,,,,,,,,,,,,hybrid
exp6,N248,N232,,,,O08,p4-Day0-HyP14-cell-K4-O08,p4,O08,,,,,,,,,,,,,hybrid
exp6,N248,N232,,,,P08,p4-Day0-HyP14-cell-K4-P08,p4,P08,,,,,,,,,,,,,hybrid
exp6,N248,N232,,,,A09,p4-Day0-HyP14-cell-K4-A09,p4,A09,81323.0625,115692.1016,46067,102482.4453,114759.3359,58525,31954.39335,274.0640685,674.8742356,13700.8745,2963.471926,6627.857399,hybrid
exp6,N248,N232,,,,B09,p4-Day0-HyP14-cell-K4-B09,p4,B09,123673.5547,157270.0781,51536,139994.2813,172865.5156,53074,15174.0792,285.8130275,2584.069812,10853.79825,2813.550258,6909.429268,hybrid
exp6,N248,N232,,,,C09,p4-Day0-HyP14-cell-K4-C09,p4,C09,59524.92188,101259.5859,38525,84050.5,129318.7813,42595,14384.82385,146.818035,815.9651583,9908.832802,1431.409061,3245.931772,hybrid
exp6,N248,N232,,,,D09,p4-Day0-HyP14-cell-K4-D09,p4,D09,67310.88281,95962.19531,45969,213412.6094,102901.0625,135919,30697.63788,505.9658471,545.7836783,11379.65262,3445.012348,4299.078993,hybrid
exp6,N248,N232,,,,E09,p4-Day0-HyP14-cell-K4-E09,p4,E09,20899.9707,79893.875,17144,74257.38281,79971.92969,60853,15509.94264,152.6440596,-15.60770079,2192.905939,2587.171478,1153.683043,hybrid
exp6,N248,N232,,,,F09,p4-Day0-HyP14-cell-K4-F09,p4,F09,115719.2422,153303.6094,49469,161108.2813,161792.125,65259,28337.3856,395.8167029,2667.72092,7740.693993,3377.083278,2394.711616,hybrid
exp6,N248,N232,,,,G09,p4-Day0-HyP14-cell-K4-G09,p4,G09,93787.33594,139688.8125,44001,84540.35156,141920.5625,39039,15083.092,189.612401,1384.328858,9592.909389,5101.927669,4692.421928,hybrid
exp6,N248,N232,,,,H09,p4-Day0-HyP14-cell-K4-H09,p4,H09,22676.29102,102264.8984,14532,89983.99219,86958.69531,67816,17063.65772,167.8555074,374.2660811,5022.247249,2163.890248,2340.59611,hybrid
exp6,N248,N232,,,,I09,p4-Day0-HyP14-cell-K4-I09,p4,I09,44577.26172,87268.95313,33476,52442.08203,81872.50781,41978,11673.93527,162.4143193,543.3595088,3072.444327,4496.60299,1017.935389,hybrid
exp6,N248,N232,,,,J09,p4-Day0-HyP14-cell-K4-J09,p4,J09,62257.65234,110151.3906,37041,97215.34375,104427.2266,61010,20090.78712,208.8305959,455.9133715,9328.562585,3122.762562,6426.931166,hybrid
exp6,N248,N232,,,,K09,p4-Day0-HyP14-cell-K4-K09,p4,K09,90066.34375,122012.2734,48377,189495.3281,135975.3594,91331,34819.77289,336.1953053,2852.240836,17388.24692,3957.264177,9231.916981,hybrid
exp6,N248,N232,,,,L09,p4-Day0-HyP14-cell-K4-L09,p4,L09,82956.51563,135865,40015,88699.71094,142511.0156,40790,24250.33982,197.3270778,2120.240436,13449.70394,2798.358004,7370.270853,hybrid
exp6,N248,N232,,,,M09,p4-Day0-HyP14-cell-K4-M09,p4,M09,,,,,,,,,,,,,hybrid
exp6,N248,N232,,,,N09,p4-Day0-HyP14-cell-K4-N09,p4,N09,,,,,,,,,,,,,hybrid
exp6,N248,N232,,,,O09,p4-Day0-HyP14-cell-K4-O09,p4,O09,,,,,,,,,,,,,hybrid
exp6,N248,N232,,,,P09,p4-Day0-HyP14-cell-K4-P09,p4,P09,,,,,,,,,,,,,hybrid
exp6,N248,N232,,,,A10,p4-Day0-HyP14-cell-K4-A10,p4,A10,40146.47266,85779.84375,30672,46793.76953,90425.09375,33914,5610.602938,75.09399481,632.5235133,3977.862615,2916.442258,1312.260225,hybrid
exp6,N248,N232,,,,B10,p4-Day0-HyP14-cell-K4-B10,p4,B10,83426.98438,101234.4609,54008,123016.375,107401.6953,75064,16689.8593,206.9931288,1322.111631,14521.2044,4780.246961,4029.474762,hybrid
exp6,N248,N232,,,,C10,p4-Day0-HyP14-cell-K4-C10,p4,C10,42510.65234,98458.36719,28296,66564.3125,84648.46875,51535,21969.98388,171.4291384,707.9447413,6383.902411,1451.563328,1830.08754,hybrid
exp6,N248,N232,,,,D10,p4-Day0-HyP14-cell-K4-D10,p4,D10,52637.13281,100090.7266,34465,118600.9297,98919.88281,78575,9132.678709,148.8540743,1573.401788,5666.642867,2447.476175,5335.02588,hybrid
exp6,N248,N232,,,,E10,p4-Day0-HyP14-cell-K4-E10,p4,E10,63189.49219,130242.3828,31796,183191.2969,143101.2813,83896,33831.04151,237.6419563,1458.660655,18808.36772,1994.270074,7770.996027,hybrid
exp6,N248,N232,,,,F10,p4-Day0-HyP14-cell-K4-F10,p4,F10,76732.10938,109120.6406,46084,64037.46094,108191.7734,38790,10525.94899,156.7823197,852.1776983,10446.0861,3404.248414,5602.41452,hybrid
exp6,N248,N232,,,,G10,p4-Day0-HyP14-cell-K4-G10,p4,G10,75623.73438,125839.8594,39384,108117.1719,105655.3906,67063,15965.44594,334.1560491,1121.518357,6627.771656,2575.308716,5743.309793,hybrid
exp6,N248,N232,,,,H10,p4-Day0-HyP14-cell-K4-H10,p4,H10,98605.78125,146068.7656,44241,183783,119843.5938,100501,26587.0198,457.9429682,2511.727559,21393.80566,4136.964192,10459.37318,hybrid
exp6,N248,N232,,,,I10,p4-Day0-HyP14-cell-K4-I10,p4,I10,85466.28906,112334.6641,49861,124344.3047,106771.6797,76322,7863.053896,236.3062047,2511.469037,20953.40013,5022.068342,6561.839073,hybrid
exp6,N248,N232,,,,J10,p4-Day0-HyP14-cell-K4-J10,p4,J10,46541.95313,89416.42969,34112,41839.98047,103492.1797,26495,8468.125418,124.0852618,1022.764264,9787.568175,1292.146892,3133.472428,hybrid
exp6,N248,N232,,,,K10,p4-Day0-HyP14-cell-K4-K10,p4,K10,31917.3418,88065.63281,23752,73812.14844,84205.49219,57447,18429.46083,170.7439309,238.2089822,3788.434413,2671.996012,2207.965594,hybrid
exp6,N248,N232,,,,L10,p4-Day0-HyP14-cell-K4-L10,p4,L10,31870.93164,80916.34375,25813,46989.71094,81697.82813,37694,9176.167607,152.6955317,58.03499939,4054.564311,4048.65661,1706.318653,hybrid
exp6,N248,N232,,,,M10,p4-Day0-HyP14-cell-K4-M10,p4,M10,,,,,,,,,,,,,hybrid
exp6,N248,N232,,,,N10,p4-Day0-HyP14-cell-K4-N10,p4,N10,,,,,,,,,,,,,hybrid
exp6,N248,N232,,,,O10,p4-Day0-HyP14-cell-K4-O10,p4,O10,,,,,,,,,,,,,hybrid
exp6,N248,N232,,,,P10,p4-Day0-HyP14-cell-K4-P10,p4,P10,,,,,,,,,,,,,hybrid
exp6,N248,N232,,,,A11,p4-Day0-HyP14-cell-K4-A11,p4,A11,70643.30469,112699.1094,41080,173048.9688,97610.19531,116186,10176.75741,254.4402437,1619.827029,12651.26806,5079.877648,13071.13457,hybrid
exp6,N248,N232,,,,B11,p4-Day0-HyP14-cell-K4-B11,p4,B11,64688.26172,120181.7266,35275,96311.30469,138539.4688,45560,16722.37222,232.159751,1162.839165,12557.4361,2201.021971,7574.16985,hybrid
exp6,N248,N232,,,,C11,p4-Day0-HyP14-cell-K4-C11,p4,C11,76753.03906,110921.9141,45348,150014.3906,108005.8828,91026,20870.74045,250.6060801,1811.787133,10416.83242,3569.838649,7318.985563,hybrid
exp6,N248,N232,,,,D11,p4-Day0-HyP14-cell-K4-D11,p4,D11,54409.8125,121055.1875,29456,124641.125,96141.625,84963,9037.487836,237.546683,1284.204294,9974.959287,1483.90744,3584.690495,hybrid
exp6,N248,N232,,,,E11,p4-Day0-HyP14-cell-K4-E11,p4,E11,107078.7969,144747.75,48481,134022.9688,136950.6406,64135,19391.2722,292.739379,2781.186992,16539.66515,3751.799787,6899.952936,hybrid
exp6,N248,N232,,,,F11,p4-Day0-HyP14-cell-K4-F11,p4,F11,43512.5625,80591.20313,35384,40412.14063,85318.28906,31042,4610.585792,14.77765126,499.139414,6698.166633,2069.911802,3768.832109,hybrid
exp6,N248,N232,,,,G11,p4-Day0-HyP14-cell-K4-G11,p4,G11,47598.46094,94139.6875,33136,43819.75,94972.26563,30238,11843.6386,167.7503814,202.3945286,3905.529636,2126.861677,1795.625191,hybrid
exp6,N248,N232,,,,H11,p4-Day0-HyP14-cell-K4-H11,p4,H11,98148.96094,141646.0938,45411,112697.5156,155771.3906,47414,11540.59418,275.7458011,3462.071823,11220.86485,3318.250705,7927.588252,hybrid
exp6,N248,N232,,,,I11,p4-Day0-HyP14-cell-K4-I11,p4,I11,75984.09375,130580.6719,38135,122844.6875,130410.2969,61734,20164.91581,121.983724,132.2085454,12247.21534,1469.224766,5393.647409,hybrid
exp6,N248,N232,,,,J11,p4-Day0-HyP14-cell-K4-J11,p4,J11,76223.42188,129858.0234,38468,172753.125,139765.3125,81004,18840.80812,245.2655359,177.682612,16587.38612,3248.748772,4861.972378,hybrid
exp6,N248,N232,,,,K11,p4-Day0-HyP14-cell-K4-K11,p4,K11,40929.98047,89663.97656,29916,46657,84357.6875,36247,8887.373039,112.6694493,634.3626536,3794.125326,2228.83682,1124.342188,hybrid
exp6,N248,N232,,,,L11,p4-Day0-HyP14-cell-K4-L11,p4,L11,36511.92969,79575.85156,30070,43349.30078,79216.45313,35863,6637.09996,80.32830703,824.047724,7847.220913,1091.55974,3224.463762,hybrid
exp6,N248,N232,,,,M11,p4-Day0-HyP14-cell-K4-M11,p4,M11,,,,,,,,,,,,,hybrid
exp6,N248,N232,,,,N11,p4-Day0-HyP14-cell-K4-N11,p4,N11,,,,,,,,,,,,,hybrid
exp6,N248,N232,,,,O11,p4-Day0-HyP14-cell-K4-O11,p4,O11,,,,,,,,,,,,,hybrid
exp6,N248,N232,,,,P11,p4-Day0-HyP14-cell-K4-P11,p4,P11,,,,,,,,,,,,,hybrid
exp6,N248,N232,,,,A12,p4-Day0-HyP14-cell-K4-A12,p4,A12,83448.82031,138706.0469,39428,90363.26563,123729.125,47863,16567.74446,180.5130943,455.1797846,6957.255848,2914.550001,4872.319844,hybrid
exp6,N248,N232,,,,B12,p4-Day0-HyP14-cell-K4-B12,p4,B12,55941.33984,95282.15625,38477,74182.69531,94565.97656,51410,9273.502396,175.1639497,2843.911975,2268.033711,1656.234319,1016.558251,hybrid
exp6,N248,N232,,,,C12,p4-Day0-HyP14-cell-K4-C12,p4,C12,30756.18164,80625.49219,25000,62161.48047,76796.32813,53047,7837.251786,120.9037007,204.2885148,5470.609772,1458.55523,2327.996099,hybrid
exp6,N248,N232,,,,D12,p4-Day0-HyP14-cell-K4-D12,p4,D12,73568.95313,98028.11719,49184,68177.42188,85670.8125,52154,9503.690157,244.4822007,1031.74232,5263.203599,4082.4744,2033.931116,hybrid
exp6,N248,N232,,,,E12,p4-Day0-HyP14-cell-K4-E12,p4,E12,114606.3125,150162.7344,50018,121546.8203,174847.2656,45558,8890.079041,248.7275133,3242.387269,11694.94521,3740.579844,7447.352496,hybrid
exp6,N248,N232,,,,F12,p4-Day0-HyP14-cell-K4-F12,p4,F12,87339.98438,139542.9531,41019,102579.4453,134334.7031,50044,29636.12957,192.7045581,1477.132989,15881.44789,2523.832979,5930.659834,hybrid
exp6,N248,N232,,,,G12,p4-Day0-HyP14-cell-K4-G12,p4,G12,58956.17188,122158.5078,31629,89892.8125,95882.53906,61442,19702.8557,222.3736141,1322.815719,13167.07537,3644.653095,5332.23671,hybrid
exp6,N248,N232,,,,H12,p4-Day0-HyP14-cell-K4-H12,p4,H12,38405.64063,80661.19531,31204,32710.3418,77250.625,27750,3621.413139,96.85473052,416.3911954,2747.979335,1666.638312,1143.587307,hybrid
exp6,N248,N232,,,,I12,p4-Day0-HyP14-cell-K4-I12,p4,I12,75415.34375,132504.5625,37300,91897.80469,122271.6875,49256,24385.2071,188.4468301,1558.835982,21445.48517,4585.728714,6398.898002,hybrid
exp6,N248,N232,,,,J12,p4-Day0-HyP14-cell-K4-J12,p4,J12,43528.03125,84176.375,33889,55284.17969,84395.61719,42930,11264.74455,112.2686539,410.7757662,6373.634381,1112.343496,1881.583863,hybrid
exp6,N248,N232,,,,K12,p4-Day0-HyP14-cell-K4-K12,p4,K12,84727.375,142270.9688,39029,99637.42969,120040.4219,54397,8452.98415,178.2546536,1141.095969,10190.52526,2475.820453,6174.928448,hybrid
exp6,N248,N232,,,,L12,p4-Day0-HyP14-cell-K4-L12,p4,L12,63879.27344,130575.8516,32061,120089.8828,147880.7031,53220,16364.29772,230.1396857,948.1674013,6776.000703,2876.759823,6602.773214,hybrid
exp6,N248,N232,,,,M12,p4-Day0-HyP14-cell-K4-M12,p4,M12,,,,,,,,,,,,,hybrid
exp6,N248,N232,,,,N12,p4-Day0-HyP14-cell-K4-N12,p4,N12,,,,,,,,,,,,,hybrid
exp6,N248,N232,,,,O12,p4-Day0-HyP14-cell-K4-O12,p4,O12,,,,,,,,,,,,,hybrid
exp6,N248,N232,,,,P12,p4-Day0-HyP14-nocell-K4-P12,p4,P12,,,,,,,,,,,,,
exp6,N248,N233,N248T0001_p5-Day4d5-BCHyLCP16-cell,T0001_p5-Day4d5-BCHyLCP16-cell,p5-Day4d5-BCHyLCP16-cell-K4-A01,A01,p5-Day4d5-BCHyLCP16-cell-K4-A01,p5,A01,149611.3281,110511.6797,88723,98720.30469,117847.9453,54899,18440.93838,324.7892112,3018.030544,1428.458174,4083.719376,11744.16522,all_epith
exp6,N248,N233,N248T0002_p5-Day4d5-BCHyLCP16-cell,T0002_p5-Day4d5-BCHyLCP16-cell,p5-Day4d5-BCHyLCP16-cell-K4-A02,A02,p5-Day4d5-BCHyLCP16-cell-K4-A02,p5,A02,156717.4063,96543.01563,106384,33279.82031,86914.25,25094,13971.99709,101.60414,504.1288283,7916.94215,115.3062339,1056.530453,all_epith
exp6,N248,N233,N248T0003_p5-Day4d5-BCHyLCP16-cell,T0003_p5-Day4d5-BCHyLCP16-cell,p5-Day4d5-BCHyLCP16-cell-K4-A03,A03,p5-Day4d5-BCHyLCP16-cell-K4-A03,p5,A03,82846.92188,97487.26563,55694,99985.48438,99775.38281,65674,1485.41372,1632.366743,2046.11164,793.3486729,2818.417826,2804.695243,all_epith
exp6,N248,N233,N248T0004_p5-Day4d5-BCHyLCP16-cell,T0004_p5-Day4d5-BCHyLCP16-cell,p5-Day4d5-BCHyLCP16-cell-K4-A04,A04,p5-Day4d5-BCHyLCP16-cell-K4-A04,p5,A04,188792.2813,109887.6563,112594,92729.5625,141869.5625,42836,1649.52688,177.9608023,1069.335594,308.619933,2820.967286,3576.957216,all_epith
exp6,N248,N233,N248T0005_p5-Day4d5-BCHyLCP16-cell,T0005_p5-Day4d5-BCHyLCP16-cell,p5-Day4d5-BCHyLCP16-cell-K4-A05,A05,p5-Day4d5-BCHyLCP16-cell-K4-A05,p5,A05,183448.9219,98602.53906,121929,40090.82031,94266.36719,27872,749.4257123,30.56019417,486.5218667,1408.643945,789.6635923,634.2453826,all_epith
exp6,N248,N233,N248T0006_p5-Day4d5-BCHyLCP16-cell,T0006_p5-Day4d5-BCHyLCP16-cell,p5-Day4d5-BCHyLCP16-cell-K4-A06,A06,p5-Day4d5-BCHyLCP16-cell-K4-A06,p5,A06,214652.5625,113050.7578,124435,90015.94531,102578.4297,57510,1559.839201,133.6666412,1243.510084,1201.877856,2902.800929,619.0389682,all_epith
exp6,N248,N233,N248T0007_p5-Day4d5-BCHyLCP16-cell,T0007_p5-Day4d5-BCHyLCP16-cell,p5-Day4d5-BCHyLCP16-cell-K4-A07,A07,p5-Day4d5-BCHyLCP16-cell-K4-A07,p5,A07,126728.1641,113192.2891,73373,85550.07813,110555.6797,50713,10711.2142,167.2892606,1264.464914,5933.873479,5324.48363,1815.783864,all_epith
exp6,N248,N233,N248T0008_p5-Day4d5-BCHyLCP16-cell,T0008_p5-Day4d5-BCHyLCP16-cell,p5-Day4d5-BCHyLCP16-cell-K4-A08,A08,p5-Day4d5-BCHyLCP16-cell-K4-A08,p5,A08,153185.5156,95931.78125,104649,58400.16016,92554.48438,41352,1018.216238,241.7405624,1770.042432,2071.157305,1899.426113,2037.022061,all_epith
exp6,N248,N233,N248T0009_p5-Day4d5-BCHyLCP16-cell,T0009_p5-Day4d5-BCHyLCP16-cell,p5-Day4d5-BCHyLCP16-cell-K4-A09,A09,p5-Day4d5-BCHyLCP16-cell-K4-A09,p5,A09,22429.59961,83080.66406,17693,46859.67969,78550.13281,39096,906.3687131,2078.383207,3485.217106,3933.748898,442.6872027,3230.906233,all_epith
exp6,N248,N233,N248T0010_p5-Day4d5-BCHyLCP16-cell,T0010_p5-Day4d5-BCHyLCP16-cell,p5-Day4d5-BCHyLCP16-cell-K4-A10,A10,p5-Day4d5-BCHyLCP16-cell-K4-A10,p5,A10,186063.5625,106656.8281,114328,54312.58203,104366.7891,34105,13785.74828,100.5865373,3450.785199,13814.58181,955.8599324,773.3364601,all_epith
exp6,N248,N233,N248T0011_p5-Day4d5-BCHyLCP16-cell,T0011_p5-Day4d5-BCHyLCP16-cell,p5-Day4d5-BCHyLCP16-cell-K4-A11,A11,p5-Day4d5-BCHyLCP16-cell-K4-A11,p5,A11,30545.83984,96196.64844,20810,55791.40234,114845.7891,31837,728.2473012,591.7151976,1265.444948,1032.081176,2893.02059,2754.917071,all_epith
exp6,N248,N233,N248T0012_p5-Day4d5-BCHyLCP16-cell,T0012_p5-Day4d5-BCHyLCP16-cell,p5-Day4d5-BCHyLCP16-cell-K4-A12,A12,p5-Day4d5-BCHyLCP16-cell-K4-A12,p5,A12,177136.7969,98280.86719,118119,39175.5,90018.08594,28521,1205.545108,114.0725646,202.5660749,1926.893733,1400.795531,418.1967522,all_epith
exp6,N248,N233,N248T0013_p5-Day4d5-BCHyLCP16-cell,T0013_p5-Day4d5-BCHyLCP16-cell,p5-Day4d5-BCHyLCP16-cell-K4-B01,B01,p5-Day4d5-BCHyLCP16-cell-K4-B01,p5,B01,147254.2813,138500.7813,69678,146774.6094,145326.5781,66189,23430.2702,658.3751757,2317.721998,2311.776035,4939.348451,10517.6232,all_epith
exp6,N248,N233,N248T0014_p5-Day4d5-BCHyLCP16-cell,T0014_p5-Day4d5-BCHyLCP16-cell,p5-Day4d5-BCHyLCP16-cell-K4-B02,B02,p5-Day4d5-BCHyLCP16-cell-K4-B02,p5,B02,74316.67969,73898.35156,65907,65160.20313,73509.92969,58092,926.652864,679.716868,1383.250942,911.113849,3963.833667,3040.387067,all_epith
exp6,N248,N233,N248T0015_p5-Day4d5-BCHyLCP16-cell,T0015_p5-Day4d5-BCHyLCP16-cell,p5-Day4d5-BCHyLCP16-cell-K4-B03,B03,p5-Day4d5-BCHyLCP16-cell-K4-B03,p5,B03,68003.64063,119383,37331,39728.22266,132278.0469,19683,888.5054339,685.6760356,2747.466655,662.744058,3638.950258,2331.948618,all_epith
exp6,N248,N233,N248T0016_p5-Day4d5-BCHyLCP16-cell,T0016_p5-Day4d5-BCHyLCP16-cell,p5-Day4d5-BCHyLCP16-cell-K4-B04,B04,p5-Day4d5-BCHyLCP16-cell-K4-B04,p5,B04,164059,105951.7422,101478,47131.14063,106067.3203,29121,21469.38462,-268.6978313,-966.2980376,14629.31244,-753.5815475,385.3968143,all_epith
exp6,N248,N233,N248T0017_p5-Day4d5-BCHyLCP16-cell,T0017_p5-Day4d5-BCHyLCP16-cell,p5-Day4d5-BCHyLCP16-cell-K4-B05,B05,p5-Day4d5-BCHyLCP16-cell-K4-B05,p5,B05,122921.2031,98841.30469,81502,70590.38281,102469.9609,45147,23812.38263,304.3525059,1770.945075,3412.660001,1833.110133,7520.921252,all_epith
exp6,N248,N233,N248T0018_p5-Day4d5-BCHyLCP16-cell,T0018_p5-Day4d5-BCHyLCP16-cell,p5-Day4d5-BCHyLCP16-cell-K4-B06,B06,p5-Day4d5-BCHyLCP16-cell-K4-B06,p5,B06,87017.28125,81553.11719,69927,79104.625,79293.375,65380,1484.804079,1416.752747,2068.71871,992.3210191,4291.797732,4178.096013,all_epith
exp6,N248,N233,N248T0019_p5-Day4d5-BCHyLCP16-cell,T0019_p5-Day4d5-BCHyLCP16-cell,p5-Day4d5-BCHyLCP16-cell-K4-B07,B07,p5-Day4d5-BCHyLCP16-cell-K4-B07,p5,B07,183085.5156,102241.8281,117356,52676.96094,99954.74219,34538,21320.43315,18.18504449,-150.8154271,3953.2377,1515.613616,3544.923258,all_epith
exp6,N248,N233,N248T0020_p5-Day4d5-BCHyLCP16-cell,T0020_p5-Day4d5-BCHyLCP16-cell,p5-Day4d5-BCHyLCP16-cell-K4-B08,B08,p5-Day4d5-BCHyLCP16-cell-K4-B08,p5,B08,137820.6094,114524.5938,78867,173117.9844,122920.7344,92299,77182.64469,677.4337867,1310.330498,2207.693926,4343.141794,18366.23723,all_epith
exp6,N248,N233,N248T0021_p5-Day4d5-BCHyLCP16-cell,T0021_p5-Day4d5-BCHyLCP16-cell,p5-Day4d5-BCHyLCP16-cell-K4-B09,B09,p5-Day4d5-BCHyLCP16-cell-K4-B09,p5,B09,62425.67969,104115.875,39294,58008.16016,120843.7266,31459,1043.646646,120.4895399,3454.728108,2190.885637,4565.188762,4215.696315,all_epith
exp6,N248,N233,N248T0022_p5-Day4d5-BCHyLCP16-cell,T0022_p5-Day4d5-BCHyLCP16-cell,p5-Day4d5-BCHyLCP16-cell-K4-B10,B10,p5-Day4d5-BCHyLCP16-cell-K4-B10,p5,B10,54820.03906,78804.25781,45590,58768.64063,80916.46094,47598,854.9194265,782.5338849,1657.601687,713.6758559,4109.203003,1780.838233,all_epith
exp6,N248,N233,N248T0023_p5-Day4d5-BCHyLCP16-cell,T0023_p5-Day4d5-BCHyLCP16-cell,p5-Day4d5-BCHyLCP16-cell-K4-B11,B11,p5-Day4d5-BCHyLCP16-cell-K4-B11,p5,B11,13960.08008,77506.58594,11804,46962.58203,68090.08594,45201,969.0424269,1339.693121,1382.928764,922.7108,1056.476773,758.1105417,all_epith
exp6,N248,N233,N248T0024_p5-Day4d5-BCHyLCP16-cell,T0024_p5-Day4d5-BCHyLCP16-cell,p5-Day4d5-BCHyLCP16-cell-K4-B12,B12,p5-Day4d5-BCHyLCP16-cell-K4-B12,p5,B12,39561.83984,69837.70313,37125,51398.0625,68197.75781,49392,1040.737652,865.7161975,604.3023562,614.6891307,3418.607502,1611.939784,all_epith
exp6,N248,N233,N248T0025_p5-Day4d5-BCHyLCP16-cell,T0025_p5-Day4d5-BCHyLCP16-cell,p5-Day4d5-BCHyLCP16-cell-K4-C01,C01,p5-Day4d5-BCHyLCP16-cell-K4-C01,p5,C01,178859.0469,96269.73438,121759,44478.28125,92414.20313,31542,752.0065308,73.98541032,1211.985886,2794.780716,2062.033037,1573.481569,all_epith
exp6,N248,N233,N248T0026_p5-Day4d5-BCHyLCP16-cell,T0026_p5-Day4d5-BCHyLCP16-cell,p5-Day4d5-BCHyLCP16-cell-K4-C02,C02,p5-Day4d5-BCHyLCP16-cell-K4-C02,p5,C02,213151.125,106747.4063,130861,78332.38281,114681.2344,44764,2591.632323,186.8825886,1279.761256,1022.635401,4398.469064,1302.461486,all_epith
exp6,N248,N233,N248T0027_p5-Day4d5-BCHyLCP16-cell,T0027_p5-Day4d5-BCHyLCP16-cell,p5-Day4d5-BCHyLCP16-cell-K4-C03,C03,p5-Day4d5-BCHyLCP16-cell-K4-C03,p5,C03,184307.2813,103577.2266,116616,64398.74219,107117.6719,39400,1302.880482,32.92227371,-75.04311724,1065.467128,2408.405637,725.3750668,all_epith
exp6,N248,N233,N248T0028_p5-Day4d5-BCHyLCP16-cell,T0028_p5-Day4d5-BCHyLCP16-cell,p5-Day4d5-BCHyLCP16-cell-K4-C04,C04,p5-Day4d5-BCHyLCP16-cell-K4-C04,p5,C04,129678.6016,97628.02344,87051,41212.92188,103218.9453,26167,13064.88782,49.70481249,3169.181165,1324.55957,2004.722123,5470.63245,all_epith
exp6,N248,N233,N248T0029_p5-Day4d5-BCHyLCP16-cell,T0029_p5-Day4d5-BCHyLCP16-cell,p5-Day4d5-BCHyLCP16-cell-K4-C05,C05,p5-Day4d5-BCHyLCP16-cell-K4-C05,p5,C05,216632.4063,125643.5781,112996,84304.5,116295.7734,47508,17118.54426,176.1756313,2101.452925,15128.19816,3294.609972,3689.122273,all_epith
exp6,N248,N233,N248T0030_p5-Day4d5-BCHyLCP16-cell,T0030_p5-Day4d5-BCHyLCP16-cell,p5-Day4d5-BCHyLCP16-cell-K4-C06,C06,p5-Day4d5-BCHyLCP16-cell-K4-C06,p5,C06,76712.35938,81773.28125,61480,57545.60156,81455.50781,46299,860.5165062,610.1252957,897.6577763,437.2666422,4336.008179,1839.206958,all_epith
exp6,N248,N233,N248T0031_p5-Day4d5-BCHyLCP16-cell,T0031_p5-Day4d5-BCHyLCP16-cell,p5-Day4d5-BCHyLCP16-cell-K4-C07,C07,p5-Day4d5-BCHyLCP16-cell-K4-C07,p5,C07,133130.4375,92441.75,94382,45868.90234,91098.38281,32998,15918.2774,90.99298783,3308.656772,3539.107911,1502.364897,2858.087846,all_epith
exp6,N248,N233,N248T0032_p5-Day4d5-BCHyLCP16-cell,T0032_p5-Day4d5-BCHyLCP16-cell,p5-Day4d5-BCHyLCP16-cell-K4-C08,C08,p5-Day4d5-BCHyLCP16-cell-K4-C08,p5,C08,193112.6094,108831.7656,116288,58528.54297,104644.0234,36655,1978.181772,145.1519595,579.2595412,1107.587809,2506.124064,549.7091614,all_epith
exp6,N248,N233,N248T0033_p5-Day4d5-BCHyLCP16-cell,T0033_p5-Day4d5-BCHyLCP16-cell,p5-Day4d5-BCHyLCP16-cell-K4-C09,C09,p5-Day4d5-BCHyLCP16-cell-K4-C09,p5,C09,60560.83984,93832.21094,42298,54727.12109,104987.9063,34162,1177.251376,964.6477423,1150.27123,729.1950966,4327.61331,2764.553357,all_epith
exp6,N248,N233,N248T0034_p5-Day4d5-BCHyLCP16-cell,T0034_p5-Day4d5-BCHyLCP16-cell,p5-Day4d5-BCHyLCP16-cell-K4-C10,C10,p5-Day4d5-BCHyLCP16-cell-K4-C10,p5,C10,61809.28125,76489.53906,52958,44312.66016,80644.09375,36011,1155.376386,2829.471657,2350.894821,2258.908703,682.655216,2075.436379,all_epith
exp6,N248,N233,N248T0035_p5-Day4d5-BCHyLCP16-cell,T0035_p5-Day4d5-BCHyLCP16-cell,p5-Day4d5-BCHyLCP16-cell-K4-C11,C11,p5-Day4d5-BCHyLCP16-cell-K4-C11,p5,C11,60209.40234,106177.7422,37163,48246.38281,117371.6484,26939,787.6003508,779.3749013,905.3295781,603.7006579,3217.168146,1660.695414,all_epith
exp6,N248,N233,N248T0036_p5-Day4d5-BCHyLCP16-cell,T0036_p5-Day4d5-BCHyLCP16-cell,p5-Day4d5-BCHyLCP16-cell-K4-C12,C12,p5-Day4d5-BCHyLCP16-cell-K4-C12,p5,C12,57899.28125,101462.3125,37398,63735.28125,112726.1641,37054,869.9547587,780.12828,1255.304189,993.4685977,4094.776209,2553.05217,all_epith
exp6,N248,N233,N248T0037_p5-Day4d5-BCHyLCP16-cell,T0037_p5-Day4d5-BCHyLCP16-cell,p5-Day4d5-BCHyLCP16-cell-K4-D01,D01,p5-Day4d5-BCHyLCP16-cell-K4-D01,p5,D01,45944.80078,83210.03906,36186,30008.58008,76161.50781,25822,2842.358695,65.6195298,1821.901514,1245.244845,634.755275,1197.186257,all_epith
exp6,N248,N233,N248T0038_p5-Day4d5-BCHyLCP16-cell,T0038_p5-Day4d5-BCHyLCP16-cell,p5-Day4d5-BCHyLCP16-cell-K4-D02,D02,p5-Day4d5-BCHyLCP16-cell-K4-D02,p5,D02,146691.25,105333.2813,91268,71471.39844,118069.8594,39671,2134.524962,238.0923703,2089.204029,2116.980986,4764.205646,2558.182027,all_epith
exp6,N248,N233,N248T0039_p5-Day4d5-BCHyLCP16-cell,T0039_p5-Day4d5-BCHyLCP16-cell,p5-Day4d5-BCHyLCP16-cell-K4-D03,D03,p5-Day4d5-BCHyLCP16-cell-K4-D03,p5,D03,209752.6406,111301.9609,123505,69913.20313,100936.9688,45393,10636.31433,-190.3823051,797.6933834,12525.82834,2993.068947,768.8854582,all_epith
exp6,N248,N233,N248T0040_p5-Day4d5-BCHyLCP16-cell,T0040_p5-Day4d5-BCHyLCP16-cell,p5-Day4d5-BCHyLCP16-cell-K4-D04,D04,p5-Day4d5-BCHyLCP16-cell-K4-D04,p5,D04,55872.51953,70428.75781,51991,52047.80078,68143.78125,50056,887.4893848,624.5463067,983.1815344,549.4092869,5070.091652,4921.858454,all_epith
exp6,N248,N233,N248T0041_p5-Day4d5-BCHyLCP16-cell,T0041_p5-Day4d5-BCHyLCP16-cell,p5-Day4d5-BCHyLCP16-cell-K4-D05,D05,p5-Day4d5-BCHyLCP16-cell-K4-D05,p5,D05,70326.64063,123925.8594,37191,59086.16016,129110.1172,29992,775.2796983,634.3428644,1230.147925,720.8682118,3029.602873,2093.834936,all_epith
exp6,N248,N233,N248T0042_p5-Day4d5-BCHyLCP16-cell,T0042_p5-Day4d5-BCHyLCP16-cell,p5-Day4d5-BCHyLCP16-cell-K4-D06,D06,p5-Day4d5-BCHyLCP16-cell-K4-D06,p5,D06,48559.44141,69668.59375,45679,26098.38086,68541.45313,24954,919.7456615,1390.90274,1195.360996,1039.306377,518.9366633,1013.874135,all_epith
exp6,N248,N233,N248T0043_p5-Day4d5-BCHyLCP16-cell,T0043_p5-Day4d5-BCHyLCP16-cell,p5-Day4d5-BCHyLCP16-cell-K4-D07,D07,p5-Day4d5-BCHyLCP16-cell-K4-D07,p5,D07,181421.25,107540.9844,110559,47412.40234,101284.9297,30678,1435.786132,63.57603886,1199.398604,6677.550249,2822.471951,1631.962045,all_epith
exp6,N248,N233,N248T0044_p5-Day4d5-BCHyLCP16-cell,T0044_p5-Day4d5-BCHyLCP16-cell,p5-Day4d5-BCHyLCP16-cell-K4-D08,D08,p5-Day4d5-BCHyLCP16-cell-K4-D08,p5,D08,109006.2031,101811.8281,70167,99345.53906,114365.4219,56929,1864.606682,1734.267388,2051.814162,590.2444529,4512.725371,1390.345603,all_epith
exp6,N248,N233,N248T0045_p5-Day4d5-BCHyLCP16-cell,T0045_p5-Day4d5-BCHyLCP16-cell,p5-Day4d5-BCHyLCP16-cell-K4-D09,D09,p5-Day4d5-BCHyLCP16-cell-K4-D09,p5,D09,11111.75977,80716.0625,9022,53190.48047,74208.95313,46974,3378.388239,2163.335673,1582.433781,1181.910531,4365.022275,1237.736459,all_epith
exp6,N248,N233,N248T0046_p5-Day4d5-BCHyLCP16-cell,T0046_p5-Day4d5-BCHyLCP16-cell,p5-Day4d5-BCHyLCP16-cell-K4-D10,D10,p5-Day4d5-BCHyLCP16-cell-K4-D10,p5,D10,129490.9219,103912.3828,81668,28634.62109,85940.58594,21836,10568.21203,103.8353717,1596.562729,1435.887017,4356.679003,594.9350843,all_epith
exp6,N248,N233,N248T0047_p5-Day4d5-BCHyLCP16-cell,T0047_p5-Day4d5-BCHyLCP16-cell,p5-Day4d5-BCHyLCP16-cell-K4-D11,D11,p5-Day4d5-BCHyLCP16-cell-K4-D11,p5,D11,64930.83984,113200.1641,37591,46790.10156,137947.5469,22229,788.5284446,613.876271,814.03546,412.0964856,4937.290331,4017.595796,all_epith
exp6,N248,N233,N248T0048_p5-Day4d5-BCHyLCP16-cell,T0048_p5-Day4d5-BCHyLCP16-cell,p5-Day4d5-BCHyLCP16-cell-K4-D12,D12,p5-Day4d5-BCHyLCP16-cell-K4-D12,p5,D12,26322.12109,74170.03125,23258,68460.84375,68982.9375,65040,2974.144809,4021.203801,2855.929618,1019.803084,3025.570455,1399.429254,all_epith
exp6,N248,N233,N248T0049_p5-Day4d5-BCHyLCP16-nocell,T0049_p5-Day4d5-BCHyLCP16-nocell,p5-Day4d5-BCHyLCP16-nocell-K4-E01,E01,p5-Day4d5-BCHyLCP16-nocell-K4-E01,p5,E01,,,,,,,,,,,,,
exp6,N248,N233,N248T0050_p7-Day4d5-BCHyP15-cell,T0050_p7-Day4d5-BCHyP15-cell,p7-Day4d5-BCHyP15-cell-K4-A01,A01,p7-Day4d5-BCHyP15-cell-K4-A01,p7,A01,146987.4844,89902.58594,107149,36839.17969,81366.02344,29672,9358.059458,75.64853166,616.3458189,3551.855938,346.3932643,2478.667023,all_epith
exp6,N248,N233,N248T0051_p7-Day4d5-BCHyP15-cell,T0051_p7-Day4d5-BCHyP15-cell,p7-Day4d5-BCHyP15-cell-K4-A02,A02,p7-Day4d5-BCHyP15-cell-K4-A02,p7,A02,208649.5625,108676.9297,125823,65102.38281,104855,40690,24415.79709,188.48174,2405.558045,752.6152069,427.6221082,4073.849498,all_epith
exp6,N248,N233,N248T0052_p7-Day4d5-BCHyP15-cell,T0052_p7-Day4d5-BCHyP15-cell,p7-Day4d5-BCHyP15-cell-K4-A03,A03,p7-Day4d5-BCHyP15-cell-K4-A03,p7,A03,147394.125,111655.1406,86513,56466.62109,118150.6484,31321,28374.24636,106.0008768,1485.500972,1613.363035,162.4979742,5999.598393,all_epith
exp6,N248,N233,N248T0053_p7-Day4d5-BCHyP15-cell,T0053_p7-Day4d5-BCHyP15-cell,p7-Day4d5-BCHyP15-cell-K4-A04,A04,p7-Day4d5-BCHyP15-cell-K4-A04,p7,A04,211217.2813,112777.7188,122740,59589.88281,107474,36337,10621.50808,169.1320572,696.7663268,5927.485364,256.1115372,3695.250199,all_epith
exp6,N248,N233,N248T0054_p7-Day4d5-BCHyP15-cell,T0054_p7-Day4d5-BCHyP15-cell,p7-Day4d5-BCHyP15-cell-K4-A05,A05,p7-Day4d5-BCHyP15-cell-K4-A05,p7,A05,151301.3594,94442.30469,104992,33878.60156,84251.05469,26353,12404.36509,112.5683676,1122.419846,3259.268656,381.4507503,2061.566817,all_epith
exp6,N248,N233,N248T0055_p7-Day4d5-BCHyP15-cell,T0055_p7-Day4d5-BCHyP15-cell,p7-Day4d5-BCHyP15-cell-K4-A06,A06,p7-Day4d5-BCHyP15-cell-K4-A06,p7,A06,214415.2031,128614.5781,109256,51460.78125,105024.1016,32112,10076.66406,91.4624597,2333.531131,4204.178933,2831.223697,2362.396945,all_epith
exp6,N248,N233,N248T0056_p7-Day4d5-BCHyP15-cell,T0056_p7-Day4d5-BCHyP15-cell,p7-Day4d5-BCHyP15-cell-K4-A07,A07,p7-Day4d5-BCHyP15-cell-K4-A07,p7,A07,109212.2813,93799.04688,76305,45541.58203,91924.76563,32468,8530.805411,170.1021406,1179.688615,4009.112712,349.129961,2699.569852,all_epith
exp6,N248,N233,N248T0057_p7-Day4d5-BCHyP15-cell,T0057_p7-Day4d5-BCHyP15-cell,p7-Day4d5-BCHyP15-cell-K4-A08,A08,p7-Day4d5-BCHyP15-cell-K4-A08,p7,A08,122892.6797,95731.53906,84130,48770.67969,92695.54688,34481,6319.499877,135.539487,1238.292243,1386.886088,456.7684565,4779.853121,all_epith
exp6,N248,N233,N248T0058_p7-Day4d5-BCHyP15-cell,T0058_p7-Day4d5-BCHyP15-cell,p7-Day4d5-BCHyP15-cell-K4-A09,A09,p7-Day4d5-BCHyP15-cell-K4-A09,p7,A09,160885.9219,98124.95313,107453,44039.24219,99543.21094,28994,8119.32938,74.45997065,3422.816105,7835.232583,975.5054175,3077.005322,all_epith
exp6,N248,N233,N248T0059_p7-Day4d5-BCHyP15-cell,T0059_p7-Day4d5-BCHyP15-cell,p7-Day4d5-BCHyP15-cell-K4-A10,A10,p7-Day4d5-BCHyP15-cell-K4-A10,p7,A10,85938.125,115704.6797,48676,102643.2422,109350.8594,61516,18214.06386,83.77136123,1623.025807,6455.003394,466.8123633,3603.925255,all_epith
exp6,N248,N233,N248T0060_p7-Day4d5-BCHyP15-cell,T0060_p7-Day4d5-BCHyP15-cell,p7-Day4d5-BCHyP15-cell-K4-A11,A11,p7-Day4d5-BCHyP15-cell-K4-A11,p7,A11,157621.7656,100920.3125,102357,51615.62109,98966.67969,34180,16231.37294,112.511932,1730.254358,5539.488869,346.9170999,3640.984867,all_epith
exp6,N248,N233,N248T0061_p7-Day4d5-BCHyP15-cell,T0061_p7-Day4d5-BCHyP15-cell,p7-Day4d5-BCHyP15-cell-K4-A12,A12,p7-Day4d5-BCHyP15-cell-K4-A12,p7,A12,92934.71875,95267.85938,63931,68794.03906,98682.03125,45687,28660.60185,236.206773,1686.936504,7260.642937,1529.863552,4113.128685,all_epith
exp6,N248,N233,N248T0062_p7-Day4d5-BCHyP15-nocell,T0062_p7-Day4d5-BCHyP15-nocell,p7-Day4d5-BCHyP15-nocell-K4-B05,B05,p7-Day4d5-BCHyP15-nocell-K4-B05,p7,B05,,,,,,,,,,,,,
exp6,N248,N233,N248T0063_p7-Day4d5-BCHyP15-cell,T0063_p7-Day4d5-BCHyP15-cell,p7-Day4d5-BCHyP15-cell-K4-B06,B06,p7-Day4d5-BCHyP15-cell-K4-B06,p7,B06,214501.6875,113175.9297,124210,73728.34375,117775.5781,41026,4808.125774,152.783519,1867.124359,942.5447981,2482.369022,2173.682884,all_epith
exp6,N248,N233,N248T0064_p7-Day4d5-BCHyP15-cell,T0064_p7-Day4d5-BCHyP15-cell,p7-Day4d5-BCHyP15-cell-K4-B07,B07,p7-Day4d5-BCHyP15-cell-K4-B07,p7,B07,210957.8438,145770.7188,94843,201394.9063,118163.4063,111698,17958.99716,504.1880113,3590.476248,16544.91524,1658.199541,10544.08415,all_epith
exp6,N248,N233,N248T0065_p7-Day4d5-BCHyP15-cell,T0065_p7-Day4d5-BCHyP15-cell,p7-Day4d5-BCHyP15-cell-K4-B08,B08,p7-Day4d5-BCHyP15-cell-K4-B08,p7,B08,148497.2031,107265.8906,90727,90112.96094,101471.5313,58200,27733.01422,134.9872842,1131.030216,2353.728698,641.0363989,1144.620967,all_epith
exp6,N248,N233,N248T0066_p7-Day4d5-BCHyP15-cell,T0066_p7-Day4d5-BCHyP15-cell,p7-Day4d5-BCHyP15-cell-K4-B09,B09,p7-Day4d5-BCHyP15-cell-K4-B09,p7,B09,199525.9219,107713.7969,121397,66437.14063,106159.4766,41014,26428.06223,58.79825784,865.8145383,8445.401017,906.5538639,4314.335875,all_epith
exp6,N248,N233,N248T0067_p7-Day4d5-BCHyP15-cell,T0067_p7-Day4d5-BCHyP15-cell,p7-Day4d5-BCHyP15-cell-K4-B10,B10,p7-Day4d5-BCHyP15-cell-K4-B10,p7,B10,168449.25,95122.91406,116055,54062.67969,85638.88281,41372,6658.531189,66.13629762,878.2251451,1965.916976,452.5500929,6694.506274,all_epith
exp6,N248,N233,N248T0068_p7-Day4d5-BCHyP15-cell,T0068_p7-Day4d5-BCHyP15-cell,p7-Day4d5-BCHyP15-cell-K4-B11,B11,p7-Day4d5-BCHyP15-cell-K4-B11,p7,B11,95365.35938,81229.3125,76941,29437.24023,75347.5625,25604,6650.04296,68.98580176,438.9154891,3035.732451,204.0383181,1859.085547,all_epith
exp6,N248,N233,N248T0069_p7-Day4d5-BCHyP15-cell,T0069_p7-Day4d5-BCHyP15-cell,p7-Day4d5-BCHyP15-cell-K4-B12,B12,p7-Day4d5-BCHyP15-cell-K4-B12,p7,B12,195913.0781,111812.8672,114829,98249.89844,106823.7031,60276,6490.781941,-156.1297376,-1859.487512,7077.684095,1218.818671,3446.946599,all_epith
exp6,N248,N233,N248T0070_p8-Day4d5-BCHyLCP16-cell,T0070_p8-Day4d5-BCHyLCP16-cell,p8-Day4d5-BCHyLCP16-cell-K4-A01,A01,p8-Day4d5-BCHyLCP16-cell-K4-A01,p8,A01,36589.32031,88979.83594,26949,61103,97992.08594,40865,920.5259204,1881.203732,1978.29689,2359.521802,612.9652555,1828.002017,all_epith
exp6,N248,N233,N248T0071_p8-Day4d5-BCHyLCP16-cell,T0071_p8-Day4d5-BCHyLCP16-cell,p8-Day4d5-BCHyLCP16-cell-K4-A02,A02,p8-Day4d5-BCHyLCP16-cell-K4-A02,p8,A02,165047.0781,98112.64063,110246,46654.85938,90831.58594,33662,4730.426399,106.326416,822.7636568,7885.087793,1243.441942,1239.058831,all_epith
exp6,N248,N233,N248T0072_p8-Day4d5-BCHyLCP16-cell,T0072_p8-Day4d5-BCHyLCP16-cell,p8-Day4d5-BCHyLCP16-cell-K4-A03,A03,p8-Day4d5-BCHyLCP16-cell-K4-A03,p8,A03,151723.6406,95789.76563,103804,44082.35938,106095.5469,27230,17058.48753,144.976926,1160.492161,7582.41687,2869.059693,2860.382352,all_epith
exp6,N248,N233,N248T0073_p8-Day4d5-BCHyLCP16-cell,T0073_p8-Day4d5-BCHyLCP16-cell,p8-Day4d5-BCHyLCP16-cell-K4-A04,A04,p8-Day4d5-BCHyLCP16-cell-K4-A04,p8,A04,63383.40234,78123.32031,53171,54157.74219,78449.3125,45243,744.3020309,688.8221654,1015.090061,1220.117927,2690.004247,2453.927646,all_epith
exp6,N248,N233,N248T0074_p8-Day4d5-BCHyLCP16-cell,T0074_p8-Day4d5-BCHyLCP16-cell,p8-Day4d5-BCHyLCP16-cell-K4-A05,A05,p8-Day4d5-BCHyLCP16-cell-K4-A05,p8,A05,152688.7188,99447.51563,100622,44377.33984,100588.4375,28913,3095.219988,74.18553813,972.3011685,10431.45184,2487.142058,1544.892449,all_epith
exp6,N248,N233,N248T0075_p8-Day4d5-BCHyLCP16-cell,T0075_p8-Day4d5-BCHyLCP16-cell,p8-Day4d5-BCHyLCP16-cell-K4-A06,A06,p8-Day4d5-BCHyLCP16-cell-K4-A06,p8,A06,196872.6406,105528.6172,122263,54205.76172,105469.6484,33682,1142.852908,70.68815643,337.3220571,2313.841535,2868.506166,473.1111162,all_epith
exp6,N248,N233,N248T0076_p8-Day4d5-BCHyLCP16-cell,T0076_p8-Day4d5-BCHyLCP16-cell,p8-Day4d5-BCHyLCP16-cell-K4-A07,A07,p8-Day4d5-BCHyLCP16-cell-K4-A07,p8,A07,42526.08203,97413.11719,28610,34710.62109,107013.9375,21257,768.833604,593.0501652,1413.252623,539.2221817,3017.373692,2278.502582,all_epith
exp6,N248,N233,N248T0077_p8-Day4d5-BCHyLCP16-cell,T0077_p8-Day4d5-BCHyLCP16-cell,p8-Day4d5-BCHyLCP16-cell-K4-A08,A08,p8-Day4d5-BCHyLCP16-cell-K4-A08,p8,A08,83981.28125,92390.54688,59571,67783.66406,99488.70313,44651,880.375204,393.0561643,653.7656079,885.2773509,2761.432271,706.2482244,all_epith
exp6,N248,N233,N248T0078_p8-Day4d5-BCHyLCP16-cell,T0078_p8-Day4d5-BCHyLCP16-cell,p8-Day4d5-BCHyLCP16-cell-K4-A09,A09,p8-Day4d5-BCHyLCP16-cell-K4-A09,p8,A09,59944.44141,116958.4922,33589,48159.16016,115873.3594,27238,748.8246278,606.2383508,1098.581932,718.4862531,2875.791445,1394.493619,all_epith
exp6,N248,N233,N248T0079_p8-Day4d5-BCHyLCP16-cell,T0079_p8-Day4d5-BCHyLCP16-cell,p8-Day4d5-BCHyLCP16-cell-K4-A10,A10,p8-Day4d5-BCHyLCP16-cell-K4-A10,p8,A10,132405.4844,95316.47656,91037,93367.53906,99627.71875,61418,1335.873506,592.424529,1688.571874,1032.794124,4781.87616,510.7714246,all_epith
exp6,N248,N233,N248T0080_p8-Day4d5-BCHyLCP16-cell,T0080_p8-Day4d5-BCHyLCP16-cell,p8-Day4d5-BCHyLCP16-cell-K4-A11,A11,p8-Day4d5-BCHyLCP16-cell-K4-A11,p8,A11,24217.16016,88952.78906,17842,59899.5625,81662.07813,48071,2826.922905,6345.93736,2855.319447,1728.717933,1554.917585,1866.054328,all_epith
exp6,N248,N233,N248T0081_p8-Day4d5-BCHyLCP16-cell,T0081_p8-Day4d5-BCHyLCP16-cell,p8-Day4d5-BCHyLCP16-cell-K4-A12,A12,p8-Day4d5-BCHyLCP16-cell-K4-A12,p8,A12,61875.51953,79171.28906,51219,60868.78125,80349.19531,49647,1281.62095,1224.079246,1542.849882,744.6449648,2801.875862,1845.785357,all_epith
exp6,N248,N233,N248T0082_p8-Day4d5-BCHyLCP16-cell,T0082_p8-Day4d5-BCHyLCP16-cell,p8-Day4d5-BCHyLCP16-cell-K4-B01,B01,p8-Day4d5-BCHyLCP16-cell-K4-B01,p8,B01,207904.3594,120518.5078,113055,100911.5781,118124.9141,55986,2047.071601,236.8978649,2562.785508,8556.6393,4546.259926,871.7162798,all_epith
exp6,N248,N233,N248T0083_p8-Day4d5-BCHyLCP16-cell,T0083_p8-Day4d5-BCHyLCP16-cell,p8-Day4d5-BCHyLCP16-cell-K4-B02,B02,p8-Day4d5-BCHyLCP16-cell-K4-B02,p8,B02,14286.68066,70387.30469,13302,61750.78125,64181.48047,63054,4644.560866,6771.384766,2865.501244,951.0093886,3675.825075,1087.869015,all_epith
exp6,N248,N233,N248T0084_p8-Day4d5-BCHyLCP16-cell,T0084_p8-Day4d5-BCHyLCP16-cell,p8-Day4d5-BCHyLCP16-cell-K4-B03,B03,p8-Day4d5-BCHyLCP16-cell-K4-B03,p8,B03,31829.24023,90277.89844,23106,59708.46094,98337.69531,39792,864.2378836,689.2277818,1194.77864,517.5389058,3335.566091,1681.712061,all_epith
exp6,N248,N233,N248T0085_p8-Day4d5-BCHyLCP16-cell,T0085_p8-Day4d5-BCHyLCP16-cell,p8-Day4d5-BCHyLCP16-cell-K4-B04,B04,p8-Day4d5-BCHyLCP16-cell-K4-B04,p8,B04,30575.28125,76988.57813,26027,46238.35938,82116.88281,36902,2286.239426,3401.765299,3018.416805,3056.555708,1498.014784,2747.759859,all_epith
exp6,N248,N233,N248T0086_p8-Day4d5-BCHyLCP16-cell,T0086_p8-Day4d5-BCHyLCP16-cell,p8-Day4d5-BCHyLCP16-cell-K4-B05,B05,p8-Day4d5-BCHyLCP16-cell-K4-B05,p8,B05,71191.4375,78723.08594,59266,60060.28125,69744.67969,56436,1403.541855,1315.445056,1322.586665,715.9053781,3520.292749,2364.945102,all_epith
exp6,N248,N233,N248T0087_p8-Day4d5-BCHyLCP16-cell,T0087_p8-Day4d5-BCHyLCP16-cell,p8-Day4d5-BCHyLCP16-cell-K4-B06,B06,p8-Day4d5-BCHyLCP16-cell-K4-B06,p8,B06,171621.4063,111798.5313,100604,73829.28125,104198.8984,46435,28279.55408,173.2987183,1321.66781,8876.200676,3983.58057,2671.558633,all_epith
exp6,N248,N233,N248T0088_p8-Day4d5-BCHyLCP16-cell,T0088_p8-Day4d5-BCHyLCP16-cell,p8-Day4d5-BCHyLCP16-cell-K4-B07,B07,p8-Day4d5-BCHyLCP16-cell-K4-B07,p8,B07,38959.24219,70064.83594,36441,43637.44141,67675.3125,42258,1059.727516,1683.66308,3178.229797,2678.993188,654.3559416,2619.507932,all_epith
exp6,N248,N233,N248T0089_p8-Day4d5-BCHyLCP16-cell,T0089_p8-Day4d5-BCHyLCP16-cell,p8-Day4d5-BCHyLCP16-cell-K4-B08,B08,p8-Day4d5-BCHyLCP16-cell-K4-B08,p8,B08,35954.51953,92393.65625,25503,69524.14063,88654.99219,51394,1294.736379,938.7604626,917.2014481,596.0594068,5076.867307,1177.053402,all_epith
exp6,N248,N233,N248T0090_p8-Day4d5-BCHyLCP16-cell,T0090_p8-Day4d5-BCHyLCP16-cell,p8-Day4d5-BCHyLCP16-cell-K4-B09,B09,p8-Day4d5-BCHyLCP16-cell-K4-B09,p8,B09,54727.12109,82760.60938,43337,114427.7422,77549.73438,96701,4172.712936,5149.446489,3258.652765,588.4614018,4550.139365,1221.905864,all_epith
exp6,N248,N233,N248T0091_p8-Day4d5-BCHyLCP16-cell,T0091_p8-Day4d5-BCHyLCP16-cell,p8-Day4d5-BCHyLCP16-cell-K4-B10,B10,p8-Day4d5-BCHyLCP16-cell-K4-B10,p8,B10,128620.6016,97145.10156,86770,53913.72266,92190.41406,38326,804.6033108,70.82175925,1193.221399,364.686909,5355.672494,2168.277055,all_epith
exp6,N248,N233,N248T0092_p8-Day4d5-BCHyLCP16-cell,T0092_p8-Day4d5-BCHyLCP16-cell,p8-Day4d5-BCHyLCP16-cell-K4-B11,B11,p8-Day4d5-BCHyLCP16-cell-K4-B11,p8,B11,75409.64063,129746.5547,38090,57785.69922,133294.9688,28411,941.2794041,825.6914174,1101.076559,588.2037136,5006.219861,5615.400305,all_epith
exp6,N248,N233,N248T0093_p8-Day4d5-BCHyLCP16-cell,T0093_p8-Day4d5-BCHyLCP16-cell,p8-Day4d5-BCHyLCP16-cell-K4-B12,B12,p8-Day4d5-BCHyLCP16-cell-K4-B12,p8,B12,179342.0469,95611.75,122928,54082.28125,87800.64844,40368,10342.11332,70.83187956,2701.423994,8129.71466,2989.983683,3309.665776,all_epith
exp6,N248,N233,N248T0094_p8-Day4d5-BCHyLCP16-cell,T0094_p8-Day4d5-BCHyLCP16-cell,p8-Day4d5-BCHyLCP16-cell-K4-C01,C01,p8-Day4d5-BCHyLCP16-cell-K4-C01,p8,C01,62660.28125,103225.1797,39782,52287.90234,145133.2031,23611,735.2512209,774.1428607,1486.709255,328.0573786,2894.457965,3836.658011,all_epith
exp6,N248,N233,N248T0095_p8-Day4d5-BCHyLCP16-cell,T0095_p8-Day4d5-BCHyLCP16-cell,p8-Day4d5-BCHyLCP16-cell-K4-C02,C02,p8-Day4d5-BCHyLCP16-cell-K4-C02,p8,C02,91401.07813,96213.51563,62258,43214.08203,106489.1172,26595,1679.156992,1651.451318,1857.456766,708.6249484,3648.564487,935.5073804,all_epith
exp6,N248,N233,N248T0096_p8-Day4d5-BCHyLCP16-cell,T0096_p8-Day4d5-BCHyLCP16-cell,p8-Day4d5-BCHyLCP16-cell-K4-C03,C03,p8-Day4d5-BCHyLCP16-cell-K4-C03,p8,C03,119690.1641,92758.32031,84564,27011.74023,87350.3125,20266,7630.432342,13.19089222,811.8233847,4404.742745,1880.123281,401.2931441,all_epith
exp6,N248,N233,N248T0097_p8-Day4d5-BCHyLCP16-cell,T0097_p8-Day4d5-BCHyLCP16-cell,p8-Day4d5-BCHyLCP16-cell-K4-C04,C04,p8-Day4d5-BCHyLCP16-cell-K4-C04,p8,C04,110538.9219,100841.875,71838,57202.60156,109830.0703,34133,1768.47828,1741.754692,2043.870416,739.1588657,3468.892755,1177.877731,all_epith
exp6,N248,N233,N248T0098_p8-Day4d5-BCHyLCP16-cell,T0098_p8-Day4d5-BCHyLCP16-cell,p8-Day4d5-BCHyLCP16-cell-K4-C05,C05,p8-Day4d5-BCHyLCP16-cell-K4-C05,p8,C05,13772.40039,77561.92188,11637,75747.14063,60545.98047,81990,1545.501812,3730.447942,3555.430776,3176.646262,622.1906292,3078.804354,all_epith
exp6,N248,N233,N248T0099_p8-Day4d5-BCHyLCP16-cell,T0099_p8-Day4d5-BCHyLCP16-cell,p8-Day4d5-BCHyLCP16-cell-K4-C06,C06,p8-Day4d5-BCHyLCP16-cell-K4-C06,p8,C06,44152.64063,75625.61719,38262,43148.42188,73156.07813,38654,907.2590139,2219.791454,2313.822208,1188.160305,633.3908369,1172.626202,all_epith
exp6,N248,N233,N248T0100_p8-Day4d5-BCHyLCP16-cell,T0100_p8-Day4d5-BCHyLCP16-cell,p8-Day4d5-BCHyLCP16-cell-K4-C07,C07,p8-Day4d5-BCHyLCP16-cell-K4-C07,p8,C07,130401.7188,94278.92188,90646,59550.67969,96990.74219,40238,2220.877053,172.7566675,2320.43078,2495.022237,5085.934358,2606.138608,all_epith
exp6,N248,N233,N248T0101_p8-Day4d5-BCHyLCP16-cell,T0101_p8-Day4d5-BCHyLCP16-cell,p8-Day4d5-BCHyLCP16-cell-K4-C08,C08,p8-Day4d5-BCHyLCP16-cell-K4-C08,p8,C08,60375.92188,86547.89063,45718,54494.85938,91148.36719,39182,840.2262395,610.8668231,726.212247,535.2230305,3025.48038,2161.839483,all_epith
exp6,N248,N233,N248T0102_p8-Day4d5-BCHyLCP16-cell,T0102_p8-Day4d5-BCHyLCP16-cell,p8-Day4d5-BCHyLCP16-cell-K4-C09,C09,p8-Day4d5-BCHyLCP16-cell-K4-C09,p8,C09,123384.8828,100569.0313,80404,62901.30078,91450.17969,45077,11383.89383,220.871364,1005.728524,6229.550978,4354.247605,1589.773571,all_epith
exp6,N248,N233,N248T0103_p8-Day4d5-BCHyLCP16-cell,T0103_p8-Day4d5-BCHyLCP16-cell,p8-Day4d5-BCHyLCP16-cell-K4-C10,C10,p8-Day4d5-BCHyLCP16-cell-K4-C10,p8,C10,57353.72266,80205.13281,46864,53434.5,89983.39063,38917,1335.433039,1269.565895,2931.262098,668.2619531,3168.201705,1061.993855,all_epith
exp6,N248,N233,N248T0104_p8-Day4d5-BCHyLCP16-cell,T0104_p8-Day4d5-BCHyLCP16-cell,p8-Day4d5-BCHyLCP16-cell-K4-C11,C11,p8-Day4d5-BCHyLCP16-cell-K4-C11,p8,C11,188361.7188,106013.0156,116443,62909.14063,116906.1875,35266,809.2552847,56.00520974,732.6095514,1502.510061,4596.747071,713.5272981,all_epith
exp6,N248,N233,N248T0105_p8-Day4d5-BCHyLCP16-cell,T0105_p8-Day4d5-BCHyLCP16-cell,p8-Day4d5-BCHyLCP16-cell-K4-C12,C12,p8-Day4d5-BCHyLCP16-cell-K4-C12,p8,C12,88168.20313,81073.53125,71271,72131.92188,76997.10938,61395,1738.739964,1745.819542,2534.368461,814.9752394,2986.159742,1882.885215,all_epith
exp6,N248,N233,N248T0106_p8-Day4d5-BCHyLCP16-cell,T0106_p8-Day4d5-BCHyLCP16-cell,p8-Day4d5-BCHyLCP16-cell-K4-D01,D01,p8-Day4d5-BCHyLCP16-cell-K4-D01,p8,D01,185877.7188,115676.7031,105308,90529.46094,107785.3906,55044,23689.17188,95.72055437,283.1732614,12722.18093,2748.45518,1182.754462,all_epith
exp6,N248,N233,N248T0107_p8-Day4d5-BCHyLCP16-cell,T0107_p8-Day4d5-BCHyLCP16-cell,p8-Day4d5-BCHyLCP16-cell-K4-D02,D02,p8-Day4d5-BCHyLCP16-cell-K4-D02,p8,D02,29810.75977,88553.98438,22062,39062.80078,99969.53125,25608,862.958137,680.4613155,2080.028225,360.8996663,3491.233134,2934.039522,all_epith
exp6,N248,N233,N248T0108_p8-Day4d5-BCHyLCP16-cell,T0108_p8-Day4d5-BCHyLCP16-cell,p8-Day4d5-BCHyLCP16-cell-K4-D03,D03,p8-Day4d5-BCHyLCP16-cell-K4-D03,p8,D03,55662.76172,73394.25781,49703,41954.78125,71541.34375,38433,876.2108341,808.9292715,974.6091696,1079.726138,3512.952635,3010.044301,all_epith
exp6,N248,N233,N248T0109_p8-Day4d5-BCHyLCP16-cell,T0109_p8-Day4d5-BCHyLCP16-cell,p8-Day4d5-BCHyLCP16-cell-K4-D04,D04,p8-Day4d5-BCHyLCP16-cell-K4-D04,p8,D04,89904.24219,118505.2969,49719,74378.07813,123597.6016,39438,2124.108983,1718.098395,2172.515724,587.4406714,4211.582229,1700.195509,all_epith
exp6,N248,N233,N248T0110_p8-Day4d5-BCHyLCP16-cell,T0110_p8-Day4d5-BCHyLCP16-cell,p8-Day4d5-BCHyLCP16-cell-K4-D05,D05,p8-Day4d5-BCHyLCP16-cell-K4-D05,p8,D05,47035,98526.04688,31286,71738.9375,114305.0938,41131,1023.676858,798.318274,827.6149118,630.3998059,3344.24896,1240.221948,all_epith
exp6,N248,N233,N248T0111_p8-Day4d5-BCHyLCP16-cell,T0111_p8-Day4d5-BCHyLCP16-cell,p8-Day4d5-BCHyLCP16-cell-K4-D06,D06,p8-Day4d5-BCHyLCP16-cell-K4-D06,p8,D06,8446.520508,65820.59375,8410,51585.24219,60737.15234,55661,857.1296143,1628.413864,1614.075004,891.1088313,264.1249618,1083.712194,all_epith
exp6,N248,N233,N248T0112_p8-Day4d5-BCHyLCP16-cell,T0112_p8-Day4d5-BCHyLCP16-cell,p8-Day4d5-BCHyLCP16-cell-K4-D07,D07,p8-Day4d5-BCHyLCP16-cell-K4-D07,p8,D07,182281.4375,102215.2266,116871,48373.78125,101340.1563,31283,1382.141676,62.58254975,274.5451422,2005.251526,4850.051031,345.3431785,all_epith
exp6,N248,N233,N248T0113_p8-Day4d5-BCHyLCP16-cell,T0113_p8-Day4d5-BCHyLCP16-cell,p8-Day4d5-BCHyLCP16-cell-K4-D08,D08,p8-Day4d5-BCHyLCP16-cell-K4-D08,p8,D08,43227.12109,70740.1875,40047,35609.28125,68029.67969,34304,1212.3212,1710.571354,3122.567402,827.5862876,1135.018415,918.3597922,all_epith
exp6,N248,N233,N248T0114_p8-Day4d5-BCHyLCP16-cell,T0114_p8-Day4d5-BCHyLCP16-cell,p8-Day4d5-BCHyLCP16-cell-K4-D09,D09,p8-Day4d5-BCHyLCP16-cell-K4-D09,p8,D09,48185.92188,75175.86719,42007,81340.98438,71488.60938,74568,1332.297722,888.2856447,1195.648649,642.0449629,4277.825645,1244.883176,all_epith
exp6,N248,N233,N248T0115_p8-Day4d5-BCHyLCP16-cell,T0115_p8-Day4d5-BCHyLCP16-cell,p8-Day4d5-BCHyLCP16-cell-K4-D10,D10,p8-Day4d5-BCHyLCP16-cell-K4-D10,p8,D10,44500.40234,83666.9375,34857,52154.62109,89252.28125,38296,746.8607146,700.6779409,1026.098838,579.3593357,2989.337083,1474.550593,all_epith
exp6,N248,N233,N248T0116_p8-Day4d5-BCHyLCP16-cell,T0116_p8-Day4d5-BCHyLCP16-cell,p8-Day4d5-BCHyLCP16-cell-K4-D11,D11,p8-Day4d5-BCHyLCP16-cell-K4-D11,p8,D11,165680.0469,101339.3828,107145,57880.76172,94893.52344,39974,21174.94078,66.64350412,711.9691946,11855.90611,4141.89327,1193.761423,all_epith
exp6,N248,N233,N248T0117_p8-Day4d5-BCHyLCP16-cell,T0117_p8-Day4d5-BCHyLCP16-cell,p8-Day4d5-BCHyLCP16-cell-K4-D12,D12,p8-Day4d5-BCHyLCP16-cell-K4-D12,p8,D12,195986.6875,99540.30469,129035,65542.39844,90152.08594,47646,20470.65381,128.1400635,1033.030512,14356.46578,3904.892383,837.1171693,all_epith
exp6,N248,N233,N248T0118_p8-Day4d5-BCHyLCP16-nocell,T0118_p8-Day4d5-BCHyLCP16-nocell,p8-Day4d5-BCHyLCP16-nocell-K4-E01,E01,p8-Day4d5-BCHyLCP16-nocell-K4-E01,p8,E01,,,,,,,,,,,,,
exp7,N248,N242,,,,A01,9-Day0-BCP13-K4-A01,p9,A01,115383.6406,85489.27344,88453,35105.5625,91598.44531,25117,12677.05491,39.56903563,1065.286149,923.55392,403.6267107,5490.02876,basal
exp7,N248,N242,,,,B01,9-Day0-BCP13-K4-B01,p9,B01,122096.8828,89465.91406,89439,53331.60156,104366.8125,33489,13009.24167,85.21159774,714.8087672,1274.443303,1034.451322,4969.673075,basal
exp7,N248,N242,,,,C01,9-Day0-BCP13-K4-C01,p9,C01,125879.9219,88189.28906,93545,42181.16016,93438.72656,29585,13869.06762,23.77340917,918.1153933,1185.658809,577.2445846,5746.541732,basal
exp7,N248,N242,,,,D01,9-Day0-BCP13-K4-D01,p9,D01,115195.9609,93610.28906,80648,43702.12109,103729.0313,27611,6937.887631,24.39873356,1364.836724,674.4972133,2651.717821,3371.542547,basal
exp7,N248,N242,,,,E01,9-Day0-BCP13-K4-E01,p9,E01,148664.6406,101669.4922,95829,47511.38281,105022.4609,29648,18394.60724,129.5965211,958.606132,1261.289401,770.3087092,10200.29445,basal
exp7,N248,N242,,,,F01,9-Day0-BCP13-K4-F01,p9,F01,120291.8438,98464.3125,80064,39067.69922,103481.5625,24742,5376.576837,110.7876266,185.8855416,852.6764796,2232.216548,2744.570277,basal
exp7,N248,N242,,,,G01,9-Day0-BCP13-K4-G01,p9,G01,157153.4844,102953,100038,60054.40234,94642.90625,41585,14674.24006,-24.08849129,-88.02923957,891.1941195,3833.336059,4583.979167,basal
exp7,N248,N242,,,,H01,9-Day0-BCP13-K4-H01,p9,H01,168336.0781,103079.4063,107025,55917.82031,101218.9063,36205,21132.23996,123.0499317,444.475526,727.7385502,1002.710231,7992.7082,basal
exp7,N248,N242,,,,I01,9-Day0-BCP13-K4-I01,p9,I01,114758.0391,91375.875,82306,46485.32031,96081.69531,31707,16244.13339,-132.4065491,-738.3650445,1079.511212,142.8633417,6486.521073,basal
exp7,N248,N242,,,,J01,9-Day0-BCP13-K4-J01,p9,J01,125361.9609,86513.16406,94965,41717.62109,84317.84375,32425,15179.42643,74.42553825,638.590053,878.5874584,2316.330508,6224.799511,basal
exp7,N248,N242,,,,K01,9-Day0-BCP13-K4-K01,p9,K01,135820.5156,92006.13281,96745,56763.5625,87516.33594,42507,16934.12727,140.9901141,546.388403,981.6094522,959.5548309,6429.856034,basal
exp7,N248,N242,,,,L01,9-Day0-BCP13-K4-L01,p9,L01,139377.25,89572.32031,101976,48250.30078,94335.67188,33520,18150.66299,57.36824616,257.2555596,1284.719432,1820.428596,6375.838238,basal
exp7,N248,N242,,,,M01,9-Day0-BCP13-K4-M01,p9,M01,110928.0781,85575.17969,84952,36560.85938,82585.48438,29013,11765.87075,68.70712352,593.5820264,812.1680805,736.3212386,6613.136761,basal
exp7,N248,N242,,,,N01,9-Day0-BCP13-K4-N01,p9,N01,144907.3594,95427.40625,99517,64339.94141,98839.27344,42661,19118.34984,138.4117121,69.51688802,1534.980139,4665.128603,4941.085879,basal
exp7,N248,N242,,,,O01,9-Day0-BCP13-K4-O01,p9,O01,138461.8438,93379.38281,97176,50305.35938,104910.4844,31425,17610.50346,105.6389719,584.291395,1053.3344,3375.210829,4622.912221,basal
exp7,N248,N242,,,,P01,9-Day0-BCP13-K4-P01,p9,P01,197561.7188,114943.9766,112641,62102.60156,101270.3984,40189,15594.65528,115.9860187,-59.97806766,1075.09739,3288.567418,8573.255677,basal
exp7,N248,N242,,,,A02,9-Day0-BCP13-K4-A02,p9,A02,107312.4844,83552.10156,84173,28507.2207,89673.09375,20834,15734.55059,32.47681399,364.7114899,676.0485727,214.6102087,4074.659954,basal
exp7,N248,N242,,,,B02,9-Day0-BCP13-K4-B02,p9,B02,84107.32031,90136.99219,61152,55419,91224.96875,39813,6493.645496,125.4883342,473.1513673,541.7862035,1081.564992,6644.391756,basal
exp7,N248,N242,,,,C02,9-Day0-BCP13-K4-C02,p9,C02,166618.4375,102718.6563,106305,50078,109685.8984,29921,18927.48042,119.6771837,370.4596595,1528.828223,641.8306008,11760.16882,basal
exp7,N248,N242,,,,D02,9-Day0-BCP13-K4-D02,p9,D02,144364.5625,90992.88281,103976,33494.44141,93194.01563,23554,18557.80293,112.4157805,782.673143,844.9608103,725.3359856,6083.33914,basal
exp7,N248,N242,,,,E02,9-Day0-BCP13-K4-E02,p9,E02,115103.9609,96789.125,77937,67412.24219,102033.0547,43299,9037.169132,90.27820379,562.1165697,1020.154748,1206.887944,5245.866728,basal
exp7,N248,N242,,,,F02,9-Day0-BCP13-K4-F02,p9,F02,,,,,,,,,,,,,basal
exp7,N248,N242,,,,G02,9-Day0-BCP13-K4-G02,p9,G02,129926.0859,94845.35156,89776,45184.85938,94641.39844,31289,6679.783865,26.79446408,541.1579316,1954.400489,689.201586,7600.639931,basal
exp7,N248,N242,,,,H02,9-Day0-BCP13-K4-H02,p9,H02,151961,102398.9922,97256,60420.92188,98173.89063,40334,16643.57389,146.085763,-20.71790289,1611.255685,3915.97608,5987.629259,basal
exp7,N248,N242,,,,I02,9-Day0-BCP13-K4-I02,p9,I02,129990.4844,99397.4375,85707,53877.46094,100641.7031,35084,13088.88676,90.29769844,227.279199,941.0156192,1581.943685,5243.081833,basal
exp7,N248,N242,,,,J02,9-Day0-BCP13-K4-J02,p9,J02,117576.9219,96115.96875,80169,33772.76172,100803.0078,21957,6778.836804,79.4533594,519.9680818,658.8405589,1587.210121,4363.719156,basal
exp7,N248,N242,,,,K02,9-Day0-BCP13-K4-K02,p9,K02,124636.0859,92118.53906,88670,26200.30078,88792.17188,19338,11343.272,6.43016085,285.7441469,446.695571,718.9779673,3224.198717,basal
exp7,N248,N242,,,,L02,9-Day0-BCP13-K4-L02,p9,L02,128772.3984,91191.51563,92544,40898.33984,87477.60156,30640,13853.68913,93.52248865,402.4900248,1240.231281,980.9199099,4782.406664,basal
exp7,N248,N242,,,,M02,9-Day0-BCP13-K4-M02,p9,M02,129021.7188,94043.75781,89911,47838.69922,90955.85156,34469,12361.38099,91.15301317,70.44415629,922.4476027,2177.981409,3263.790457,basal
exp7,N248,N242,,,,N02,9-Day0-BCP13-K4-N02,p9,N02,135843.5156,88847.82813,100201,37446.78125,87362.9375,28091,16034.20023,26.95605437,300.5040471,840.2077819,1834.953007,5006.178547,basal
exp7,N248,N242,,,,O02,9-Day0-BCP13-K4-O02,p9,O02,106757.7188,85234.5,82085,33683.58203,80892.9375,27289,5493.28238,81.8595265,183.0374792,916.7434904,905.1037878,4591.405049,basal
exp7,N248,N242,,,,P02,9-Day0-BCP13-K4-P02,p9,P02,81117.32031,85103.97656,62466,29605.80078,85244.3125,22761,16833.05771,112.0785248,-139.0097165,1495.697006,1186.153373,5417.246031,basal
exp7,N248,N242,,,,A03,9-Day0-BCP13-K4-A03,p9,A03,104963.7188,90098.13281,76349,56010.92188,94731.00781,38749,4144.306765,65.27349694,141.8258556,745.5980042,4828.306248,3246.578832,basal
exp7,N248,N242,,,,B03,9-Day0-BCP13-K4-B03,p9,B03,61743.96094,86107.55469,46993,85459.92188,89586.86719,62517,16270.14184,53.11352521,-43.56899967,1330.305451,694.386126,2412.305644,basal
exp7,N248,N242,,,,C03,9-Day0-BCP13-K4-C03,p9,C03,136871.1563,91418.54688,98120,32806.48047,93743.42969,22935,13139.1646,95.18782899,527.7090108,1743.698326,685.3146244,7115.88314,basal
exp7,N248,N242,,,,D03,9-Day0-BCP13-K4-D03,p9,D03,134827.8438,90767.94531,97348,57019.33984,92621.625,40345,3622.600066,78.77947128,55.15048081,699.2723687,2081.244039,3602.861137,basal
exp7,N248,N242,,,,E03,9-Day0-BCP13-K4-E03,p9,E03,104497.2813,91255.15625,75046,33378.80078,91306.17188,23958,10324.63739,119.4180224,161.0102858,1216.995708,370.9827769,3368.787052,basal
exp7,N248,N242,,,,F03,9-Day0-BCP13-K4-F03,p9,F03,170936.9219,109197.0234,102590,63649.04297,98736.09375,42247,22447.6891,75.34251348,163.4413065,1626.971296,1165.621881,9379.454696,basal
exp7,N248,N242,,,,G03,9-Day0-BCP13-K4-G03,p9,G03,160209.7188,112995.1016,92920,57932.69922,125456.0781,30263,7790.772866,97.81167887,1036.216952,863.5304002,1812.464071,6883.909192,basal
exp7,N248,N242,,,,H03,9-Day0-BCP13-K4-H03,p9,H03,101666.4453,89722.76563,74260,38410.12109,86687.98438,29038,13719.56703,28.97648724,-30.46782223,607.2236967,2126.270654,2431.882108,basal
exp7,N248,N242,,,,I03,9-Day0-BCP13-K4-I03,p9,I03,170609.4063,118727.6563,94174,34019.71875,145710.5,15301,15213.23203,88.99466243,362.4772005,522.7841835,1499.396992,3857.828768,basal
exp7,N248,N242,,,,J03,9-Day0-BCP13-K4-J03,p9,J03,184770.9688,106557.125,113640,76144.03906,101030.0156,49393,21949.87566,126.5688642,1014.652979,1487.073921,2938.649419,10918.5169,basal
exp7,N248,N242,,,,K03,9-Day0-BCP13-K4-K03,p9,K03,115976.125,91829.20313,82769,50718.92188,106782.1719,31128,10101.30363,156.0536964,160.5631942,935.8528816,3198.3866,1849.435226,basal
exp7,N248,N242,,,,L03,9-Day0-BCP13-K4-L03,p9,L03,38571.92188,76555.10156,33020,48157.19922,89530.24219,35251,2302.303298,189.8798442,1103.34284,405.8642166,1200.990148,2874.250897,basal
exp7,N248,N242,,,,M03,9-Day0-BCP13-K4-M03,p9,M03,113820.5625,88598.15625,84193,39227.44141,94417.86719,27228,13857.10841,82.60926142,702.5975928,2546.670409,1229.698545,4484.302187,basal
exp7,N248,N242,,,,N03,9-Day0-BCP13-K4-N03,p9,N03,177008.9219,107510.1953,107901,44180.35938,112938.4844,25637,7194.9255,69.4866716,156.4415488,795.9400648,3266.319046,7501.755106,basal
exp7,N248,N242,,,,O03,9-Day0-BCP13-K4-O03,p9,O03,88860.96094,88418.4375,65864,59423.28125,83979.13281,46373,20009.04791,41.84333476,54.28594287,1856.021846,939.1364903,7165.095625,basal
exp7,N248,N242,,,,P03,9-Day0-BCP13-K4-P03,p9,P03,200510.3281,115596.3359,113677,68556.88281,122905.7891,36556,12485.49315,49.96432131,259.1284594,3820.356772,2273.538563,8147.792319,basal
exp7,N248,N242,,,,A04,9-Day0-BCP13-K4-A04,p9,A04,144290.9688,95709.125,98802,54697.72266,93088.97656,38508,17458.73548,173.5665443,304.2287502,1033.78721,729.8197272,6918.927726,basal
exp7,N248,N242,,,,B04,9-Day0-BCP13-K4-B04,p9,B04,135030.25,105137.7891,84169,51976.26172,106540.6094,31972,6623.321908,74.42689547,735.1991659,2325.880119,1415.035428,4224.645335,basal
exp7,N248,N242,,,,C04,9-Day0-BCP13-K4-C04,p9,C04,121863.2031,84412.40625,94612,31149.30078,89070.22656,22919,13794.29674,24.56003614,-161.0223545,692.400751,471.4198652,4777.042843,basal
exp7,N248,N242,,,,D04,9-Day0-BCP13-K4-D04,p9,D04,131656.6094,94802.36719,91013,37389.94141,99548.54688,24615,7207.281572,78.99209512,199.1781687,1593.42006,895.7499171,8858.096243,basal
exp7,N248,N242,,,,E04,9-Day0-BCP13-K4-E04,p9,E04,104450.3594,88440.03906,77400,39899.72266,88693.72656,29482,12695.83254,-74.21192499,-321.3488106,565.6792295,1643.708895,2458.797606,basal
exp7,N248,N242,,,,F04,9-Day0-BCP13-K4-F04,p9,F04,146810.8438,90252.75781,106605,45639.58203,100262.6719,29832,9983.016308,96.05841062,737.688323,1646.58962,1120.489549,6134.390966,basal
exp7,N248,N242,,,,G04,9-Day0-BCP13-K4-G04,p9,G04,,,,,,,,,,,,,basal
exp7,N248,N242,,,,H04,9-Day0-BCP13-K4-H04,p9,H04,131395.3281,89895.85938,95790,37156.69922,94099.29688,25878,15208.121,90.3251081,5.221168463,2008.986166,1399.74754,6667.709309,basal
exp7,N248,N242,,,,I04,9-Day0-BCP13-K4-I04,p9,I04,133268.4375,91459.99219,95494,55655.17969,108212.7109,33706,12350.86646,96.57681135,904.5685986,960.6583142,3616.688588,4060.3749,basal
exp7,N248,N242,,,,J04,9-Day0-BCP13-K4-J04,p9,J04,145679.25,90292.28125,105737,48484.51953,87195.22656,36441,16245.5869,47.76321886,578.2838265,1738.252496,1503.827534,6176.560381,basal
exp7,N248,N242,,,,K04,9-Day0-BCP13-K4-K04,p9,K04,127998.6797,94130.36719,89116,48685.42188,96321.45313,33125,19972.87345,62.29116944,272.7732796,1753.055616,1601.781777,7243.974817,basal
exp7,N248,N242,,,,L04,9-Day0-BCP13-K4-L04,p9,L04,138052.4375,88307.85938,102453,38478.72266,86254.67969,29236,6711.748648,100.462656,117.6067504,747.0246571,1646.071319,5076.662629,basal
exp7,N248,N242,,,,M04,9-Day0-BCP13-K4-M04,p9,M04,127438.3984,95412.10156,87534,48590.35938,96899.80469,32863,14528.83849,119.6579265,291.2525256,841.5553424,4050.179734,3048.807114,basal
exp7,N248,N242,,,,N04,9-Day0-BCP13-K4-N04,p9,N04,157179.25,110837.4453,92937,43079.82031,100451.1172,28106,10232.86991,99.19103599,326.3918677,2263.373299,2414.478387,5544.027635,basal
exp7,N248,N242,,,,O04,9-Day0-BCP13-K4-O04,p9,O04,117475.7188,95316.3125,80772,47815.17969,96782.25,32378,18826.12524,104.813545,320.0809993,716.2425695,1062.96107,5026.536621,basal
exp7,N248,N242,,,,P04,9-Day0-BCP13-K4-P04,p9,P04,147885.4063,98237.50781,98657,44358.72266,97737.13281,29744,16759.14448,83.76179447,184.4668515,1894.299365,1378.930607,8890.995683,basal
exp7,N248,N242,,,,A05,9-Day0-BCP13-K4-A05,p9,A05,73991,94251.94531,51448,69058.64063,87658.86719,51630,8978.462053,109.065257,63.17162,1088.09119,1028.567798,6990.538767,basal
exp7,N248,N242,,,,B05,9-Day0-BCP13-K4-B05,p9,B05,138385.4844,91983.76563,98596,41459.87891,94485.33594,28757,14601.70442,77.9910524,22.33811947,1110.945295,762.4324374,8001.119362,basal
exp7,N248,N242,,,,C05,9-Day0-BCP13-K4-C05,p9,C05,104231.3984,86209.66406,79236,28281.82031,82259.78906,22532,11219.18299,56.5973833,235.4157297,694.04463,444.899111,2771.747351,basal
exp7,N248,N242,,,,D05,9-Day0-BCP13-K4-D05,p9,D05,126291.1641,88466.99219,93556,37021.46094,92746.125,26160,6155.468328,16.47112217,121.4650397,1389.639853,702.2362027,6361.141957,basal
exp7,N248,N242,,,,E05,9-Day0-BCP13-K4-E05,p9,E05,132331.875,89133.40625,97298,43054.33984,89537.9375,31513,11597.17233,151.7460106,94.25358369,864.9992504,3594.177456,2893.369604,basal
exp7,N248,N242,,,,F05,9-Day0-BCP13-K4-F05,p9,F05,155929.8906,96391.30469,106016,52034.08203,96790.01563,35232,9092.997199,160.6797119,952.1988439,1265.740788,2093.263746,6902.761242,basal
exp7,N248,N242,,,,G05,9-Day0-BCP13-K4-G05,p9,G05,131997.9219,90310.96094,95787,47929.83984,96270.99219,32628,13444.77804,133.9957439,533.4094645,1314.199965,1045.382269,6571.906091,basal
exp7,N248,N242,,,,H05,9-Day0-BCP13-K4-H05,p9,H05,203024.6875,106337.0781,125125,91357.5625,129168.3047,46352,25991.63849,341.1029138,380.7404389,1734.835694,2839.473242,7699.430868,basal
exp7,N248,N242,,,,I05,9-Day0-BCP13-K4-I05,p9,I05,141373.6406,97473.625,95052,43829.51953,102173.7813,28113,17530.37491,52.75940344,142.4958066,518.1027125,828.1187376,8034.211413,basal
exp7,N248,N242,,,,J05,9-Day0-BCP13-K4-J05,p9,J05,126527.6016,91679.25,90447,53192.44141,81900.66406,42564,13823.98764,165.302208,247.3762571,1956.16162,2160.042129,5099.583317,basal
exp7,N248,N242,,,,K05,9-Day0-BCP13-K4-K05,p9,K05,162692.7969,101820.5078,104716,64193.92188,93572.35156,44960,22329.38384,130.0017895,54.33278263,1784.989279,1623.816817,2285.41326,basal
exp7,N248,N242,,,,L05,9-Day0-BCP13-K4-L05,p9,L05,89554.64063,86201.84375,68085,37586.92188,89343.75,27571,7675.187756,65.73965115,109.6888701,2233.961622,1723.780054,8179.887419,basal
exp7,N248,N242,,,,M05,9-Day0-BCP13-K4-M05,p9,M05,177174.5156,102517.2422,113262,51847.88281,100544.5391,33795,12834.74172,136.786174,202.5311486,2485.719852,4316.470994,7744.678515,basal
exp7,N248,N242,,,,N05,9-Day0-BCP13-K4-N05,p9,N05,131587.6094,89549.70313,96301,41953.80078,91989.83594,29889,14833.42395,49.5165582,1175.434451,732.6596853,2182.410438,4354.690934,basal
exp7,N248,N242,,,,O05,9-Day0-BCP13-K4-O05,p9,O05,155001.6094,98109.75,103539,65086.70313,104136.1797,40961,9405.169334,193.8285131,610.4390439,1476.135473,2700.12863,7024.35866,basal
exp7,N248,N242,,,,P05,9-Day0-BCP13-K4-P05,p9,P05,124131.9219,88982.21094,91424,36213.94141,98249.59375,24156,7243.758196,66.06917436,168.2121512,762.0161724,1456.997384,4132.89303,basal
exp7,N248,N242,,,,A06,9-Day0-BCP13-K4-A06,p9,A06,167547.6406,110200.75,99640,57793.54297,115470.7969,32801,17645.44772,23.90264487,462.1912859,1532.683648,1978.860175,6156.642774,basal
exp7,N248,N242,,,,B06,9-Day0-BCP13-K4-B06,p9,B06,98813.52344,85389.35156,75839,59760.40234,81528.32813,48038,5497.210658,50.00683312,552.2144876,866.7521229,858.56847,5713.196116,basal
exp7,N248,N242,,,,C06,9-Day0-BCP13-K4-C06,p9,C06,115366.1641,91129.35156,82966,68824.42188,91719.25,49177,4569.014815,83.03380438,143.4168468,1774.922738,3875.950666,5423.634542,basal
exp7,N248,N242,,,,D06,9-Day0-BCP13-K4-D06,p9,D06,116381.8438,86487.96094,88188,42355.60156,78401.83594,35405,14507.52667,87.53559151,705.7711475,396.6150245,1046.943573,4351.971945,basal
exp7,N248,N242,,,,E06,9-Day0-BCP13-K4-E06,p9,E06,128280.2031,94459.30469,89001,47493.74219,94009.17969,33109,16397.96893,46.88153352,1390.773204,1818.35871,717.2668926,6588.221541,basal
exp7,N248,N242,,,,F06,9-Day0-BCP13-K4-F06,p9,F06,158583.1563,105167.9453,98822,72678.75781,124707.4219,38194,16594.26719,188.3500499,495.8588877,992.8550429,1043.410121,4664.185969,basal
exp7,N248,N242,,,,G06,9-Day0-BCP13-K4-G06,p9,G06,137305.4063,88449,101736,39761.53906,87838.34375,29666,18675.17675,93.5985694,150.3057841,1425.00346,810.5667053,5200.10112,basal
exp7,N248,N242,,,,H06,9-Day0-BCP13-K4-H06,p9,H06,130029.125,98896.21094,86167,52160.5,97176.86719,35177,7035.706894,95.36987252,593.7322262,1903.459646,2347.525159,4661.354229,basal
exp7,N248,N242,,,,I06,9-Day0-BCP13-K4-I06,p9,I06,138723.125,90207.27344,100783,54491.92188,92532.0625,38594,8527.329061,138.8530478,544.393915,1218.741662,1669.640236,7592.270996,basal
exp7,N248,N242,,,,J06,9-Day0-BCP13-K4-J06,p9,J06,102255.2422,83084.125,80658,32271.40039,80864.82031,26154,14460.43103,68.42811689,97.31615969,532.8915886,1350.547382,5653.013915,basal
exp7,N248,N242,,,,K06,9-Day0-BCP13-K4-K06,p9,K06,181337.5156,137379.3281,86506,76695.78125,137534.4844,36546,13506.44781,123.6511196,-62.66851851,1075.239487,1736.324557,4478.322565,basal
exp7,N248,N242,,,,L06,9-Day0-BCP13-K4-L06,p9,L06,135440.5625,88615.22656,100166,56682.22266,96750.25781,38395,18524.40878,78.13073585,179.0852732,1024.988619,1651.497449,6838.330528,basal
exp7,N248,N242,,,,M06,9-Day0-BCP13-K4-M06,p9,M06,127611.3594,90568.96875,92340,33828.62109,93741.75781,23650,8307.576589,97.90617295,494.5869442,975.8041246,950.9726617,4727.59571,basal
exp7,N248,N242,,,,N06,9-Day0-BCP13-K4-N06,p9,N06,138483,91882.69531,98774,52347.67969,94106.64063,36455,13828.86043,107.8425089,355.5471263,718.3971305,2504.351704,5879.52484,basal
exp7,N248,N242,,,,O06,9-Day0-BCP13-K4-O06,p9,O06,125025.2422,103314.3516,79308,47500.60156,94752.53125,32854,13469.7545,111.1478272,305.970535,1297.233426,3993.801806,3550.239915,basal
exp7,N248,N242,,,,P06,9-Day0-BCP13-K4-P06,p9,P06,124639.7656,91289.39844,89478,67523.96094,139145.6875,31803,6691.661348,210.4733615,418.2444265,1002.296873,2310.721418,6646.530667,basal
exp7,N248,N242,,,,A07,9-Day0-BCP13-K4-A07,p9,A07,143173.1563,97795.55469,95945,50400.42188,101628.9453,32501,14436.42557,154.2013958,335.1819299,909.5516205,698.8305149,5685.402004,basal
exp7,N248,N242,,,,B07,9-Day0-BCP13-K4-B07,p9,B07,116331.2422,85834.25781,88821,37267.44141,100690.9297,24256,6571.154369,58.05927664,1166.546903,877.181924,670.2769457,5277.141414,basal
exp7,N248,N242,,,,C07,9-Day0-BCP13-K4-C07,p9,C07,130441.2813,92077.85938,92841,66624.32031,101073.8984,43199,17343.1798,147.435967,1226.194964,1323.018936,2285.440955,5794.746804,basal
exp7,N248,N242,,,,D07,9-Day0-BCP13-K4-D07,p9,D07,157079.8906,94256.28906,109217,45945.33984,93158.64063,32322,15440.72113,94.67751949,359.4163402,1141.764347,2486.798403,7045.928743,basal
exp7,N248,N242,,,,E07,9-Day0-BCP13-K4-E07,p9,E07,177580.25,112558.7422,103394,143848.3281,115462.0469,81648,11492.41379,362.7825737,1165.743358,1323.120228,1510.454514,1745.311965,basal
exp7,N248,N242,,,,F07,9-Day0-BCP13-K4-F07,p9,F07,159706.4844,101501.4297,103117,56091.28125,102718.8203,35787,10111.69187,152.5966596,647.4351765,1439.551406,2970.77639,7200.334227,basal
exp7,N248,N242,,,,G07,9-Day0-BCP13-K4-G07,p9,G07,136499.4844,91982.125,97254,38226.85938,84705.01563,29576,14103.44702,72.40066171,351.3295132,570.5267274,772.8067148,5656.936006,basal
exp7,N248,N242,,,,H07,9-Day0-BCP13-K4-H07,p9,H07,115485.7656,87439.20313,86557,39751.74219,81074.60156,32133,14524.64464,16.21808305,186.5136374,1356.392482,711.2203337,5825.87246,basal
exp7,N248,N242,,,,I07,9-Day0-BCP13-K4-I07,p9,I07,191561.4844,105152.6406,119390,46988.0625,107042.875,28768,12241.22718,37.15056048,252.4602072,1880.958399,4989.010656,6835.498494,basal
exp7,N248,N242,,,,J07,9-Day0-BCP13-K4-J07,p9,J07,124616.7656,96125.10156,84961,50169.14063,112989.6172,29099,11437.97572,133.5649988,350.7731044,463.5364655,2575.631539,5633.459745,basal
exp7,N248,N242,,,,K07,9-Day0-BCP13-K4-K07,p9,K07,141005.6406,98320.49219,93988,37024.40234,101274.3125,23959,8266.812972,60.60469627,1157.774735,1020.973011,2092.589724,5484.934483,basal
exp7,N248,N242,,,,L07,9-Day0-BCP13-K4-L07,p9,L07,163199.7188,101125.6875,105764,41699,103416.6719,26425,17050.57107,60.34181154,452.9069881,1512.691073,1211.886254,7951.011908,basal
exp7,N248,N242,,,,M07,9-Day0-BCP13-K4-M07,p9,M07,130486.3594,87114.98438,98164,41071.80078,88289.48438,30487,9144.971903,75.28604975,112.2292362,1016.70392,3040.00318,3387.639915,basal
exp7,N248,N242,,,,N07,9-Day0-BCP13-K4-N07,p9,N07,162303.6406,103885.5,102389,52615.22266,100650.6797,34259,18333.38877,169.0336908,457.3642825,1784.213378,1392.575123,8995.008427,basal
exp7,N248,N242,,,,O07,9-Day0-BCP13-K4-O07,p9,O07,155268.4063,122750.75,82897,72315.17969,134028.5,35360,5990.91138,172.8585091,1183.190355,545.4304989,1176.610033,3163.007318,basal
exp7,N248,N242,,,,P07,9-Day0-BCP13-K4-P07,p9,P07,119357.125,85743.29688,91228,32024.44141,92615.23438,22661,9609.838332,57.81107877,658.9562526,2631.949475,779.4190109,4741.180322,basal
exp7,N248,N242,,,,A08,9-Day0-BCP13-K4-A08,p9,A08,128431.0859,98723.39063,85257,44038.26172,105578.4219,27336,16035.78396,76.98585097,630.75241,1076.551134,1300.624491,4716.213362,basal
exp7,N248,N242,,,,B08,9-Day0-BCP13-K4-B08,p9,B08,157423.9688,96773.60938,106609,54770.24219,101344.5859,35418,8832.286502,82.35755233,271.9251162,1696.962114,2470.163731,7520.200349,basal
exp7,N248,N242,,,,C08,9-Day0-BCP13-K4-C08,p9,C08,139334,97947.94531,93227,56575.40234,120216.7656,30842,9772.096568,109.3513255,852.051019,1492.835523,1919.264402,5521.129595,basal
exp7,N248,N242,,,,D08,9-Day0-BCP13-K4-D08,p9,D08,112481.9609,91250.96875,80784,43506.12109,94970.92188,30022,11809.1174,67.82643079,199.6157119,637.0697788,1853.203722,2881.881237,basal
exp7,N248,N242,,,,E08,9-Day0-BCP13-K4-E08,p9,E08,82520.32031,98550.39844,54876,47764.22266,88563.48438,35345,14549.57165,88.71343467,-1.866461553,1684.69599,2841.322541,5326.546428,basal
exp7,N248,N242,,,,F08,9-Day0-BCP13-K4-F08,p9,F08,136735.9219,92649.22656,96721,38201.37891,92515.63281,27061,15675.05067,33.76492372,463.6722461,692.9309606,597.7590546,3319.230706,basal
exp7,N248,N242,,,,G08,9-Day0-BCP13-K4-G08,p9,G08,138493.125,97271.27344,93309,39064.76172,93303.25781,27439,14494.64232,101.3321094,697.2969752,778.6807782,1538.226227,6095.291913,basal
exp7,N248,N242,,,,H08,9-Day0-BCP13-K4-H08,p9,H08,120601.8828,92359.60156,85576,47842.62109,95893.03125,32697,6095.070941,11.55520771,1386.69085,1374.824889,663.6971146,7634.818733,basal
exp7,N248,N242,,,,I08,9-Day0-BCP13-K4-I08,p9,I08,194001.3281,100541.4531,126456,90407.94531,93714.02344,63224,25959.47215,199.0902683,1176.129575,2491.205318,2438.374956,8129.800247,basal
exp7,N248,N242,,,,J08,9-Day0-BCP13-K4-J08,p9,J08,147066.6094,112675.5938,85539,46196.22266,124481.5469,24321,7295.78046,103.3929798,481.4276524,1767.150859,2344.568543,6086.596321,basal
exp7,N248,N242,,,,K08,9-Day0-BCP13-K4-K08,p9,K08,134090.9219,94119.85156,93368,64717.24219,93037.69531,45587,9910.894645,171.2854301,265.8205675,1169.748789,1477.951988,4530.562889,basal
exp7,N248,N242,,,,L08,9-Day0-BCP13-K4-L08,p9,L08,171429.125,103523.4609,108524,94706.21875,105119.3516,59044,30914.028,150.6423949,356.292107,1272.897724,887.5596657,10336.59549,basal
exp7,N248,N242,,,,M08,9-Day0-BCP13-K4-M08,p9,M08,170252.4375,103974.0547,107312,55144.60156,100129.0234,36093,9957.799733,80.06732891,489.933548,1478.320638,1558.932001,9561.620303,basal
exp7,N248,N242,,,,N08,9-Day0-BCP13-K4-N08,p9,N08,120453.7656,90749.85938,86987,40458.32031,84582,31348,20226.95727,21.75239017,-98.46190766,1095.824055,318.4214932,4892.418549,basal
exp7,N248,N242,,,,O08,9-Day0-BCP13-K4-O08,p9,O08,115023,113963.9766,66145,42473.19922,94098.35938,29581,13054.61987,109.8647984,447.3630418,1219.29828,754.0695392,5304.923461,basal
exp7,N248,N242,,,,P08,9-Day0-BCP13-K4-P08,p9,P08,146113.4844,94561.67188,101264,42106.67969,100108.9609,27565,16627.81227,139.7695696,152.5052906,1226.282282,1025.446517,5604.235924,basal
exp7,N248,N242,,,,A09,9-Day0-BCP13-K4-A09,p9,A09,96684.64063,84267.48438,75193,32389,84973.80469,24980,9610.003084,103.0309708,70.89289332,1549.119656,437.603753,3566.933345,basal
exp7,N248,N242,,,,B09,9-Day0-BCP13-K4-B09,p9,B09,114689.9609,94845.57031,79248,44259.74219,100575.8125,28840,15474.48003,74.25587191,99.90431188,1241.119782,556.9556428,7963.288754,basal
exp7,N248,N242,,,,C09,9-Day0-BCP13-K4-C09,p9,C09,110330.0781,89300.74219,80969,30380.98047,93296.83594,21341,7547.606264,114.0107863,-21.86768105,500.1960258,678.4630173,3998.379706,basal
exp7,N248,N242,,,,D09,9-Day0-BCP13-K4-D09,p9,D09,138201.4844,91515.25,98969,58169.85938,82195.34375,46380,17153.2864,135.2174574,518.2712323,995.7473992,1675.64934,4683.127378,basal
exp7,N248,N242,,,,E09,9-Day0-BCP13-K4-E09,p9,E09,135862.8438,89376.92188,99622,52222.24219,89750.01563,38133,8277.298644,85.56743953,1160.902466,2392.211944,1048.134694,8347.342897,basal
exp7,N248,N242,,,,F09,9-Day0-BCP13-K4-F09,p9,F09,136831.6094,91953.49219,97521,37195.90234,88212.73438,27634,5018.079291,115.0713626,445.2232023,610.664539,488.8709249,5846.832103,basal
exp7,N248,N242,,,,G09,9-Day0-BCP13-K4-G09,p9,G09,111297,84113.19531,86716,31389.40039,91338.94531,22522,6378.099428,39.57581089,290.9139141,475.5269935,837.117063,3203.391982,basal
exp7,N248,N242,,,,H09,9-Day0-BCP13-K4-H09,p9,H09,111970.4453,93065.16406,78849,46621.53906,91938.41406,33233,12779.9676,72.05703021,97.28314503,690.7863988,2091.529284,5420.316632,basal
exp7,N248,N242,,,,I09,9-Day0-BCP13-K4-I09,p9,I09,174428.3281,110231.4922,103703,91651.5625,102736.2734,58465,25870.27709,107.3184861,-347.033648,1339.175184,4826.680484,8525.761275,basal
exp7,N248,N242,,,,J09,9-Day0-BCP13-K4-J09,p9,J09,152499.2031,92850.85938,107637,43454.17969,87337.47656,32607,17755.44461,77.62845641,185.1137089,1512.03522,2764.95776,6624.374696,basal
exp7,N248,N242,,,,K09,9-Day0-BCP13-K4-K09,p9,K09,126822,86591.58594,95984,31056.20117,87194.71875,23342,5099.814422,67.42741212,191.4700964,836.1946522,3187.307103,4653.134449,basal
exp7,N248,N242,,,,L09,9-Day0-BCP13-K4-L09,p9,L09,145602.875,96809.57813,98567,44535.12109,101791.0078,28673,16681.00894,56.16923263,153.3485319,2005.543867,1830.177273,5689.996646,basal
exp7,N248,N242,,,,M09,9-Day0-BCP13-K4-M09,p9,M09,143409.6094,96607.8125,97285,39201.96094,99232.89844,25890,15859.80023,101.3637045,476.3193843,684.5772503,3080.176345,4519.381049,basal
exp7,N248,N242,,,,N09,9-Day0-BCP13-K4-N09,p9,N09,146356.3594,101687.9063,94324,53632.46094,109459.6016,32111,8871.697371,52.47787515,909.0123502,1223.313248,1362.305575,4503.071282,basal
exp7,N248,N242,,,,O09,9-Day0-BCP13-K4-O09,p9,O09,143564.1563,93308.02344,100834,36945.01953,93747.96875,25827,16781.11028,96.36972519,134.2625846,1754.163568,1111.837344,7375.607097,basal
exp7,N248,N242,,,,P09,9-Day0-BCP13-K4-P09,p9,P09,152649.1563,96521.9375,103645,42899.5,91701.02344,30659,9862.484815,97.23796967,243.6679759,1607.812397,1314.440575,6680.157409,basal
exp7,N248,N242,,,,A10,9-Day0-BCP13-K4-A10,p9,A10,115033.125,93379.54688,80733,43762.87891,94573.78125,30326,11313.89532,112.1321639,704.5306128,778.0805176,1231.626522,4123.8947,basal
exp7,N248,N242,,,,B10,9-Day0-BCP13-K4-B10,p9,B10,107674.0391,89580.51563,78773,35883.67969,91366.13281,25739,16890.30101,26.77608063,30.74713039,547.3172848,380.7466309,4317.617038,basal
exp7,N248,N242,,,,C10,9-Day0-BCP13-K4-C10,p9,C10,144278.0781,96536.94531,97946,42395.78125,103268.9063,26905,18919.49959,45.98398367,677.9710386,1414.554468,888.8159194,6002.168871,basal
exp7,N248,N242,,,,D10,9-Day0-BCP13-K4-D10,p9,D10,122472.2422,90432.54688,88755,47100.76172,94146.94531,32787,13756.32885,80.87164486,287.6313685,417.6537826,3039.340863,3589.693745,basal
exp7,N248,N242,,,,E10,9-Day0-BCP13-K4-E10,p9,E10,143875.125,91979.47656,102512,27180.30078,99136.70313,17968,15211.1739,-35.15927033,29.92235851,465.8757893,351.7349093,4308.381645,basal
exp7,N248,N242,,,,F10,9-Day0-BCP13-K4-F10,p9,F10,162554.7969,104200.9297,102237,39898.74219,97797.21094,26737,15536.29637,-340.1253067,-2918.889429,1529.074203,-897.1829845,5589.218547,basal
exp7,N248,N242,,,,G10,9-Day0-BCP13-K4-G10,p9,G10,108282.1641,83466.19531,85021,55966.82031,85318.47656,42990,14287.11675,75.35589323,681.4507845,755.9494057,837.159307,4806.205538,basal
exp7,N248,N242,,,,H10,9-Day0-BCP13-K4-H10,p9,H10,172123.7188,128516.7422,87773,68329.52344,118730.6094,37716,14608.07209,48.04576555,97.83469547,3584.325291,1464.314425,13421.767,basal
exp7,N248,N242,,,,I10,9-Day0-BCP13-K4-I10,p9,I10,136677.0469,95746.39063,93552,66487.125,105926.8359,41135,17787.43427,122.9962658,204.7573405,466.2622818,2897.656353,5428.997096,basal
exp7,N248,N242,,,,J10,9-Day0-BCP13-K4-J10,p9,J10,136715.6875,100436.0547,89209,56243.17969,99711.98438,36966,10158.79217,86.95894081,320.3884826,764.0035874,1855.994436,7291.435108,basal
exp7,N248,N242,,,,K10,9-Day0-BCP13-K4-K10,p9,K10,167693.9219,129793.3125,84673,86448.74219,94089.49219,60214,19299.33096,200.7630246,843.5954232,1499.106254,1359.662172,6748.005355,basal
exp7,N248,N242,,,,L10,9-Day0-BCP13-K4-L10,p9,L10,108440.3984,82010.11719,86657,33877.62109,86446.4375,25683,5601.427581,94.04704397,549.4259833,1347.577972,1320.097756,4993.18029,basal
exp7,N248,N242,,,,M10,9-Day0-BCP13-K4-M10,p9,M10,111193.0391,86334.46875,84406,43998.08203,82722.50781,34857,13792.49807,72.29522867,655.2901142,990.0715006,1385.378786,6386.2691,basal
exp7,N248,N242,,,,N10,9-Day0-BCP13-K4-N10,p9,N10,128908.5625,90026.22656,93841,32791.78125,90148.16406,23839,5206.0028,44.86213655,1165.556616,876.4521684,1120.397887,4162.469272,basal
exp7,N248,N242,,,,O10,9-Day0-BCP13-K4-O10,p9,O10,206225.3594,136988.875,98659,101547.6016,117428.4688,56673,12996.93043,-119.4137011,166.635061,2100.869025,4172.330948,7916.085832,basal
exp7,N248,N242,,,,P10,9-Day0-BCP13-K4-P10,p9,P10,126054.7188,95791.11719,86241,45936.51953,90882.89844,33125,12800.36174,-195.7831067,-1072.726634,1348.546565,-726.1337665,4254.645049,basal
exp7,N248,N242,,,,A11,9-Day0-BCP13-K4-A11,p9,A11,149911.25,106018.0313,92669,45312.26172,107687.2891,27576,14755.9463,100.9923398,959.4409889,1451.281142,1634.97408,5000.995023,basal
exp7,N248,N242,,,,B11,9-Day0-BCP13-K4-B11,p9,B11,120687.4453,96332.40625,82105,52507.42188,92835.30469,37067,9487.351309,81.51865967,345.7814289,2715.491638,1281.407241,6925.768246,basal
exp7,N248,N242,,,,C11,9-Day0-BCP13-K4-C11,p9,C11,132415.6094,97323.97656,89166,51795.94141,119495.1563,28407,11041.10535,-5.764593926,156.9566039,660.3774327,1260.501323,5537.689178,basal
exp7,N248,N242,,,,D11,9-Day0-BCP13-K4-D11,p9,D11,142819.875,97546.125,95953,50574.85938,95868.86719,34573,15312.57395,91.38780985,242.045151,1362.690556,2140.302822,6230.189174,basal
exp7,N248,N242,,,,E11,9-Day0-BCP13-K4-E11,p9,E11,114233.6406,88561,84534,32225.33984,85364.58594,24740,10838.50086,12.91790568,136.6526636,1414.943962,563.495272,5154.482558,basal
exp7,N248,N242,,,,F11,9-Day0-BCP13-K4-F11,p9,F11,206007.3281,111962.5859,120584,59113.60156,111272.6563,34816,24218.72778,107.6757177,143.6549294,1748.919569,433.0057244,11046.10671,basal
exp7,N248,N242,,,,G11,9-Day0-BCP13-K4-G11,p9,G11,140221.7969,93188.28125,98613,46813.62109,94202.20313,32568,18865.69352,154.1610059,590.8576509,1975.388571,2252.659781,6834.006321,basal
exp7,N248,N242,,,,H11,9-Day0-BCP13-K4-H11,p9,H11,114331.1641,93730.38281,79940,54443.90234,102294.6016,34880,8652.114835,91.33864155,114.5702605,727.481823,2116.476923,2951.56403,basal
exp7,N248,N242,,,,I11,9-Day0-BCP13-K4-I11,p9,I11,98340.64063,90694.64844,71061,76757.52344,89658.51563,56106,8284.781,177.0598948,284.5177285,1454.852923,1416.881983,6562.741871,basal
exp7,N248,N242,,,,J11,9-Day0-BCP13-K4-J11,p9,J11,126181.6797,103228.6797,80108,48544.30078,92493.28906,34396,6395.865226,83.34190153,198.7034574,970.2879081,3465.635725,2522.53541,basal
exp7,N248,N242,,,,K11,9-Day0-BCP13-K4-K11,p9,K11,145353.5625,93018.10938,102409,68463.78125,88146.6875,50902,6852.583766,74.2899498,1074.847358,1296.534016,3253.256494,4672.771534,basal
exp7,N248,N242,,,,L11,9-Day0-BCP13-K4-L11,p9,L11,131250.875,93427.21875,92068,33622.82031,89861.96875,24521,14614.04466,76.95547232,307.9727834,1218.728624,911.0806028,6006.24184,basal
exp7,N248,N242,,,,M11,9-Day0-BCP13-K4-M11,p9,M11,120112.4453,98252.42188,80117,47525.10156,116043.4063,26840,2163.818802,89.0314553,199.6081167,939.7366311,4710.511881,2709.738296,basal
exp7,N248,N242,,,,N11,9-Day0-BCP13-K4-N11,p9,N11,148323.3281,94223.00781,103165,47861.24219,104068.8125,30140,10274.75183,80.98462336,1203.638094,2291.893787,1520.413683,10144.85237,basal
exp7,N248,N242,,,,O11,9-Day0-BCP13-K4-O11,p9,O11,128545.1641,91188.25781,92384,39750.76172,88329.63281,29493,6069.114258,37.7295786,42.91806296,1296.259244,1847.745398,4181.405747,basal
exp7,N248,N242,,,,P11,9-Day0-BCP13-K4-P11,p9,P11,139587,96966.08594,94342,36716.67969,92520.16406,26008,2676.132711,-21.43646846,150.9639382,666.8986413,803.1152085,9919.298541,basal
exp7,N248,N242,,,,A12,9-Day0-BCP13-K4-A12,p9,A12,130304.2031,86042.33594,99249,37742.74219,88837.71094,27843,6120.132444,30.05743598,423.5917772,707.9524319,961.9006041,5848.821585,basal
exp7,N248,N242,,,,B12,9-Day0-BCP13-K4-B12,p9,B12,101693.125,87538.39844,76133,54079.33984,93149.27344,38048,3085.633989,71.56098018,112.4713411,1089.069374,4470.253267,5776.888128,basal
exp7,N248,N242,,,,C12,9-Day0-BCP13-K4-C12,p9,C12,108678.6797,84552.52344,84236,28019.17969,84988.65625,21606,14230.88386,51.77666945,605.5102506,650.3624628,1251.379795,2603.281246,basal
exp7,N248,N242,,,,D12,9-Day0-BCP13-K4-D12,p9,D12,106590.2813,86806.60156,80472,34961.5,86448.71875,26504,7731.947725,83.9336586,108.8167677,662.14598,630.7820371,4580.814959,basal
exp7,N248,N242,,,,E12,9-Day0-BCP13-K4-E12,p9,E12,134373.3594,85606.86719,102869,40325.03906,93054.29688,28400,6408.23208,57.52692032,524.634693,2490.962115,1239.483756,7496.005402,basal
exp7,N248,N242,,,,F12,9-Day0-BCP13-K4-F12,p9,F12,125169.6797,88142.09375,93067,33926.62109,89545.51563,24830,11397.11551,-58.55158123,-530.2852068,468.3971537,-113.8324353,4507.279252,basal
exp7,N248,N242,,,,G12,9-Day0-BCP13-K4-G12,p9,G12,130030.9609,82467.625,103334,55805.12109,79281.25781,46130,14892.68216,198.4188267,231.1722368,639.1012066,1977.377933,5940.049678,basal
exp7,N248,N242,,,,H12,9-Day0-BCP13-K4-H12,p9,H12,124742.8047,95468.34375,85632,33495.42188,106981.6328,20519,10932.6968,47.22805487,-420.3791073,949.8266052,918.8539356,4538.759184,basal
exp7,N248,N242,,,,I12,9-Day0-BCP13-K4-I12,p9,I12,112089.125,86706.63281,84721,42689.78125,82472.59375,33923,14356.63747,60.55700299,88.20899822,2404.521099,635.1068492,3634.64169,basal
exp7,N248,N242,,,,J12,9-Day0-BCP13-K4-J12,p9,J12,107390.6797,88207.08594,79789,43871.66016,85104.57813,33784,9782.054958,32.40837493,237.6923585,1100.367387,3826.055191,2798.74801,basal
exp7,N248,N242,,,,K12,9-Day0-BCP13-K4-K12,p9,K12,148132.875,101622.9063,95530,54166.5625,98620.92188,35995,17909.07447,79.36523854,258.8891231,595.3841525,1987.389875,5947.70497,basal
exp7,N248,N242,,,,L12,9-Day0-BCP13-K4-L12,p9,L12,105866.2422,85481.86719,81164,53304.16016,80098.63281,43613,14700.08397,97.57356398,115.4257089,2310.048045,1079.695713,3632.275881,basal
exp7,N248,N242,,,,M12,9-Day0-BCP13-K4-M12,p9,M12,134696.2813,93738.58594,94171,35652.40234,107440.8359,21747,3835.069527,19.48359072,522.5360866,852.5176602,818.3039161,3216.56603,basal
exp7,N248,N242,,,,N12,9-Day0-BCP13-K4-N12,p9,N12,131569.2031,87242.44531,98834,45769.92188,92748.45313,32341,16150.65926,65.85036035,333.595663,436.7334712,4610.744169,5878.403231,basal
exp7,N248,N242,,,,O12,9-Day0-BCP13-K4-O12,p9,O12,112494.8438,94324.05469,78161,55009.35938,94130.22656,38299,15365.38254,169.8676253,-16.74660638,540.1057914,2358.764783,4590.248094,basal
exp7,N248,N242,,,,P12,9-Day0-BCP13-K4-P12nocell,p9,P12,,,,,,,,,,,,,